{
    "commit": "28052c38694536bbf02dae5ef61741f5ff9ec7d3",
    "start_epoch": 1760772626.879074,
    "end_epoch": 1760772716.057216,
    "elapsed_seconds": 89.178142,
    "model": "gpt-4-0125-preview",
    "input_cost_per_token": 1e-05,
    "output_cost_per_token": 3e-05,
    "total_input_tokens": 12055,
    "total_output_tokens": 3282,
    "total_tokens": 15337,
    "total_cost": 0.21900999999999998
}