{
    "commit": "efa8911c76da8a32ab908b0ac762b489082d464e",
    "start_epoch": 1760496915.487507,
    "end_epoch": 1760496959.98957,
    "elapsed_seconds": 44.502063,
    "model": "gpt-4-0125-preview",
    "input_cost_per_token": 1e-05,
    "output_cost_per_token": 3e-05,
    "total_input_tokens": 7727,
    "total_output_tokens": 1660,
    "total_tokens": 9387,
    "total_cost": 0.12707000000000002
}