{
    "commit": "912e69e42c1e3bd00f052ffc2bf9361555bcb893",
    "start_epoch": 1760815725.841411,
    "end_epoch": 1760815785.305505,
    "elapsed_seconds": 59.464094,
    "model": "gpt-4-0125-preview",
    "input_cost_per_token": 1e-05,
    "output_cost_per_token": 3e-05,
    "total_input_tokens": 6261,
    "total_output_tokens": 1758,
    "total_tokens": 8019,
    "total_cost": 0.11535000000000001
}