{
    "commit": "723fd15fcc12e85d1e131e37249b22df6384831c",
    "start_epoch": 1760582519.58587,
    "end_epoch": 1760582653.998491,
    "elapsed_seconds": 134.412621,
    "model": "gpt-4-0125-preview",
    "input_cost_per_token": 1e-05,
    "output_cost_per_token": 3e-05,
    "total_input_tokens": 23389,
    "total_output_tokens": 4304,
    "total_tokens": 27693,
    "total_cost": 0.36301000000000005
}