{
    "commit": "fccdd2fb01525a6e04f3f080d97ca0deb3e10cdd",
    "start_epoch": 1760540637.125232,
    "end_epoch": 1760540747.948235,
    "elapsed_seconds": 110.823003,
    "model": "gpt-4-0125-preview",
    "input_cost_per_token": 1e-05,
    "output_cost_per_token": 3e-05,
    "total_input_tokens": 28909,
    "total_output_tokens": 3418,
    "total_tokens": 32327,
    "total_cost": 0.39163000000000003
}