{
    "commit": "d6be75ce048e6be9e96295b1e9dc17ad3cd6424f",
    "start_epoch": 1760740023.958513,
    "end_epoch": 1760740121.857063,
    "elapsed_seconds": 97.89855,
    "model": "gpt-4-0125-preview",
    "input_cost_per_token": 1e-05,
    "output_cost_per_token": 3e-05,
    "total_input_tokens": 13401,
    "total_output_tokens": 3949,
    "total_tokens": 17350,
    "total_cost": 0.25248000000000004
}