{
    "commit": "15325aa2ce1c673bbe881fb4aa775aa91b7c1453",
    "start_epoch": 1760573380.962181,
    "end_epoch": 1760573444.340052,
    "elapsed_seconds": 63.377871,
    "model": "gpt-4-0125-preview",
    "input_cost_per_token": 1e-05,
    "output_cost_per_token": 3e-05,
    "total_input_tokens": 6603,
    "total_output_tokens": 2362,
    "total_tokens": 8965,
    "total_cost": 0.13689
}