{
    "commit": "0fe17bbd338de6c29fb333384f1b8d2cd6805ab1",
    "start_epoch": 1760732249.09038,
    "end_epoch": 1760732354.221797,
    "elapsed_seconds": 105.131417,
    "model": "gpt-4-0125-preview",
    "input_cost_per_token": 1e-05,
    "output_cost_per_token": 3e-05,
    "total_input_tokens": 12872,
    "total_output_tokens": 3516,
    "total_tokens": 16388,
    "total_cost": 0.23420000000000002
}