{
    "commit": "4541b48200999597b441603f1cf7418bfffe6834",
    "start_epoch": 1760703263.530397,
    "end_epoch": 1760703359.384299,
    "elapsed_seconds": 95.853902,
    "model": "gpt-4-0125-preview",
    "input_cost_per_token": 1e-05,
    "output_cost_per_token": 3e-05,
    "total_input_tokens": 10107,
    "total_output_tokens": 3560,
    "total_tokens": 13667,
    "total_cost": 0.20787
}