{
    "commit": "3cf3af4bbbd2b29d2ed41913cbc6e0ba2ae8cd59",
    "start_epoch": 1760798747.096246,
    "end_epoch": 1760798836.213661,
    "elapsed_seconds": 89.117415,
    "model": "gpt-4-0125-preview",
    "input_cost_per_token": 1e-05,
    "output_cost_per_token": 3e-05,
    "total_input_tokens": 10917,
    "total_output_tokens": 3656,
    "total_tokens": 14573,
    "total_cost": 0.21885000000000002
}