{
    "commit": "98927a6bd5d6c0b19ffbc3c4487ebdc978889060",
    "start_epoch": 1760748818.432198,
    "end_epoch": 1760748865.310907,
    "elapsed_seconds": 46.878709,
    "model": "gpt-4-0125-preview",
    "input_cost_per_token": 1e-05,
    "output_cost_per_token": 3e-05,
    "total_input_tokens": 5303,
    "total_output_tokens": 1784,
    "total_tokens": 7087,
    "total_cost": 0.10655
}