{
    "commit": "74c61f5d70ed7ad48e4a183756ba5ab9a3c164de",
    "start_epoch": 1760506088.882726,
    "end_epoch": 1760506171.326575,
    "elapsed_seconds": 82.443849,
    "model": "gpt-4-0125-preview",
    "input_cost_per_token": 1e-05,
    "output_cost_per_token": 3e-05,
    "total_input_tokens": 14770,
    "total_output_tokens": 2996,
    "total_tokens": 17766,
    "total_cost": 0.23758
}