{
    "commit": "b1d4fde3b91852944937ddeedfcd36a5958b3c39",
    "start_epoch": 1760790766.74172,
    "end_epoch": 1760790819.5246,
    "elapsed_seconds": 52.78288,
    "model": "gpt-4-0125-preview",
    "input_cost_per_token": 1e-05,
    "output_cost_per_token": 3e-05,
    "total_input_tokens": 8499,
    "total_output_tokens": 1975,
    "total_tokens": 10474,
    "total_cost": 0.14424
}