{
    "commit": "3cb3bae9a41181bea32c18b11203824d2bce356c",
    "start_epoch": 1760700268.374773,
    "end_epoch": 1760700337.384502,
    "elapsed_seconds": 69.009729,
    "model": "gpt-4-0125-preview",
    "input_cost_per_token": 1e-05,
    "output_cost_per_token": 3e-05,
    "total_input_tokens": 17978,
    "total_output_tokens": 2513,
    "total_tokens": 20491,
    "total_cost": 0.25517000000000006
}