{
    "commit": "23c4220c1c2bd82fddbe8fb9eecd16eab3794b9f",
    "start_epoch": 1760533735.619866,
    "end_epoch": 1760533861.291917,
    "elapsed_seconds": 125.672051,
    "model": "gpt-4-0125-preview",
    "input_cost_per_token": 1e-05,
    "output_cost_per_token": 3e-05,
    "total_input_tokens": 26180,
    "total_output_tokens": 3875,
    "total_tokens": 30055,
    "total_cost": 0.37805
}