{
    "commit": "f1007250c21d288472d14bf0dc1d5fc68f3524ef",
    "start_epoch": 1760792028.731652,
    "end_epoch": 1760792105.756984,
    "elapsed_seconds": 77.025332,
    "model": "gpt-4-0125-preview",
    "input_cost_per_token": 1e-05,
    "output_cost_per_token": 3e-05,
    "total_input_tokens": 8811,
    "total_output_tokens": 3053,
    "total_tokens": 11864,
    "total_cost": 0.1797
}