{
    "commit": "2dfa780110f1edea437cda7c123bdb9688109d07",
    "start_epoch": 1760808195.586649,
    "end_epoch": 1760808312.972959,
    "elapsed_seconds": 117.38631,
    "model": "gpt-4-0125-preview",
    "input_cost_per_token": 1e-05,
    "output_cost_per_token": 3e-05,
    "total_input_tokens": 31104,
    "total_output_tokens": 4370,
    "total_tokens": 35474,
    "total_cost": 0.44214000000000003
}