{
    "commit": "847bae159ac20a1f9d693a0fdad55e697dd36adb",
    "start_epoch": 1760582175.43222,
    "end_epoch": 1760582452.595306,
    "elapsed_seconds": 277.163086,
    "model": "gpt-4-0125-preview",
    "input_cost_per_token": 1e-05,
    "output_cost_per_token": 3e-05,
    "total_input_tokens": 135425,
    "total_output_tokens": 7033,
    "total_tokens": 142458,
    "total_cost": 1.5652399999999995
}