{
    "commit": "c72dc89edd249ba11188fa688dfe597a43375af4",
    "start_epoch": 1760820747.855232,
    "end_epoch": 1760820811.351474,
    "elapsed_seconds": 63.496242,
    "model": "gpt-4-0125-preview",
    "input_cost_per_token": 1e-05,
    "output_cost_per_token": 3e-05,
    "total_input_tokens": 6240,
    "total_output_tokens": 1955,
    "total_tokens": 8195,
    "total_cost": 0.12105
}