{
    "commit": "77998f48050fd7adbc476e84405676e4ab11b31e",
    "start_epoch": 1760791803.262086,
    "end_epoch": 1760791840.960498,
    "elapsed_seconds": 37.698412,
    "model": "gpt-4-0125-preview",
    "input_cost_per_token": 1e-05,
    "output_cost_per_token": 3e-05,
    "total_input_tokens": 5239,
    "total_output_tokens": 1289,
    "total_tokens": 6528,
    "total_cost": 0.09106
}