{
    "commit": "da3aee7820a28412b7162720a0b32e37213e3514",
    "start_epoch": 1760788250.071298,
    "end_epoch": 1760788294.722521,
    "elapsed_seconds": 44.651223,
    "model": "gpt-4-0125-preview",
    "input_cost_per_token": 1e-05,
    "output_cost_per_token": 3e-05,
    "total_input_tokens": 6448,
    "total_output_tokens": 1601,
    "total_tokens": 8049,
    "total_cost": 0.11251
}