{
    "commit": "ef35ac92975e6ee79c7dbc0257059a2421ca5c40",
    "start_epoch": 1760811733.089907,
    "end_epoch": 1760811777.137501,
    "elapsed_seconds": 44.047594,
    "model": "gpt-4-0125-preview",
    "input_cost_per_token": 1e-05,
    "output_cost_per_token": 3e-05,
    "total_input_tokens": 7048,
    "total_output_tokens": 1496,
    "total_tokens": 8544,
    "total_cost": 0.11536000000000002
}