{
    "commit": "288d53339b41a027d29b659c8c83e7ee80c2aece",
    "start_epoch": 1760812778.147811,
    "end_epoch": 1760812821.981708,
    "elapsed_seconds": 43.833897,
    "model": "gpt-4-0125-preview",
    "input_cost_per_token": 1e-05,
    "output_cost_per_token": 3e-05,
    "total_input_tokens": 5843,
    "total_output_tokens": 1763,
    "total_tokens": 7606,
    "total_cost": 0.11132000000000002
}