{
    "commit": "04c65dc337df16373c43976c497093d66eb8692f",
    "start_epoch": 1760817444.85852,
    "end_epoch": 1760817495.582885,
    "elapsed_seconds": 50.724365,
    "model": "gpt-4-0125-preview",
    "input_cost_per_token": 1e-05,
    "output_cost_per_token": 3e-05,
    "total_input_tokens": 8220,
    "total_output_tokens": 1643,
    "total_tokens": 9863,
    "total_cost": 0.13149
}