{
    "commit": "ae56feb01d3f97c3b4928b5e6038b51be79e7cc0",
    "start_epoch": 1760546701.455718,
    "end_epoch": 1760546799.930482,
    "elapsed_seconds": 98.474764,
    "model": "gpt-4-0125-preview",
    "input_cost_per_token": 1e-05,
    "output_cost_per_token": 3e-05,
    "total_input_tokens": 21111,
    "total_output_tokens": 3385,
    "total_tokens": 24496,
    "total_cost": 0.31266
}