{
    "commit": "dd0c83a405109ea0150f5c30e14bd5e8759f1f20",
    "start_epoch": 1760702972.403276,
    "end_epoch": 1760703027.851776,
    "elapsed_seconds": 55.4485,
    "model": "gpt-4-0125-preview",
    "input_cost_per_token": 1e-05,
    "output_cost_per_token": 3e-05,
    "total_input_tokens": 8030,
    "total_output_tokens": 1912,
    "total_tokens": 9942,
    "total_cost": 0.13766
}