{
    "commit": "c13e3fc992c628e8491e770d6fb6c8138321aa4a",
    "start_epoch": 1760733739.163935,
    "end_epoch": 1760733795.160478,
    "elapsed_seconds": 55.996543,
    "model": "gpt-4-0125-preview",
    "input_cost_per_token": 1e-05,
    "output_cost_per_token": 3e-05,
    "total_input_tokens": 5483,
    "total_output_tokens": 1746,
    "total_tokens": 7229,
    "total_cost": 0.10721
}