{
    "commit": "805de2d354724fc102c190078018318a48853dba",
    "start_epoch": 1760540814.564117,
    "end_epoch": 1760540867.760436,
    "elapsed_seconds": 53.196319,
    "model": "gpt-4-0125-preview",
    "input_cost_per_token": 1e-05,
    "output_cost_per_token": 3e-05,
    "total_input_tokens": 5414,
    "total_output_tokens": 1618,
    "total_tokens": 7032,
    "total_cost": 0.10268
}