{
    "commit": "2c7fb7c12988a5eea8f0540ecf9be4f40e478f57",
    "start_epoch": 1760532450.452001,
    "end_epoch": 1760532491.240538,
    "elapsed_seconds": 40.788537,
    "model": "gpt-4-0125-preview",
    "input_cost_per_token": 1e-05,
    "output_cost_per_token": 3e-05,
    "total_input_tokens": 4965,
    "total_output_tokens": 1382,
    "total_tokens": 6347,
    "total_cost": 0.09111
}