{
    "commit": "cf3f8038d749f80c73f4fbe47e247b910dbbe474",
    "start_epoch": 1760524579.790496,
    "end_epoch": 1760524704.719594,
    "elapsed_seconds": 124.929098,
    "model": "gpt-4-0125-preview",
    "input_cost_per_token": 1e-05,
    "output_cost_per_token": 3e-05,
    "total_input_tokens": 18962,
    "total_output_tokens": 4661,
    "total_tokens": 23623,
    "total_cost": 0.32945
}