{
    "commit": "304c1ed484a186fc8941c6b2fd0f299cb53421aa",
    "start_epoch": 1760532117.81495,
    "end_epoch": 1760532177.62746,
    "elapsed_seconds": 59.81251,
    "model": "gpt-4-0125-preview",
    "input_cost_per_token": 1e-05,
    "output_cost_per_token": 3e-05,
    "total_input_tokens": 6723,
    "total_output_tokens": 2124,
    "total_tokens": 8847,
    "total_cost": 0.13095
}