{
    "commit": "e874d4acaf25105c0dfbcd34ac2aa592a4eac810",
    "start_epoch": 1760516322.296056,
    "end_epoch": 1760516366.845912,
    "elapsed_seconds": 44.549856,
    "model": "gpt-4-0125-preview",
    "input_cost_per_token": 1e-05,
    "output_cost_per_token": 3e-05,
    "total_input_tokens": 7045,
    "total_output_tokens": 1492,
    "total_tokens": 8537,
    "total_cost": 0.11521000000000002
}