{
    "commit": "061ba3ea1e8ef01dd7f2829950c869de440fd8a4",
    "start_epoch": 1760556660.48657,
    "end_epoch": 1760556702.090786,
    "elapsed_seconds": 41.604216,
    "model": "gpt-4-0125-preview",
    "input_cost_per_token": 1e-05,
    "output_cost_per_token": 3e-05,
    "total_input_tokens": 4216,
    "total_output_tokens": 1023,
    "total_tokens": 5239,
    "total_cost": 0.07285000000000001
}