{
    "commit": "045d335c04da293e649aa554bea1fcc412810cb5",
    "start_epoch": 1760708413.689273,
    "end_epoch": 1760708503.056291,
    "elapsed_seconds": 89.367018,
    "model": "gpt-4-0125-preview",
    "input_cost_per_token": 1e-05,
    "output_cost_per_token": 3e-05,
    "total_input_tokens": 9540,
    "total_output_tokens": 3194,
    "total_tokens": 12734,
    "total_cost": 0.19122
}