{
    "commit": "b125a4aa639c103bc1917c298eaca5e71ac333e9",
    "start_epoch": 1760800595.626273,
    "end_epoch": 1760800665.568462,
    "elapsed_seconds": 69.942189,
    "model": "gpt-4-0125-preview",
    "input_cost_per_token": 1e-05,
    "output_cost_per_token": 3e-05,
    "total_input_tokens": 9560,
    "total_output_tokens": 2491,
    "total_tokens": 12051,
    "total_cost": 0.17033000000000004
}