{
    "commit": "56198e351111a8cb3943284c40d79689d4e2d5fa",
    "start_epoch": 1760745006.966123,
    "end_epoch": 1760745060.708979,
    "elapsed_seconds": 53.742856,
    "model": "gpt-4-0125-preview",
    "input_cost_per_token": 1e-05,
    "output_cost_per_token": 3e-05,
    "total_input_tokens": 9041,
    "total_output_tokens": 2019,
    "total_tokens": 11060,
    "total_cost": 0.15098
}