{
    "commit": "d306b5753bb20502bbd54a94572487214957af56",
    "start_epoch": 1760721191.599924,
    "end_epoch": 1760721284.228782,
    "elapsed_seconds": 92.628858,
    "model": "gpt-4-0125-preview",
    "input_cost_per_token": 1e-05,
    "output_cost_per_token": 3e-05,
    "total_input_tokens": 14413,
    "total_output_tokens": 3424,
    "total_tokens": 17837,
    "total_cost": 0.24685
}