{
    "commit": "29eaea17a2f4baba77477ec8d6e843cd18f05f35",
    "start_epoch": 1760587086.785443,
    "end_epoch": 1760587142.319932,
    "elapsed_seconds": 55.534489,
    "model": "gpt-4-0125-preview",
    "input_cost_per_token": 1e-05,
    "output_cost_per_token": 3e-05,
    "total_input_tokens": 16744,
    "total_output_tokens": 1725,
    "total_tokens": 18469,
    "total_cost": 0.21919000000000002
}