{
    "commit": "862dab12f751408ecfa0b8407815c945cd30ed20",
    "start_epoch": 1760748609.30765,
    "end_epoch": 1760748649.353541,
    "elapsed_seconds": 40.045891,
    "model": "gpt-4-0125-preview",
    "input_cost_per_token": 1e-05,
    "output_cost_per_token": 3e-05,
    "total_input_tokens": 10870,
    "total_output_tokens": 1626,
    "total_tokens": 12496,
    "total_cost": 0.15748
}