{
    "commit": "d06f5c96f9cb6d1d0061bff0de5a0ad4c428b795",
    "start_epoch": 1760746603.268428,
    "end_epoch": 1760746643.05485,
    "elapsed_seconds": 39.786422,
    "model": "gpt-4-0125-preview",
    "input_cost_per_token": 1e-05,
    "output_cost_per_token": 3e-05,
    "total_input_tokens": 7386,
    "total_output_tokens": 1421,
    "total_tokens": 8807,
    "total_cost": 0.11649000000000001
}