{
    "commit": "5df35f70c57cacbaddb8b71214286d714276dae2",
    "start_epoch": 1760762514.431764,
    "end_epoch": 1760762625.058316,
    "elapsed_seconds": 110.626552,
    "model": "gpt-4-0125-preview",
    "input_cost_per_token": 1e-05,
    "output_cost_per_token": 3e-05,
    "total_input_tokens": 28279,
    "total_output_tokens": 4460,
    "total_tokens": 32739,
    "total_cost": 0.41659
}