{
    "commit": "af9281f057fbdb268e77ed4279843c35603a8f56",
    "start_epoch": 1760523752.396806,
    "end_epoch": 1760523854.24013,
    "elapsed_seconds": 101.843324,
    "model": "gpt-4-0125-preview",
    "input_cost_per_token": 1e-05,
    "output_cost_per_token": 3e-05,
    "total_input_tokens": 14427,
    "total_output_tokens": 3621,
    "total_tokens": 18048,
    "total_cost": 0.2529
}