{
    "commit": "4a5d35e18ad5b7d0b9f47e952e25b9ccb1043511",
    "start_epoch": 1760703458.928193,
    "end_epoch": 1760703572.055158,
    "elapsed_seconds": 113.126965,
    "model": "gpt-4-0125-preview",
    "input_cost_per_token": 1e-05,
    "output_cost_per_token": 3e-05,
    "total_input_tokens": 11651,
    "total_output_tokens": 4009,
    "total_tokens": 15660,
    "total_cost": 0.23678000000000005
}