{
    "commit": "b9485691811fc69d793e1d7ad33f78294d841d63",
    "start_epoch": 1760581585.166186,
    "end_epoch": 1760581679.727357,
    "elapsed_seconds": 94.561171,
    "model": "gpt-4-0125-preview",
    "input_cost_per_token": 1e-05,
    "output_cost_per_token": 3e-05,
    "total_input_tokens": 17330,
    "total_output_tokens": 3488,
    "total_tokens": 20818,
    "total_cost": 0.27794
}