{
    "commit": "78a628fe346d55543623acbb8db380478727c19d",
    "start_epoch": 1760498637.453406,
    "end_epoch": 1760498682.01943,
    "elapsed_seconds": 44.566024,
    "model": "gpt-4-0125-preview",
    "input_cost_per_token": 1e-05,
    "output_cost_per_token": 3e-05,
    "total_input_tokens": 9300,
    "total_output_tokens": 1568,
    "total_tokens": 10868,
    "total_cost": 0.14004000000000003
}