{
    "commit": "73677913dc540d9b95f90a23d8a2cca3699c4350",
    "start_epoch": 1760739274.950081,
    "end_epoch": 1760739352.717289,
    "elapsed_seconds": 77.767208,
    "model": "gpt-4-0125-preview",
    "input_cost_per_token": 1e-05,
    "output_cost_per_token": 3e-05,
    "total_input_tokens": 10949,
    "total_output_tokens": 2882,
    "total_tokens": 13831,
    "total_cost": 0.19595
}