{
    "commit": "e105d21d8e4344229c52d20bf1d1b42ab64919cd",
    "start_epoch": 1760534329.682379,
    "end_epoch": 1760534431.441417,
    "elapsed_seconds": 101.759038,
    "model": "gpt-4-0125-preview",
    "input_cost_per_token": 1e-05,
    "output_cost_per_token": 3e-05,
    "total_input_tokens": 51276,
    "total_output_tokens": 3009,
    "total_tokens": 54285,
    "total_cost": 0.6030300000000001
}