{
    "commit": "8326e38ea87c17c7bd19546864f71cf225185ce3",
    "start_epoch": 1760540134.553914,
    "end_epoch": 1760540219.973875,
    "elapsed_seconds": 85.419961,
    "model": "gpt-4-0125-preview",
    "input_cost_per_token": 1e-05,
    "output_cost_per_token": 3e-05,
    "total_input_tokens": 11623,
    "total_output_tokens": 2268,
    "total_tokens": 13891,
    "total_cost": 0.18427000000000002
}