{
    "commit": "31cba808b589728075709c13ff6e9c95678356ce",
    "start_epoch": 1760794791.790843,
    "end_epoch": 1760794848.044987,
    "elapsed_seconds": 56.254144,
    "model": "gpt-4-0125-preview",
    "input_cost_per_token": 1e-05,
    "output_cost_per_token": 3e-05,
    "total_input_tokens": 5801,
    "total_output_tokens": 2063,
    "total_tokens": 7864,
    "total_cost": 0.1199
}