{
    "commit": "bff0ad98ed904b07236c6d8a843381d2fe9e2de4",
    "start_epoch": 1760738989.474708,
    "end_epoch": 1760739029.736489,
    "elapsed_seconds": 40.261781,
    "model": "gpt-4-0125-preview",
    "input_cost_per_token": 1e-05,
    "output_cost_per_token": 3e-05,
    "total_input_tokens": 9927,
    "total_output_tokens": 1356,
    "total_tokens": 11283,
    "total_cost": 0.13995000000000002
}