{
    "commit": "eb94d889782f9836864c9e5ac6334a4d6a89a4f4",
    "start_epoch": 1760722353.84216,
    "end_epoch": 1760722451.720445,
    "elapsed_seconds": 97.878285,
    "model": "gpt-4-0125-preview",
    "input_cost_per_token": 1e-05,
    "output_cost_per_token": 3e-05,
    "total_input_tokens": 15476,
    "total_output_tokens": 3289,
    "total_tokens": 18765,
    "total_cost": 0.25343000000000004
}