{
    "commit": "82b8bcf480b418cc95f42fc6e66a1f9fb013b6bd",
    "start_epoch": 1760563068.376878,
    "end_epoch": 1760563158.971377,
    "elapsed_seconds": 90.594499,
    "model": "gpt-4-0125-preview",
    "input_cost_per_token": 1e-05,
    "output_cost_per_token": 3e-05,
    "total_input_tokens": 18777,
    "total_output_tokens": 3279,
    "total_tokens": 22056,
    "total_cost": 0.28613999999999995
}