{
    "commit": "7f93afcd415e0dc95c25d6f1edc3e81b4d6806b5",
    "start_epoch": 1760527656.044803,
    "end_epoch": 1760527772.69486,
    "elapsed_seconds": 116.650057,
    "model": "gpt-4-0125-preview",
    "input_cost_per_token": 1e-05,
    "output_cost_per_token": 3e-05,
    "total_input_tokens": 21099,
    "total_output_tokens": 4453,
    "total_tokens": 25552,
    "total_cost": 0.34458000000000005
}