{
    "commit": "9f9491ecbd03d314cf0b09d6347b34e2d531a251",
    "start_epoch": 1760530798.205484,
    "end_epoch": 1760530864.786759,
    "elapsed_seconds": 66.581275,
    "model": "gpt-4-0125-preview",
    "input_cost_per_token": 1e-05,
    "output_cost_per_token": 3e-05,
    "total_input_tokens": 9466,
    "total_output_tokens": 2367,
    "total_tokens": 11833,
    "total_cost": 0.16567
}