{
    "commit": "3afee05a47b2ae71e5d5b1e789f486d03bf791d0",
    "start_epoch": 1760709457.977855,
    "end_epoch": 1760709500.09613,
    "elapsed_seconds": 42.118275,
    "model": "gpt-4-0125-preview",
    "input_cost_per_token": 1e-05,
    "output_cost_per_token": 3e-05,
    "total_input_tokens": 6795,
    "total_output_tokens": 1338,
    "total_tokens": 8133,
    "total_cost": 0.10809
}