{
    "commit": "9734b04293f160decaa043d18328af18c353ae2d",
    "start_epoch": 1760513473.218595,
    "end_epoch": 1760513577.646693,
    "elapsed_seconds": 104.428098,
    "model": "gpt-4-0125-preview",
    "input_cost_per_token": 1e-05,
    "output_cost_per_token": 3e-05,
    "total_input_tokens": 44170,
    "total_output_tokens": 3503,
    "total_tokens": 47673,
    "total_cost": 0.5467900000000001
}