{
    "commit": "a3e5840d5f28477c78a22d7a05c5e41b51911981",
    "start_epoch": 1760766928.534109,
    "end_epoch": 1760766974.521682,
    "elapsed_seconds": 45.987573,
    "model": "gpt-4-0125-preview",
    "input_cost_per_token": 1e-05,
    "output_cost_per_token": 3e-05,
    "total_input_tokens": 5992,
    "total_output_tokens": 1699,
    "total_tokens": 7691,
    "total_cost": 0.11089
}