{
    "commit": "8de63737b650bb176976f81e66cfef1fb9a8557a",
    "start_epoch": 1760564457.674356,
    "end_epoch": 1760564541.041935,
    "elapsed_seconds": 83.367579,
    "model": "gpt-4-0125-preview",
    "input_cost_per_token": 1e-05,
    "output_cost_per_token": 3e-05,
    "total_input_tokens": 9573,
    "total_output_tokens": 2877,
    "total_tokens": 12450,
    "total_cost": 0.18204
}