{
    "commit": "55ded0da2685f15f02ec728b86a148c7229d447f",
    "start_epoch": 1760817589.706666,
    "end_epoch": 1760817667.152991,
    "elapsed_seconds": 77.446325,
    "model": "gpt-4-0125-preview",
    "input_cost_per_token": 1e-05,
    "output_cost_per_token": 3e-05,
    "total_input_tokens": 9580,
    "total_output_tokens": 2658,
    "total_tokens": 12238,
    "total_cost": 0.17554
}