{
    "commit": "6db77821400dbf09551e8c4ad91b41276017d914",
    "start_epoch": 1760554165.068407,
    "end_epoch": 1760554214.581595,
    "elapsed_seconds": 49.513188,
    "model": "gpt-4-0125-preview",
    "input_cost_per_token": 1e-05,
    "output_cost_per_token": 3e-05,
    "total_input_tokens": 7036,
    "total_output_tokens": 1548,
    "total_tokens": 8584,
    "total_cost": 0.1168
}