{
    "commit": "a9310c618151207ddc621fdb6a8dcd023a8b6bee",
    "start_epoch": 1760716259.664383,
    "end_epoch": 1760716367.419076,
    "elapsed_seconds": 107.754693,
    "model": "gpt-4-0125-preview",
    "input_cost_per_token": 1e-05,
    "output_cost_per_token": 3e-05,
    "total_input_tokens": 36527,
    "total_output_tokens": 3541,
    "total_tokens": 40068,
    "total_cost": 0.47150000000000003
}