{
    "commit": "87577eef699b089cdfa152643750f45a115c7778",
    "start_epoch": 1760518183.633953,
    "end_epoch": 1760518266.164003,
    "elapsed_seconds": 82.53005,
    "model": "gpt-4-0125-preview",
    "input_cost_per_token": 1e-05,
    "output_cost_per_token": 3e-05,
    "total_input_tokens": 12318,
    "total_output_tokens": 2671,
    "total_tokens": 14989,
    "total_cost": 0.20331000000000005
}