{
    "commit": "5f9e3bd77ab0b54413d07f6a5539bd453db40686",
    "start_epoch": 1760720089.216325,
    "end_epoch": 1760720140.737989,
    "elapsed_seconds": 51.521664,
    "model": "gpt-4-0125-preview",
    "input_cost_per_token": 1e-05,
    "output_cost_per_token": 3e-05,
    "total_input_tokens": 5173,
    "total_output_tokens": 1706,
    "total_tokens": 6879,
    "total_cost": 0.10291
}