{
    "commit": "4e83645ec366f034323197a3c66b7d8ba2bbeb97",
    "start_epoch": 1760569306.584325,
    "end_epoch": 1760569343.472457,
    "elapsed_seconds": 36.888132,
    "model": "gpt-4-0125-preview",
    "input_cost_per_token": 1e-05,
    "output_cost_per_token": 3e-05,
    "total_input_tokens": 4658,
    "total_output_tokens": 1326,
    "total_tokens": 5984,
    "total_cost": 0.08635999999999999
}