{
    "commit": "12e0d724b3ecf319dfbd3534f4961f67ad8ef8bd",
    "start_epoch": 1760774054.607241,
    "end_epoch": 1760774098.570979,
    "elapsed_seconds": 43.963738,
    "model": "gpt-4-0125-preview",
    "input_cost_per_token": 1e-05,
    "output_cost_per_token": 3e-05,
    "total_input_tokens": 6813,
    "total_output_tokens": 1456,
    "total_tokens": 8269,
    "total_cost": 0.11181
}