{
    "commit": "a256a0fc0eb227350b57473ac1f959198ddb0825",
    "start_epoch": 1760719569.67411,
    "end_epoch": 1760719664.039543,
    "elapsed_seconds": 94.365433,
    "model": "gpt-4-0125-preview",
    "input_cost_per_token": 1e-05,
    "output_cost_per_token": 3e-05,
    "total_input_tokens": 15069,
    "total_output_tokens": 3795,
    "total_tokens": 18864,
    "total_cost": 0.26454
}