{
    "commit": "574578c0164df11dc54ff313e1d8ff5a51dd74e2",
    "start_epoch": 1760814325.984872,
    "end_epoch": 1760814428.151431,
    "elapsed_seconds": 102.166559,
    "model": "gpt-4-0125-preview",
    "input_cost_per_token": 1e-05,
    "output_cost_per_token": 3e-05,
    "total_input_tokens": 17568,
    "total_output_tokens": 4120,
    "total_tokens": 21688,
    "total_cost": 0.29928
}