{
    "commit": "7784dc9b44368195126a5fe9c3ff875ee1416620",
    "start_epoch": 1760763676.625199,
    "end_epoch": 1760763727.5039,
    "elapsed_seconds": 50.878701,
    "model": "gpt-4-0125-preview",
    "input_cost_per_token": 1e-05,
    "output_cost_per_token": 3e-05,
    "total_input_tokens": 5643,
    "total_output_tokens": 1554,
    "total_tokens": 7197,
    "total_cost": 0.10305000000000002
}