{
    "commit": "71cc5bf24ab45866c0bec3ce4530821aa1f9e605",
    "start_epoch": 1760528535.290888,
    "end_epoch": 1760528878.086927,
    "elapsed_seconds": 342.796039,
    "model": "gpt-4-0125-preview",
    "input_cost_per_token": 1e-05,
    "output_cost_per_token": 3e-05,
    "total_input_tokens": 116183,
    "total_output_tokens": 10807,
    "total_tokens": 126990,
    "total_cost": 1.4860399999999998
}