{
    "commit": "ecbadc859b7642e21c2961a369e854ef84754655",
    "start_epoch": 1760802068.819331,
    "end_epoch": 1760802170.161155,
    "elapsed_seconds": 101.341824,
    "model": "gpt-4-0125-preview",
    "input_cost_per_token": 1e-05,
    "output_cost_per_token": 3e-05,
    "total_input_tokens": 30065,
    "total_output_tokens": 3613,
    "total_tokens": 33678,
    "total_cost": 0.40903999999999996
}