{
    "commit": "9ff7d22e3422383cc04c86de05a41b8b8962cdb6",
    "start_epoch": 1760795039.481821,
    "end_epoch": 1760795109.711909,
    "elapsed_seconds": 70.230088,
    "model": "gpt-4-0125-preview",
    "input_cost_per_token": 1e-05,
    "output_cost_per_token": 3e-05,
    "total_input_tokens": 10669,
    "total_output_tokens": 2664,
    "total_tokens": 13333,
    "total_cost": 0.18661
}