{
    "commit": "ae0d74ae9086ae5e786eb4cb05e802728172078d",
    "start_epoch": 1760758179.277898,
    "end_epoch": 1760758262.648922,
    "elapsed_seconds": 83.371024,
    "model": "gpt-4-0125-preview",
    "input_cost_per_token": 1e-05,
    "output_cost_per_token": 3e-05,
    "total_input_tokens": 12518,
    "total_output_tokens": 3362,
    "total_tokens": 15880,
    "total_cost": 0.22604000000000002
}