{
    "commit": "c36a7a508265e9e2e62484b8d673ecbf8b5510c0",
    "start_epoch": 1760736122.493668,
    "end_epoch": 1760736163.54272,
    "elapsed_seconds": 41.049052,
    "model": "gpt-4-0125-preview",
    "input_cost_per_token": 1e-05,
    "output_cost_per_token": 3e-05,
    "total_input_tokens": 4060,
    "total_output_tokens": 1250,
    "total_tokens": 5310,
    "total_cost": 0.0781
}