{
    "commit": "0a79f2939dceb4cd120e8095cb410cdb1404b678",
    "start_epoch": 1760758663.610526,
    "end_epoch": 1760758728.902678,
    "elapsed_seconds": 65.292152,
    "model": "gpt-4-0125-preview",
    "input_cost_per_token": 1e-05,
    "output_cost_per_token": 3e-05,
    "total_input_tokens": 12044,
    "total_output_tokens": 2595,
    "total_tokens": 14639,
    "total_cost": 0.19829
}