{
    "commit": "84034ab830e7909d86281f148199321140ae8973",
    "start_epoch": 1760796609.169251,
    "end_epoch": 1760796748.143934,
    "elapsed_seconds": 138.974683,
    "model": "gpt-4-0125-preview",
    "input_cost_per_token": 1e-05,
    "output_cost_per_token": 3e-05,
    "total_input_tokens": 27238,
    "total_output_tokens": 5197,
    "total_tokens": 32435,
    "total_cost": 0.42828999999999995
}