{
    "commit": "79c954e33dc185a593bcf54654cc72cf85644dc8",
    "start_epoch": 1760717628.591614,
    "end_epoch": 1760717727.985415,
    "elapsed_seconds": 99.393801,
    "model": "gpt-4-0125-preview",
    "input_cost_per_token": 1e-05,
    "output_cost_per_token": 3e-05,
    "total_input_tokens": 9962,
    "total_output_tokens": 3777,
    "total_tokens": 13739,
    "total_cost": 0.21293
}