{
    "commit": "77bc9b7159fa0a4a50fdac04a0bc4a63f71059f1",
    "start_epoch": 1760697745.263489,
    "end_epoch": 1760697795.75656,
    "elapsed_seconds": 50.493071,
    "model": "gpt-4-0125-preview",
    "input_cost_per_token": 1e-05,
    "output_cost_per_token": 3e-05,
    "total_input_tokens": 8477,
    "total_output_tokens": 1966,
    "total_tokens": 10443,
    "total_cost": 0.14375
}