{
    "commit": "39ca508fcdd24eb658469eee664f50d2747359fd",
    "start_epoch": 1760704084.935932,
    "end_epoch": 1760704131.204708,
    "elapsed_seconds": 46.268776,
    "model": "gpt-4-0125-preview",
    "input_cost_per_token": 1e-05,
    "output_cost_per_token": 3e-05,
    "total_input_tokens": 6385,
    "total_output_tokens": 1520,
    "total_tokens": 7905,
    "total_cost": 0.10945
}