{
    "commit": "beeec7c71532c7fda8926208b6826a094c6070a5",
    "start_epoch": 1760736779.059327,
    "end_epoch": 1760736877.337871,
    "elapsed_seconds": 98.278544,
    "model": "gpt-4-0125-preview",
    "input_cost_per_token": 1e-05,
    "output_cost_per_token": 3e-05,
    "total_input_tokens": 14784,
    "total_output_tokens": 3067,
    "total_tokens": 17851,
    "total_cost": 0.23984999999999998
}