{
    "commit": "21ed996dee0dc1131883ae17dcadb9fa88d4ce22",
    "start_epoch": 1760574420.595584,
    "end_epoch": 1760574538.24039,
    "elapsed_seconds": 117.644806,
    "model": "gpt-4-0125-preview",
    "input_cost_per_token": 1e-05,
    "output_cost_per_token": 3e-05,
    "total_input_tokens": 14642,
    "total_output_tokens": 4433,
    "total_tokens": 19075,
    "total_cost": 0.27941000000000005
}