{
    "commit": "70fbedd9afb419a805feb901121860ddea9ab5fa",
    "start_epoch": 1760805652.833564,
    "end_epoch": 1760805729.640629,
    "elapsed_seconds": 76.807065,
    "model": "gpt-4-0125-preview",
    "input_cost_per_token": 1e-05,
    "output_cost_per_token": 3e-05,
    "total_input_tokens": 11844,
    "total_output_tokens": 3093,
    "total_tokens": 14937,
    "total_cost": 0.21123
}