{
    "commit": "a651bf1e92a0c686027346e8b3874360616583d1",
    "start_epoch": 1760742775.939075,
    "end_epoch": 1760742952.093072,
    "elapsed_seconds": 176.153997,
    "model": "gpt-4-0125-preview",
    "input_cost_per_token": 1e-05,
    "output_cost_per_token": 3e-05,
    "total_input_tokens": 65900,
    "total_output_tokens": 4208,
    "total_tokens": 70108,
    "total_cost": 0.7852400000000003
}