{
    "commit": "8b01dc35e30c601b027d7d050f31dd269a726f0e",
    "start_epoch": 1760743641.425582,
    "end_epoch": 1760743682.466178,
    "elapsed_seconds": 41.040596,
    "model": "gpt-4-0125-preview",
    "input_cost_per_token": 1e-05,
    "output_cost_per_token": 3e-05,
    "total_input_tokens": 5816,
    "total_output_tokens": 1439,
    "total_tokens": 7255,
    "total_cost": 0.10133
}