{
    "commit": "5dab432f1ea7dd2a648e4ad2083d2675f472cf58",
    "start_epoch": 1760820662.194114,
    "end_epoch": 1760820747.710326,
    "elapsed_seconds": 85.516212,
    "model": "gpt-4-0125-preview",
    "input_cost_per_token": 1e-05,
    "output_cost_per_token": 3e-05,
    "total_input_tokens": 22303,
    "total_output_tokens": 3015,
    "total_tokens": 25318,
    "total_cost": 0.31348
}