{
    "commit": "ee0b2703ae6be90edeb133bda1bf7acdbead1e82",
    "start_epoch": 1760756576.603979,
    "end_epoch": 1760756653.879901,
    "elapsed_seconds": 77.275922,
    "model": "gpt-4-0125-preview",
    "input_cost_per_token": 1e-05,
    "output_cost_per_token": 3e-05,
    "total_input_tokens": 15195,
    "total_output_tokens": 2945,
    "total_tokens": 18140,
    "total_cost": 0.2403
}