{
    "commit": "3e1925496e4f287ca596d4c0bf2ff5a226b89ad7",
    "start_epoch": 1760693946.505018,
    "end_epoch": 1760694043.017471,
    "elapsed_seconds": 96.512453,
    "model": "gpt-4-0125-preview",
    "input_cost_per_token": 1e-05,
    "output_cost_per_token": 3e-05,
    "total_input_tokens": 19294,
    "total_output_tokens": 3942,
    "total_tokens": 23236,
    "total_cost": 0.3112
}