{
    "commit": "0b33b376b8a4c941786588f67157ed479ad5c747",
    "start_epoch": 1760571952.675587,
    "end_epoch": 1760572037.708101,
    "elapsed_seconds": 85.032514,
    "model": "gpt-4-0125-preview",
    "input_cost_per_token": 1e-05,
    "output_cost_per_token": 3e-05,
    "total_input_tokens": 15066,
    "total_output_tokens": 3197,
    "total_tokens": 18263,
    "total_cost": 0.24657000000000004
}