{
    "commit": "45b073fdbe4e76f10559dbb581d37b05f35eb10e",
    "start_epoch": 1760711552.985748,
    "end_epoch": 1760711694.163842,
    "elapsed_seconds": 141.178094,
    "model": "gpt-4-0125-preview",
    "input_cost_per_token": 1e-05,
    "output_cost_per_token": 3e-05,
    "total_input_tokens": 29759,
    "total_output_tokens": 5183,
    "total_tokens": 34942,
    "total_cost": 0.45308
}