{
    "commit": "c161cb245822757832c3977f2c529154ba152c28",
    "start_epoch": 1760561807.758005,
    "end_epoch": 1760561871.7949,
    "elapsed_seconds": 64.036895,
    "model": "gpt-4-0125-preview",
    "input_cost_per_token": 1e-05,
    "output_cost_per_token": 3e-05,
    "total_input_tokens": 14589,
    "total_output_tokens": 2168,
    "total_tokens": 16757,
    "total_cost": 0.21093
}