{
    "commit": "be966d2fae13327d104f49b247c1021101309cb7",
    "start_epoch": 1760556364.202604,
    "end_epoch": 1760556407.253195,
    "elapsed_seconds": 43.050591,
    "model": "gpt-4-0125-preview",
    "input_cost_per_token": 1e-05,
    "output_cost_per_token": 3e-05,
    "total_input_tokens": 5056,
    "total_output_tokens": 1536,
    "total_tokens": 6592,
    "total_cost": 0.09664
}