{
    "commit": "05d51b1a52b8f78dfed1308e60ae1cf33d19dd97",
    "start_epoch": 1760696611.994606,
    "end_epoch": 1760696709.833392,
    "elapsed_seconds": 97.838786,
    "model": "gpt-4-0125-preview",
    "input_cost_per_token": 1e-05,
    "output_cost_per_token": 3e-05,
    "total_input_tokens": 9286,
    "total_output_tokens": 3583,
    "total_tokens": 12869,
    "total_cost": 0.20035000000000003
}