{
    "commit": "b0956f561f7529eb43973cff0d0514ddc43d47ad",
    "start_epoch": 1760495969.157618,
    "end_epoch": 1760496056.566906,
    "elapsed_seconds": 87.409288,
    "model": "gpt-4-0125-preview",
    "input_cost_per_token": 1e-05,
    "output_cost_per_token": 3e-05,
    "total_input_tokens": 17386,
    "total_output_tokens": 3089,
    "total_tokens": 20475,
    "total_cost": 0.26653
}