{
    "commit": "095155c5d20065df6b2c0c778cc796ea8910526c",
    "start_epoch": 1760559321.67171,
    "end_epoch": 1760559452.309356,
    "elapsed_seconds": 130.637646,
    "model": "gpt-4-0125-preview",
    "input_cost_per_token": 1e-05,
    "output_cost_per_token": 3e-05,
    "total_input_tokens": 21574,
    "total_output_tokens": 4453,
    "total_tokens": 26027,
    "total_cost": 0.34933000000000003
}