{
    "commit": "0bdb92004622f4fcdf8532eb6e2d8201167bf946",
    "start_epoch": 1760739852.414376,
    "end_epoch": 1760739925.901507,
    "elapsed_seconds": 73.487131,
    "model": "gpt-4-0125-preview",
    "input_cost_per_token": 1e-05,
    "output_cost_per_token": 3e-05,
    "total_input_tokens": 10413,
    "total_output_tokens": 2907,
    "total_tokens": 13320,
    "total_cost": 0.19134
}