{
    "commit": "90d504ce484b8a673610ec8cd8d98f43088236f4",
    "start_epoch": 1760544208.626216,
    "end_epoch": 1760544377.870333,
    "elapsed_seconds": 169.244117,
    "model": "gpt-4-0125-preview",
    "input_cost_per_token": 1e-05,
    "output_cost_per_token": 3e-05,
    "total_input_tokens": 5922,
    "total_output_tokens": 1594,
    "total_tokens": 7516,
    "total_cost": 0.10704000000000001
}