{
    "commit": "50fa6b0150b1656e918bc22b34469a0c8c19b283",
    "start_epoch": 1760809115.456072,
    "end_epoch": 1760809192.544217,
    "elapsed_seconds": 77.088145,
    "model": "gpt-4-0125-preview",
    "input_cost_per_token": 1e-05,
    "output_cost_per_token": 3e-05,
    "total_input_tokens": 14390,
    "total_output_tokens": 3112,
    "total_tokens": 17502,
    "total_cost": 0.23726
}