{
    "commit": "71f8b7988536abb9342ab1f86dad7b002415aa6c",
    "start_epoch": 1760558381.324863,
    "end_epoch": 1760558449.371466,
    "elapsed_seconds": 68.046603,
    "model": "gpt-4-0125-preview",
    "input_cost_per_token": 1e-05,
    "output_cost_per_token": 3e-05,
    "total_input_tokens": 7495,
    "total_output_tokens": 2108,
    "total_tokens": 9603,
    "total_cost": 0.13819
}