{
    "commit": "a94e5d6a60ba7d8e86aa763ec41b9349493df05e",
    "start_epoch": 1760517891.428348,
    "end_epoch": 1760517984.085329,
    "elapsed_seconds": 92.656981,
    "model": "gpt-4-0125-preview",
    "input_cost_per_token": 1e-05,
    "output_cost_per_token": 3e-05,
    "total_input_tokens": 16608,
    "total_output_tokens": 2958,
    "total_tokens": 19566,
    "total_cost": 0.25482
}