{
    "commit": "646bd10c94fb5dc11798dd0d31517de00c715e7b",
    "start_epoch": 1760785603.735971,
    "end_epoch": 1760785642.941986,
    "elapsed_seconds": 39.206015,
    "model": "gpt-4-0125-preview",
    "input_cost_per_token": 1e-05,
    "output_cost_per_token": 3e-05,
    "total_input_tokens": 6038,
    "total_output_tokens": 1379,
    "total_tokens": 7417,
    "total_cost": 0.10175000000000001
}