{
    "commit": "38ba01ab78b62a5d2019897c84a32e1c5f040178",
    "start_epoch": 1760776438.738412,
    "end_epoch": 1760776565.712812,
    "elapsed_seconds": 126.9744,
    "model": "gpt-4-0125-preview",
    "input_cost_per_token": 1e-05,
    "output_cost_per_token": 3e-05,
    "total_input_tokens": 24204,
    "total_output_tokens": 4792,
    "total_tokens": 28996,
    "total_cost": 0.3858
}