{
    "commit": "1d0005cfc0f92c97790d6f3f4144995beaf1a23f",
    "start_epoch": 1760572702.545175,
    "end_epoch": 1760572830.492203,
    "elapsed_seconds": 127.947028,
    "model": "gpt-4-0125-preview",
    "input_cost_per_token": 1e-05,
    "output_cost_per_token": 3e-05,
    "total_input_tokens": 26340,
    "total_output_tokens": 4766,
    "total_tokens": 31106,
    "total_cost": 0.4063800000000001
}