{
    "commit": "14781457d0729ea3231deb47fa21d52536ea6ea1",
    "start_epoch": 1760568772.247328,
    "end_epoch": 1760568849.930292,
    "elapsed_seconds": 77.682964,
    "model": "gpt-4-0125-preview",
    "input_cost_per_token": 1e-05,
    "output_cost_per_token": 3e-05,
    "total_input_tokens": 23832,
    "total_output_tokens": 3293,
    "total_tokens": 27125,
    "total_cost": 0.33711
}