{
    "commit": "6bf17403f411e0ddaefc423a2b33d83a7948fca5",
    "start_epoch": 1760799044.625713,
    "end_epoch": 1760799156.800095,
    "elapsed_seconds": 112.174382,
    "model": "gpt-4-0125-preview",
    "input_cost_per_token": 1e-05,
    "output_cost_per_token": 3e-05,
    "total_input_tokens": 21435,
    "total_output_tokens": 4635,
    "total_tokens": 26070,
    "total_cost": 0.35340000000000005
}