{
    "commit": "67751f2e0f6828fe3398426fa2df90375a06fee5",
    "start_epoch": 1760696178.497867,
    "end_epoch": 1760696288.431687,
    "elapsed_seconds": 109.93382,
    "model": "gpt-4-0125-preview",
    "input_cost_per_token": 1e-05,
    "output_cost_per_token": 3e-05,
    "total_input_tokens": 16863,
    "total_output_tokens": 4243,
    "total_tokens": 21106,
    "total_cost": 0.29592000000000007
}