{
    "commit": "38fc63ca8547f0d6fba50e808bcfd8584f850578",
    "start_epoch": 1760811777.263058,
    "end_epoch": 1760811819.688621,
    "elapsed_seconds": 42.425563,
    "model": "gpt-4-0125-preview",
    "input_cost_per_token": 1e-05,
    "output_cost_per_token": 3e-05,
    "total_input_tokens": 5342,
    "total_output_tokens": 1590,
    "total_tokens": 6932,
    "total_cost": 0.10111999999999999
}