{
    "commit": "cb1a1a02243f14367d4f8c01203b49121572b528",
    "start_epoch": 1760760683.4502,
    "end_epoch": 1760760759.855831,
    "elapsed_seconds": 76.405631,
    "model": "gpt-4-0125-preview",
    "input_cost_per_token": 1e-05,
    "output_cost_per_token": 3e-05,
    "total_input_tokens": 15188,
    "total_output_tokens": 3064,
    "total_tokens": 18252,
    "total_cost": 0.24380000000000002
}