{
    "commit": "80568e55db0cf26ef49439022c274c4f6d55ed6a",
    "start_epoch": 1760538453.42124,
    "end_epoch": 1760538538.666724,
    "elapsed_seconds": 85.245484,
    "model": "gpt-4-0125-preview",
    "input_cost_per_token": 1e-05,
    "output_cost_per_token": 3e-05,
    "total_input_tokens": 13449,
    "total_output_tokens": 2746,
    "total_tokens": 16195,
    "total_cost": 0.21687
}