{
    "commit": "711e7feb4400984df73a68cc0809b379d3900e49",
    "start_epoch": 1760506264.989781,
    "end_epoch": 1760506320.443575,
    "elapsed_seconds": 55.453794,
    "model": "gpt-4-0125-preview",
    "input_cost_per_token": 1e-05,
    "output_cost_per_token": 3e-05,
    "total_input_tokens": 6292,
    "total_output_tokens": 2013,
    "total_tokens": 8305,
    "total_cost": 0.12331000000000002
}