{
    "commit": "b8ba2e09799cf4950c91a36f890237382c79e7b7",
    "start_epoch": 1760769273.859603,
    "end_epoch": 1760769361.032276,
    "elapsed_seconds": 87.172673,
    "model": "gpt-4-0125-preview",
    "input_cost_per_token": 1e-05,
    "output_cost_per_token": 3e-05,
    "total_input_tokens": 10362,
    "total_output_tokens": 3703,
    "total_tokens": 14065,
    "total_cost": 0.21471
}