{
    "commit": "d29468845685bcd1450b74774fd2069fd510775c",
    "start_epoch": 1760506548.383756,
    "end_epoch": 1760506596.203355,
    "elapsed_seconds": 47.819599,
    "model": "gpt-4-0125-preview",
    "input_cost_per_token": 1e-05,
    "output_cost_per_token": 3e-05,
    "total_input_tokens": 5477,
    "total_output_tokens": 1647,
    "total_tokens": 7124,
    "total_cost": 0.10418
}