{
    "commit": "cabd2f7e6af55d5e786ce0e9bc43a1ea762ebf8d",
    "start_epoch": 1760506215.639014,
    "end_epoch": 1760506264.789603,
    "elapsed_seconds": 49.150589,
    "model": "gpt-4-0125-preview",
    "input_cost_per_token": 1e-05,
    "output_cost_per_token": 3e-05,
    "total_input_tokens": 6023,
    "total_output_tokens": 1562,
    "total_tokens": 7585,
    "total_cost": 0.10709000000000002
}