{
    "commit": "af08b1e3e1b0cd791298702f6a7501ef89953930",
    "start_epoch": 1760497186.87807,
    "end_epoch": 1760497223.553662,
    "elapsed_seconds": 36.675592,
    "model": "gpt-4-0125-preview",
    "input_cost_per_token": 1e-05,
    "output_cost_per_token": 3e-05,
    "total_input_tokens": 5092,
    "total_output_tokens": 1161,
    "total_tokens": 6253,
    "total_cost": 0.08575
}