{
    "commit": "dfbeb92e24785a20ff46bafa8ed1739da68c8413",
    "start_epoch": 1760733127.671649,
    "end_epoch": 1760733294.176008,
    "elapsed_seconds": 166.504359,
    "model": "gpt-4-0125-preview",
    "input_cost_per_token": 1e-05,
    "output_cost_per_token": 3e-05,
    "total_input_tokens": 32900,
    "total_output_tokens": 5463,
    "total_tokens": 38363,
    "total_cost": 0.4928900000000001
}