{
    "commit": "b7404e4ce85a164182f65bcc694b388974d973f5",
    "start_epoch": 1760728449.577186,
    "end_epoch": 1760728612.557731,
    "elapsed_seconds": 162.980545,
    "model": "gpt-4-0125-preview",
    "input_cost_per_token": 1e-05,
    "output_cost_per_token": 3e-05,
    "total_input_tokens": 25866,
    "total_output_tokens": 6418,
    "total_tokens": 32284,
    "total_cost": 0.4512
}