{
    "commit": "85348c76aab03076f72f0c0ed5969039ccff3847",
    "start_epoch": 1760709891.29711,
    "end_epoch": 1760709982.432795,
    "elapsed_seconds": 91.135685,
    "model": "gpt-4-0125-preview",
    "input_cost_per_token": 1e-05,
    "output_cost_per_token": 3e-05,
    "total_input_tokens": 11293,
    "total_output_tokens": 3275,
    "total_tokens": 14568,
    "total_cost": 0.21117999999999998
}