{
    "commit": "26a676377dab9ccec3cb6e9aece059a384d010b8",
    "start_epoch": 1760722619.042122,
    "end_epoch": 1760722721.163821,
    "elapsed_seconds": 102.121699,
    "model": "gpt-4-0125-preview",
    "input_cost_per_token": 1e-05,
    "output_cost_per_token": 3e-05,
    "total_input_tokens": 20647,
    "total_output_tokens": 3708,
    "total_tokens": 24355,
    "total_cost": 0.31770999999999994
}