{
    "commit": "ebe6711a9db728cf6c0f19d1dcc2c8dfaa42f112",
    "start_epoch": 1760725557.049022,
    "end_epoch": 1760725668.263187,
    "elapsed_seconds": 111.214165,
    "model": "gpt-4-0125-preview",
    "input_cost_per_token": 1e-05,
    "output_cost_per_token": 3e-05,
    "total_input_tokens": 16926,
    "total_output_tokens": 4282,
    "total_tokens": 21208,
    "total_cost": 0.29772
}