{
    "commit": "7b7a517c182389e5f161c03be045b1776aa70a14",
    "start_epoch": 1760555308.710878,
    "end_epoch": 1760555389.675762,
    "elapsed_seconds": 80.964884,
    "model": "gpt-4-0125-preview",
    "input_cost_per_token": 1e-05,
    "output_cost_per_token": 3e-05,
    "total_input_tokens": 7967,
    "total_output_tokens": 2601,
    "total_tokens": 10568,
    "total_cost": 0.1577
}