{
    "commit": "428b802f8218299b976c5c4d62ce9621f539fac5",
    "start_epoch": 1760741816.625041,
    "end_epoch": 1760741915.548466,
    "elapsed_seconds": 98.923425,
    "model": "gpt-4-0125-preview",
    "input_cost_per_token": 1e-05,
    "output_cost_per_token": 3e-05,
    "total_input_tokens": 13739,
    "total_output_tokens": 4144,
    "total_tokens": 17883,
    "total_cost": 0.26171
}