{
    "commit": "cd999d61f0b131e8d87fd93bc1982b433621ee39",
    "start_epoch": 1760795584.873019,
    "end_epoch": 1760795692.604176,
    "elapsed_seconds": 107.731157,
    "model": "gpt-4-0125-preview",
    "input_cost_per_token": 1e-05,
    "output_cost_per_token": 3e-05,
    "total_input_tokens": 17736,
    "total_output_tokens": 4172,
    "total_tokens": 21908,
    "total_cost": 0.30252
}