{
    "commit": "7bd2d20f41c3ea219314bce6825c6563257bac39",
    "start_epoch": 1760507608.164745,
    "end_epoch": 1760507661.943548,
    "elapsed_seconds": 53.778803,
    "model": "gpt-4-0125-preview",
    "input_cost_per_token": 1e-05,
    "output_cost_per_token": 3e-05,
    "total_input_tokens": 9994,
    "total_output_tokens": 2047,
    "total_tokens": 12041,
    "total_cost": 0.16135000000000002
}