{
    "commit": "f78032420c95d1977654c3626820819871ab9d70",
    "start_epoch": 1760733646.065003,
    "end_epoch": 1760733739.026526,
    "elapsed_seconds": 92.961523,
    "model": "gpt-4-0125-preview",
    "input_cost_per_token": 1e-05,
    "output_cost_per_token": 3e-05,
    "total_input_tokens": 27421,
    "total_output_tokens": 2238,
    "total_tokens": 29659,
    "total_cost": 0.34135000000000004
}