{
    "commit": "bd60519649d93dc18fc82f605d26ddf1ef1a98c7",
    "start_epoch": 1760799976.307318,
    "end_epoch": 1760800056.211497,
    "elapsed_seconds": 79.904179,
    "model": "gpt-4-0125-preview",
    "input_cost_per_token": 1e-05,
    "output_cost_per_token": 3e-05,
    "total_input_tokens": 10919,
    "total_output_tokens": 3134,
    "total_tokens": 14053,
    "total_cost": 0.20320999999999997
}