{
    "commit": "2396bca6e8cfd4c32ca206664d600211becb20f1",
    "start_epoch": 1760762168.366094,
    "end_epoch": 1760762255.829958,
    "elapsed_seconds": 87.463864,
    "model": "gpt-4-0125-preview",
    "input_cost_per_token": 1e-05,
    "output_cost_per_token": 3e-05,
    "total_input_tokens": 24892,
    "total_output_tokens": 3345,
    "total_tokens": 28237,
    "total_cost": 0.34926999999999997
}