{
    "commit": "a48f7abed547c24171f25b495027a916721570e0",
    "start_epoch": 1760555660.886267,
    "end_epoch": 1760555697.702822,
    "elapsed_seconds": 36.816555,
    "model": "gpt-4-0125-preview",
    "input_cost_per_token": 1e-05,
    "output_cost_per_token": 3e-05,
    "total_input_tokens": 5608,
    "total_output_tokens": 1170,
    "total_tokens": 6778,
    "total_cost": 0.09118000000000001
}