{
    "commit": "be32d9b9bd6fb5274de852afcbdee80217b940d1",
    "start_epoch": 1760737977.162844,
    "end_epoch": 1760738060.955564,
    "elapsed_seconds": 83.79272,
    "model": "gpt-4-0125-preview",
    "input_cost_per_token": 1e-05,
    "output_cost_per_token": 3e-05,
    "total_input_tokens": 8377,
    "total_output_tokens": 2858,
    "total_tokens": 11235,
    "total_cost": 0.16951
}