{
    "commit": "d5d20f7cfc82bf3d04fff14ca866a15de5ee72b9",
    "start_epoch": 1760819776.190264,
    "end_epoch": 1760819863.287089,
    "elapsed_seconds": 87.096825,
    "model": "gpt-4-0125-preview",
    "input_cost_per_token": 1e-05,
    "output_cost_per_token": 3e-05,
    "total_input_tokens": 13750,
    "total_output_tokens": 3120,
    "total_tokens": 16870,
    "total_cost": 0.23110000000000003
}