{
    "commit": "8a9328fdaa3444576c9fa0424b9a5fa7bed9700d",
    "start_epoch": 1760501426.941285,
    "end_epoch": 1760501473.327166,
    "elapsed_seconds": 46.385881,
    "model": "gpt-4-0125-preview",
    "input_cost_per_token": 1e-05,
    "output_cost_per_token": 3e-05,
    "total_input_tokens": 6057,
    "total_output_tokens": 1675,
    "total_tokens": 7732,
    "total_cost": 0.11082
}