{
    "commit": "ffeec818323704449dec2172c46a3bc365b59256",
    "start_epoch": 1760525238.658096,
    "end_epoch": 1760525374.201956,
    "elapsed_seconds": 135.54386,
    "model": "gpt-4-0125-preview",
    "input_cost_per_token": 1e-05,
    "output_cost_per_token": 3e-05,
    "total_input_tokens": 35934,
    "total_output_tokens": 4657,
    "total_tokens": 40591,
    "total_cost": 0.49905
}