{
    "commit": "0f4a64bc82194ece2546e35841feea8aa991b2a6",
    "start_epoch": 1760704328.972478,
    "end_epoch": 1760704387.251856,
    "elapsed_seconds": 58.279378,
    "model": "gpt-4-0125-preview",
    "input_cost_per_token": 1e-05,
    "output_cost_per_token": 3e-05,
    "total_input_tokens": 12025,
    "total_output_tokens": 2167,
    "total_tokens": 14192,
    "total_cost": 0.18526
}