{
    "commit": "6ba65953d67f233e357607a286c11e3f27849bf0",
    "start_epoch": 1760712199.751199,
    "end_epoch": 1760712290.037671,
    "elapsed_seconds": 90.286472,
    "model": "gpt-4-0125-preview",
    "input_cost_per_token": 1e-05,
    "output_cost_per_token": 3e-05,
    "total_input_tokens": 7958,
    "total_output_tokens": 3383,
    "total_tokens": 11341,
    "total_cost": 0.18107000000000004
}