{
    "commit": "8a0d4accbb5b87be575d2173effcee934f6cc833",
    "start_epoch": 1760806268.02033,
    "end_epoch": 1760806363.532277,
    "elapsed_seconds": 95.511947,
    "model": "gpt-4-0125-preview",
    "input_cost_per_token": 1e-05,
    "output_cost_per_token": 3e-05,
    "total_input_tokens": 13052,
    "total_output_tokens": 4159,
    "total_tokens": 17211,
    "total_cost": 0.25529
}