{
    "commit": "680fae67cac9f2d5497fa110bea82ff40bbc1ac5",
    "start_epoch": 1760550445.402253,
    "end_epoch": 1760550485.2771,
    "elapsed_seconds": 39.874847,
    "model": "gpt-4-0125-preview",
    "input_cost_per_token": 1e-05,
    "output_cost_per_token": 3e-05,
    "total_input_tokens": 6026,
    "total_output_tokens": 1215,
    "total_tokens": 7241,
    "total_cost": 0.09671
}