{
    "commit": "d1921e752dfd21ad1d829ceebc61cada5b3a71af",
    "start_epoch": 1760523266.362929,
    "end_epoch": 1760523331.321485,
    "elapsed_seconds": 64.958556,
    "model": "gpt-4-0125-preview",
    "input_cost_per_token": 1e-05,
    "output_cost_per_token": 3e-05,
    "total_input_tokens": 6155,
    "total_output_tokens": 1812,
    "total_tokens": 7967,
    "total_cost": 0.11591
}