{
    "commit": "cbf98112480a5ccca9a81f4613e87033cf6561a0",
    "start_epoch": 1760503070.838721,
    "end_epoch": 1760503110.429615,
    "elapsed_seconds": 39.590894,
    "model": "gpt-4-0125-preview",
    "input_cost_per_token": 1e-05,
    "output_cost_per_token": 3e-05,
    "total_input_tokens": 4943,
    "total_output_tokens": 1174,
    "total_tokens": 6117,
    "total_cost": 0.08465
}