{
    "commit": "bc4566bdf55d4265f816ad3c557172cfcf4ad089",
    "start_epoch": 1760514801.479404,
    "end_epoch": 1760514894.29211,
    "elapsed_seconds": 92.812706,
    "model": "gpt-4-0125-preview",
    "input_cost_per_token": 1e-05,
    "output_cost_per_token": 3e-05,
    "total_input_tokens": 20080,
    "total_output_tokens": 3173,
    "total_tokens": 23253,
    "total_cost": 0.29599
}