{
    "commit": "9e79742e18bbf3c23015d3a287eeca4d04d13bb5",
    "start_epoch": 1760354610.136596,
    "end_epoch": 1760354637.10211,
    "elapsed_seconds": 26.965514,
    "model": "gpt-4o-2024-05-13",
    "input_cost_per_token": 5e-06,
    "output_cost_per_token": 1.5e-05,
    "total_input_tokens": 7831,
    "total_output_tokens": 2020,
    "total_tokens": 9851,
    "total_cost": 0.069455
}