{
    "commit": "3f52f7908d8bef353b740787d11e18369ea11350",
    "start_epoch": 1760536537.248611,
    "end_epoch": 1760536592.126963,
    "elapsed_seconds": 54.878352,
    "model": "gpt-4-0125-preview",
    "input_cost_per_token": 1e-05,
    "output_cost_per_token": 3e-05,
    "total_input_tokens": 5232,
    "total_output_tokens": 1554,
    "total_tokens": 6786,
    "total_cost": 0.09894
}