{
    "commit": "d73a4ee495adf908c37616c6f43e03587a800d6a",
    "start_epoch": 1760557321.378719,
    "end_epoch": 1760557412.127964,
    "elapsed_seconds": 90.749245,
    "model": "gpt-4-0125-preview",
    "input_cost_per_token": 1e-05,
    "output_cost_per_token": 3e-05,
    "total_input_tokens": 9339,
    "total_output_tokens": 3172,
    "total_tokens": 12511,
    "total_cost": 0.18855000000000002
}