{
    "commit": "723f345c2659a1f1a013d6ebe37d1a0bd7aa3d1a",
    "start_epoch": 1760527988.0262,
    "end_epoch": 1760528071.921951,
    "elapsed_seconds": 83.895751,
    "model": "gpt-4-0125-preview",
    "input_cost_per_token": 1e-05,
    "output_cost_per_token": 3e-05,
    "total_input_tokens": 19163,
    "total_output_tokens": 2909,
    "total_tokens": 22072,
    "total_cost": 0.27890000000000004
}