{
    "commit": "3c548a6865e8fc9cb27e8e68d8ce0e9b150b1a13",
    "start_epoch": 1760569013.829345,
    "end_epoch": 1760569126.745018,
    "elapsed_seconds": 112.915673,
    "model": "gpt-4-0125-preview",
    "input_cost_per_token": 1e-05,
    "output_cost_per_token": 3e-05,
    "total_input_tokens": 24120,
    "total_output_tokens": 4394,
    "total_tokens": 28514,
    "total_cost": 0.3730200000000001
}