{
    "commit": "daef51df2cb4f8a56eaac7f032b108186047eecd",
    "start_epoch": 1760576349.846159,
    "end_epoch": 1760576454.587554,
    "elapsed_seconds": 104.741395,
    "model": "gpt-4-0125-preview",
    "input_cost_per_token": 1e-05,
    "output_cost_per_token": 3e-05,
    "total_input_tokens": 9845,
    "total_output_tokens": 3854,
    "total_tokens": 13699,
    "total_cost": 0.21407000000000004
}