{
    "commit": "578b9e43d9ac3f16a9c96532862163a6e5606a13",
    "start_epoch": 1760506695.051363,
    "end_epoch": 1760506778.670818,
    "elapsed_seconds": 83.619455,
    "model": "gpt-4-0125-preview",
    "input_cost_per_token": 1e-05,
    "output_cost_per_token": 3e-05,
    "total_input_tokens": 19814,
    "total_output_tokens": 3259,
    "total_tokens": 23073,
    "total_cost": 0.29591000000000006
}