{
    "commit": "9290aca26142a95b10fa5a95bbab6a2ff9059594",
    "start_epoch": 1760750211.072508,
    "end_epoch": 1760750241.891797,
    "elapsed_seconds": 30.819289,
    "model": "gpt-4-0125-preview",
    "input_cost_per_token": 1e-05,
    "output_cost_per_token": 3e-05,
    "total_input_tokens": 4239,
    "total_output_tokens": 891,
    "total_tokens": 5130,
    "total_cost": 0.06912
}