{
    "commit": "b80ba2ee86028ad4766c4a19759ad447e0229e35",
    "start_epoch": 1760783628.244326,
    "end_epoch": 1760783688.138132,
    "elapsed_seconds": 59.893806,
    "model": "gpt-4-0125-preview",
    "input_cost_per_token": 1e-05,
    "output_cost_per_token": 3e-05,
    "total_input_tokens": 8485,
    "total_output_tokens": 2296,
    "total_tokens": 10781,
    "total_cost": 0.15373
}