{
    "commit": "daf9537e36bb13191be2f93aff43e339fd7ef771",
    "start_epoch": 1760789219.267838,
    "end_epoch": 1760789600.327282,
    "elapsed_seconds": 381.059444,
    "model": "gpt-4-0125-preview",
    "input_cost_per_token": 1e-05,
    "output_cost_per_token": 3e-05,
    "total_input_tokens": 12621,
    "total_output_tokens": 3460,
    "total_tokens": 16081,
    "total_cost": 0.23001
}