{
    "commit": "2d55c6ed004fd6fcd200528e18ae9c2dae3902f3",
    "start_epoch": 1760553669.033884,
    "end_epoch": 1760553723.981355,
    "elapsed_seconds": 54.947471,
    "model": "gpt-4-0125-preview",
    "input_cost_per_token": 1e-05,
    "output_cost_per_token": 3e-05,
    "total_input_tokens": 10607,
    "total_output_tokens": 1986,
    "total_tokens": 12593,
    "total_cost": 0.16565000000000002
}