{
    "commit": "5e9c024dd54ddeb54892a6b46cef298528c9e30e",
    "start_epoch": 1760744588.505397,
    "end_epoch": 1760744632.63415,
    "elapsed_seconds": 44.128753,
    "model": "gpt-4-0125-preview",
    "input_cost_per_token": 1e-05,
    "output_cost_per_token": 3e-05,
    "total_input_tokens": 6832,
    "total_output_tokens": 1658,
    "total_tokens": 8490,
    "total_cost": 0.11806
}