{
    "commit": "168f2b2a918e4c79963ba5d9946212ef79b5a616",
    "start_epoch": 1760747704.232556,
    "end_epoch": 1760747802.389588,
    "elapsed_seconds": 98.157032,
    "model": "gpt-4-0125-preview",
    "input_cost_per_token": 1e-05,
    "output_cost_per_token": 3e-05,
    "total_input_tokens": 12780,
    "total_output_tokens": 4135,
    "total_tokens": 16915,
    "total_cost": 0.25184999999999996
}