{
    "commit": "e6437832bcc874f0b57fec17f496e90105802082",
    "start_epoch": 1760511563.748251,
    "end_epoch": 1760511679.696981,
    "elapsed_seconds": 115.94873,
    "model": "gpt-4-0125-preview",
    "input_cost_per_token": 1e-05,
    "output_cost_per_token": 3e-05,
    "total_input_tokens": 17744,
    "total_output_tokens": 4331,
    "total_tokens": 22075,
    "total_cost": 0.30737000000000003
}