{
    "commit": "db95adf6d225cb9df5def258d3a915c16e4afd0c",
    "start_epoch": 1760738469.325569,
    "end_epoch": 1760738512.765035,
    "elapsed_seconds": 43.439466,
    "model": "gpt-4-0125-preview",
    "input_cost_per_token": 1e-05,
    "output_cost_per_token": 3e-05,
    "total_input_tokens": 16184,
    "total_output_tokens": 1568,
    "total_tokens": 17752,
    "total_cost": 0.20888
}