{
    "commit": "a114823215e3a8dab561f257e583c996bc593b1b",
    "start_epoch": 1760559227.883164,
    "end_epoch": 1760559321.540278,
    "elapsed_seconds": 93.657114,
    "model": "gpt-4-0125-preview",
    "input_cost_per_token": 1e-05,
    "output_cost_per_token": 3e-05,
    "total_input_tokens": 15719,
    "total_output_tokens": 3257,
    "total_tokens": 18976,
    "total_cost": 0.2549
}