{
    "commit": "fca8493be50bf267c02a66f8be654f7c42d703ea",
    "start_epoch": 1760731974.487946,
    "end_epoch": 1760732079.097806,
    "elapsed_seconds": 104.60986,
    "model": "gpt-4-0125-preview",
    "input_cost_per_token": 1e-05,
    "output_cost_per_token": 3e-05,
    "total_input_tokens": 16150,
    "total_output_tokens": 3642,
    "total_tokens": 19792,
    "total_cost": 0.27076000000000006
}