{
    "commit": "dd997a7e89134c11322c5bad954c0079497abb57",
    "start_epoch": 1760551098.106948,
    "end_epoch": 1760551145.671055,
    "elapsed_seconds": 47.564107,
    "model": "gpt-4-0125-preview",
    "input_cost_per_token": 1e-05,
    "output_cost_per_token": 3e-05,
    "total_input_tokens": 6782,
    "total_output_tokens": 1754,
    "total_tokens": 8536,
    "total_cost": 0.12044
}