{
    "commit": "51f0048d8c4fc519369e2f96008e26cdc4715e08",
    "start_epoch": 1760530712.920404,
    "end_epoch": 1760530798.055988,
    "elapsed_seconds": 85.135584,
    "model": "gpt-4-0125-preview",
    "input_cost_per_token": 1e-05,
    "output_cost_per_token": 3e-05,
    "total_input_tokens": 9180,
    "total_output_tokens": 2902,
    "total_tokens": 12082,
    "total_cost": 0.17886000000000002
}