{
    "commit": "c8b7396b4eb529b3a50442ba0573568a9b077371",
    "start_epoch": 1760558586.981482,
    "end_epoch": 1760558636.957838,
    "elapsed_seconds": 49.976356,
    "model": "gpt-4-0125-preview",
    "input_cost_per_token": 1e-05,
    "output_cost_per_token": 3e-05,
    "total_input_tokens": 7692,
    "total_output_tokens": 1689,
    "total_tokens": 9381,
    "total_cost": 0.12759
}