{
    "commit": "7eebc25fb7c0684bc3f184fcf5965ff7c70b0686",
    "start_epoch": 1760801085.556252,
    "end_epoch": 1760801168.769748,
    "elapsed_seconds": 83.213496,
    "model": "gpt-4-0125-preview",
    "input_cost_per_token": 1e-05,
    "output_cost_per_token": 3e-05,
    "total_input_tokens": 12817,
    "total_output_tokens": 2958,
    "total_tokens": 15775,
    "total_cost": 0.21691000000000005
}