{
    "commit": "694497c00f5787ab669083374f3d8a2200649ead",
    "start_epoch": 1760506840.662291,
    "end_epoch": 1760506884.932728,
    "elapsed_seconds": 44.270437,
    "model": "gpt-4-0125-preview",
    "input_cost_per_token": 1e-05,
    "output_cost_per_token": 3e-05,
    "total_input_tokens": 5440,
    "total_output_tokens": 1575,
    "total_tokens": 7015,
    "total_cost": 0.10165
}