{
    "commit": "ce4400361305ddbc26ab9a701c7faee836c0a3fd",
    "start_epoch": 1760564871.315846,
    "end_epoch": 1760564953.366446,
    "elapsed_seconds": 82.0506,
    "model": "gpt-4-0125-preview",
    "input_cost_per_token": 1e-05,
    "output_cost_per_token": 3e-05,
    "total_input_tokens": 19180,
    "total_output_tokens": 2758,
    "total_tokens": 21938,
    "total_cost": 0.27454
}