{
    "commit": "62b69cb7447327c048be1780bfc1c68d17e68b6f",
    "start_epoch": 1760759408.704809,
    "end_epoch": 1760759489.476084,
    "elapsed_seconds": 80.771275,
    "model": "gpt-4-0125-preview",
    "input_cost_per_token": 1e-05,
    "output_cost_per_token": 3e-05,
    "total_input_tokens": 12630,
    "total_output_tokens": 3330,
    "total_tokens": 15960,
    "total_cost": 0.22620000000000004
}