{
    "commit": "37b233a5e24285db0e50790633eb17c39cd8458d",
    "start_epoch": 1760526520.840229,
    "end_epoch": 1760526565.929396,
    "elapsed_seconds": 45.089167,
    "model": "gpt-4-0125-preview",
    "input_cost_per_token": 1e-05,
    "output_cost_per_token": 3e-05,
    "total_input_tokens": 9218,
    "total_output_tokens": 1556,
    "total_tokens": 10774,
    "total_cost": 0.13886
}