{
    "commit": "38dd5f5e6bd0dd451630f450a894c0a9e5eafeae",
    "start_epoch": 1760506171.505373,
    "end_epoch": 1760506215.453839,
    "elapsed_seconds": 43.948466,
    "model": "gpt-4-0125-preview",
    "input_cost_per_token": 1e-05,
    "output_cost_per_token": 3e-05,
    "total_input_tokens": 4814,
    "total_output_tokens": 1425,
    "total_tokens": 6239,
    "total_cost": 0.09089
}