{
    "commit": "0e6c1d7310309e484dae8ba28e7f49cc46f9ec2c",
    "start_epoch": 1760578448.520172,
    "end_epoch": 1760578535.327532,
    "elapsed_seconds": 86.80736,
    "model": "gpt-4-0125-preview",
    "input_cost_per_token": 1e-05,
    "output_cost_per_token": 3e-05,
    "total_input_tokens": 12774,
    "total_output_tokens": 3218,
    "total_tokens": 15992,
    "total_cost": 0.22428
}