{
    "commit": "cff4d02cbe7ed8f6e660c9a013016bf0efd83577",
    "start_epoch": 1760711782.475988,
    "end_epoch": 1760711932.531692,
    "elapsed_seconds": 150.055704,
    "model": "gpt-4-0125-preview",
    "input_cost_per_token": 1e-05,
    "output_cost_per_token": 3e-05,
    "total_input_tokens": 29026,
    "total_output_tokens": 5336,
    "total_tokens": 34362,
    "total_cost": 0.45033999999999996
}