{
    "commit": "d2512d867c1a9b0724be1851690986dd9a14802a",
    "start_epoch": 1760783364.618268,
    "end_epoch": 1760783410.346422,
    "elapsed_seconds": 45.728154,
    "model": "gpt-4-0125-preview",
    "input_cost_per_token": 1e-05,
    "output_cost_per_token": 3e-05,
    "total_input_tokens": 5672,
    "total_output_tokens": 1683,
    "total_tokens": 7355,
    "total_cost": 0.10721000000000001
}