{
    "commit": "36748abc8d7affe5485b92afb8163c50514faea7",
    "start_epoch": 1760755175.363082,
    "end_epoch": 1760755260.799831,
    "elapsed_seconds": 85.436749,
    "model": "gpt-4-0125-preview",
    "input_cost_per_token": 1e-05,
    "output_cost_per_token": 3e-05,
    "total_input_tokens": 11809,
    "total_output_tokens": 3181,
    "total_tokens": 14990,
    "total_cost": 0.21352000000000002
}