{
    "commit": "5032e3536e81dd71a731a9f55063b40edb8c0edd",
    "start_epoch": 1760524412.376368,
    "end_epoch": 1760524482.314645,
    "elapsed_seconds": 69.938277,
    "model": "gpt-4-0125-preview",
    "input_cost_per_token": 1e-05,
    "output_cost_per_token": 3e-05,
    "total_input_tokens": 13711,
    "total_output_tokens": 2432,
    "total_tokens": 16143,
    "total_cost": 0.21006999999999998
}