{
    "commit": "c1c8d122c902541a032df3a70f98bd67e987982f",
    "start_epoch": 1760785356.187818,
    "end_epoch": 1760785455.040777,
    "elapsed_seconds": 98.852959,
    "model": "gpt-4-0125-preview",
    "input_cost_per_token": 1e-05,
    "output_cost_per_token": 3e-05,
    "total_input_tokens": 9764,
    "total_output_tokens": 3970,
    "total_tokens": 13734,
    "total_cost": 0.21674000000000002
}