{
    "commit": "1b60e7546b54ac794715deffc390521189ce5dcb",
    "start_epoch": 1760706239.232465,
    "end_epoch": 1760706329.389305,
    "elapsed_seconds": 90.15684,
    "model": "gpt-4-0125-preview",
    "input_cost_per_token": 1e-05,
    "output_cost_per_token": 3e-05,
    "total_input_tokens": 9690,
    "total_output_tokens": 3201,
    "total_tokens": 12891,
    "total_cost": 0.19293000000000002
}