{
    "commit": "b3ce6925a2043763a67b511804f715b0f95120ff",
    "start_epoch": 1760791841.147488,
    "end_epoch": 1760791871.759839,
    "elapsed_seconds": 30.612351,
    "model": "gpt-4-0125-preview",
    "input_cost_per_token": 1e-05,
    "output_cost_per_token": 3e-05,
    "total_input_tokens": 4104,
    "total_output_tokens": 901,
    "total_tokens": 5005,
    "total_cost": 0.06807
}