{
    "commit": "249e097e06c59e9b6a72c26b1ca9ed17620b25a1",
    "start_epoch": 1760584216.914809,
    "end_epoch": 1760584281.033554,
    "elapsed_seconds": 64.118745,
    "model": "gpt-4-0125-preview",
    "input_cost_per_token": 1e-05,
    "output_cost_per_token": 3e-05,
    "total_input_tokens": 11474,
    "total_output_tokens": 2049,
    "total_tokens": 13523,
    "total_cost": 0.17621
}