{
    "commit": "bfaefc43a9b47bc068990caa7119d892ba2f74aa",
    "start_epoch": 1760766393.253535,
    "end_epoch": 1760766431.401396,
    "elapsed_seconds": 38.147861,
    "model": "gpt-4-0125-preview",
    "input_cost_per_token": 1e-05,
    "output_cost_per_token": 3e-05,
    "total_input_tokens": 5153,
    "total_output_tokens": 1389,
    "total_tokens": 6542,
    "total_cost": 0.0932
}