{
    "commit": "a8e009d7a12f17a3833fde6ac38b91d7f78792f3",
    "start_epoch": 1760743972.694779,
    "end_epoch": 1760744009.953638,
    "elapsed_seconds": 37.258859,
    "model": "gpt-4-0125-preview",
    "input_cost_per_token": 1e-05,
    "output_cost_per_token": 3e-05,
    "total_input_tokens": 6492,
    "total_output_tokens": 1313,
    "total_tokens": 7805,
    "total_cost": 0.10431
}