{
    "commit": "826635bf92381bd2b51704a507799d12c11ca5b6",
    "start_epoch": 1760710637.457971,
    "end_epoch": 1760710723.617796,
    "elapsed_seconds": 86.159825,
    "model": "gpt-4-0125-preview",
    "input_cost_per_token": 1e-05,
    "output_cost_per_token": 3e-05,
    "total_input_tokens": 17944,
    "total_output_tokens": 2816,
    "total_tokens": 20760,
    "total_cost": 0.26392
}