{
    "commit": "a9f54f697bc8658622d87846e68a75c2ce7a5aae",
    "start_epoch": 1760756199.992031,
    "end_epoch": 1760756279.297546,
    "elapsed_seconds": 79.305515,
    "model": "gpt-4-0125-preview",
    "input_cost_per_token": 1e-05,
    "output_cost_per_token": 3e-05,
    "total_input_tokens": 10361,
    "total_output_tokens": 3135,
    "total_tokens": 13496,
    "total_cost": 0.19766000000000003
}