{
    "commit": "45a6a6385601dd96806dadbd8a2776554042a090",
    "start_epoch": 1760746455.909934,
    "end_epoch": 1760746497.057289,
    "elapsed_seconds": 41.147355,
    "model": "gpt-4-0125-preview",
    "input_cost_per_token": 1e-05,
    "output_cost_per_token": 3e-05,
    "total_input_tokens": 6420,
    "total_output_tokens": 1414,
    "total_tokens": 7834,
    "total_cost": 0.10661999999999999
}