{
    "commit": "138a22a607902d56d313e1e1825c3381578043ca",
    "start_epoch": 1760544947.594539,
    "end_epoch": 1760545001.040826,
    "elapsed_seconds": 53.446287,
    "model": "gpt-4-0125-preview",
    "input_cost_per_token": 1e-05,
    "output_cost_per_token": 3e-05,
    "total_input_tokens": 5940,
    "total_output_tokens": 1875,
    "total_tokens": 7815,
    "total_cost": 0.11565000000000002
}