{
    "commit": "26e7e0d0a2be93b62a008f077fe47816fdaad7fc",
    "start_epoch": 1760538959.168789,
    "end_epoch": 1760539030.324875,
    "elapsed_seconds": 71.156086,
    "model": "gpt-4-0125-preview",
    "input_cost_per_token": 1e-05,
    "output_cost_per_token": 3e-05,
    "total_input_tokens": 7049,
    "total_output_tokens": 2255,
    "total_tokens": 9304,
    "total_cost": 0.13813999999999999
}