{
    "commit": "a02111678f6d003777e39e974e613cfef49b0bc4",
    "start_epoch": 1760795811.621468,
    "end_epoch": 1760795896.74799,
    "elapsed_seconds": 85.126522,
    "model": "gpt-4-0125-preview",
    "input_cost_per_token": 1e-05,
    "output_cost_per_token": 3e-05,
    "total_input_tokens": 22770,
    "total_output_tokens": 3307,
    "total_tokens": 26077,
    "total_cost": 0.32691
}