{
    "commit": "024770b928395eee028784e839f9515d5c273db9",
    "start_epoch": 1760558216.029395,
    "end_epoch": 1760558247.554508,
    "elapsed_seconds": 31.525113,
    "model": "gpt-4-0125-preview",
    "input_cost_per_token": 1e-05,
    "output_cost_per_token": 3e-05,
    "total_input_tokens": 4244,
    "total_output_tokens": 1017,
    "total_tokens": 5261,
    "total_cost": 0.07295
}