{
    "commit": "acb7c5720a538471c0b316e8a25eb144cf615aee",
    "start_epoch": 1760753923.434927,
    "end_epoch": 1760753966.800788,
    "elapsed_seconds": 43.365861,
    "model": "gpt-4-0125-preview",
    "input_cost_per_token": 1e-05,
    "output_cost_per_token": 3e-05,
    "total_input_tokens": 9343,
    "total_output_tokens": 1641,
    "total_tokens": 10984,
    "total_cost": 0.14266
}