{
    "commit": "a593bed64d9cdaecb9ccf2db4918867eaacb031d",
    "start_epoch": 1760821548.191215,
    "end_epoch": 1760821634.016815,
    "elapsed_seconds": 85.8256,
    "model": "gpt-4-0125-preview",
    "input_cost_per_token": 1e-05,
    "output_cost_per_token": 3e-05,
    "total_input_tokens": 16677,
    "total_output_tokens": 2691,
    "total_tokens": 19368,
    "total_cost": 0.2475
}