{
    "commit": "56d59ab109cc7a8df92d21004028e2747bb1e090",
    "start_epoch": 1760777801.467334,
    "end_epoch": 1760777919.0781,
    "elapsed_seconds": 117.610766,
    "model": "gpt-4-0125-preview",
    "input_cost_per_token": 1e-05,
    "output_cost_per_token": 3e-05,
    "total_input_tokens": 26968,
    "total_output_tokens": 2923,
    "total_tokens": 29891,
    "total_cost": 0.35737
}