{
    "commit": "59e611db64edb7d129a59d8b9cb44a702bbd1673",
    "start_epoch": 1760498824.896613,
    "end_epoch": 1760498922.186195,
    "elapsed_seconds": 97.289582,
    "model": "gpt-4-0125-preview",
    "input_cost_per_token": 1e-05,
    "output_cost_per_token": 3e-05,
    "total_input_tokens": 12138,
    "total_output_tokens": 3828,
    "total_tokens": 15966,
    "total_cost": 0.23622
}