{
    "commit": "f11203d73233d76639ee74b079c1658fb3f00c73",
    "start_epoch": 1760739440.084139,
    "end_epoch": 1760739531.702496,
    "elapsed_seconds": 91.618357,
    "model": "gpt-4-0125-preview",
    "input_cost_per_token": 1e-05,
    "output_cost_per_token": 3e-05,
    "total_input_tokens": 11109,
    "total_output_tokens": 3505,
    "total_tokens": 14614,
    "total_cost": 0.21624000000000002
}