{
    "commit": "3274f75409820f51ba4a598066eb78d38ba0622d",
    "start_epoch": 1760741392.680945,
    "end_epoch": 1760741431.285762,
    "elapsed_seconds": 38.604817,
    "model": "gpt-4-0125-preview",
    "input_cost_per_token": 1e-05,
    "output_cost_per_token": 3e-05,
    "total_input_tokens": 4638,
    "total_output_tokens": 1417,
    "total_tokens": 6055,
    "total_cost": 0.08889000000000001
}