{
    "commit": "269ef1dd3c74e9af02bf27c6cca5ff3f7232c204",
    "start_epoch": 1760516771.985533,
    "end_epoch": 1760516879.92945,
    "elapsed_seconds": 107.943917,
    "model": "gpt-4-0125-preview",
    "input_cost_per_token": 1e-05,
    "output_cost_per_token": 3e-05,
    "total_input_tokens": 33597,
    "total_output_tokens": 3750,
    "total_tokens": 37347,
    "total_cost": 0.44847000000000004
}