{
    "commit": "e59e24779da2fd5ebed459ff726af1296a756cfe",
    "start_epoch": 1760706812.418939,
    "end_epoch": 1760707116.866501,
    "elapsed_seconds": 304.447562,
    "model": "gpt-4-0125-preview",
    "input_cost_per_token": 1e-05,
    "output_cost_per_token": 3e-05,
    "total_input_tokens": 160052,
    "total_output_tokens": 7430,
    "total_tokens": 167482,
    "total_cost": 1.8234199999999998
}