{
    "commit": "f2f67fbe74eb80aaf2815c11c403efb8105c0200",
    "start_epoch": 1760796231.101793,
    "end_epoch": 1760796343.787868,
    "elapsed_seconds": 112.686075,
    "model": "gpt-4-0125-preview",
    "input_cost_per_token": 1e-05,
    "output_cost_per_token": 3e-05,
    "total_input_tokens": 18612,
    "total_output_tokens": 4373,
    "total_tokens": 22985,
    "total_cost": 0.31731
}