{
    "commit": "2526132a945cd8292bd74b59806c28853db468ab",
    "start_epoch": 1760778124.110843,
    "end_epoch": 1760778172.930643,
    "elapsed_seconds": 48.8198,
    "model": "gpt-4-0125-preview",
    "input_cost_per_token": 1e-05,
    "output_cost_per_token": 3e-05,
    "total_input_tokens": 6347,
    "total_output_tokens": 1508,
    "total_tokens": 7855,
    "total_cost": 0.10871
}