{
    "commit": "a94032de8029bd96af0190746211a2e97ae6ac2b",
    "start_epoch": 1760799728.014648,
    "end_epoch": 1760799771.220638,
    "elapsed_seconds": 43.20599,
    "model": "gpt-4-0125-preview",
    "input_cost_per_token": 1e-05,
    "output_cost_per_token": 3e-05,
    "total_input_tokens": 8372,
    "total_output_tokens": 1458,
    "total_tokens": 9830,
    "total_cost": 0.12746000000000002
}