{
    "commit": "637c92f5f4c4ac8aa1a1bd8e16843089b9de5cad",
    "start_epoch": 1760699678.529257,
    "end_epoch": 1760699724.850679,
    "elapsed_seconds": 46.321422,
    "model": "gpt-4-0125-preview",
    "input_cost_per_token": 1e-05,
    "output_cost_per_token": 3e-05,
    "total_input_tokens": 6052,
    "total_output_tokens": 1587,
    "total_tokens": 7639,
    "total_cost": 0.10813
}