{
    "commit": "115eaa2035d1bae47fd556e53504895bb7452fee",
    "start_epoch": 1760721023.740852,
    "end_epoch": 1760721110.549858,
    "elapsed_seconds": 86.809006,
    "model": "gpt-4-0125-preview",
    "input_cost_per_token": 1e-05,
    "output_cost_per_token": 3e-05,
    "total_input_tokens": 15381,
    "total_output_tokens": 3243,
    "total_tokens": 18624,
    "total_cost": 0.25110000000000005
}