{
    "commit": "4ea91f27b9fcfb0fad05b73f02b6a2ad368d2860",
    "start_epoch": 1760786434.119382,
    "end_epoch": 1760786515.145377,
    "elapsed_seconds": 81.025995,
    "model": "gpt-4-0125-preview",
    "input_cost_per_token": 1e-05,
    "output_cost_per_token": 3e-05,
    "total_input_tokens": 10588,
    "total_output_tokens": 3120,
    "total_tokens": 13708,
    "total_cost": 0.19948000000000002
}