{
    "commit": "6f28f4d7825f7f0c7175d26f38adbce87e6859e3",
    "start_epoch": 1760752445.636894,
    "end_epoch": 1760752492.217911,
    "elapsed_seconds": 46.581017,
    "model": "gpt-4-0125-preview",
    "input_cost_per_token": 1e-05,
    "output_cost_per_token": 3e-05,
    "total_input_tokens": 7869,
    "total_output_tokens": 1732,
    "total_tokens": 9601,
    "total_cost": 0.13065
}