{
    "commit": "481f8b2558b373ab85df0896c3fe34df88a8af25",
    "start_epoch": 1760738061.209482,
    "end_epoch": 1760738117.410661,
    "elapsed_seconds": 56.201179,
    "model": "gpt-4-0125-preview",
    "input_cost_per_token": 1e-05,
    "output_cost_per_token": 3e-05,
    "total_input_tokens": 8386,
    "total_output_tokens": 1939,
    "total_tokens": 10325,
    "total_cost": 0.14203000000000002
}