{
    "commit": "f65353d7f620df5d27798d57af5e3f1649f17bd8",
    "start_epoch": 1760804431.014704,
    "end_epoch": 1760804472.456716,
    "elapsed_seconds": 41.442012,
    "model": "gpt-4-0125-preview",
    "input_cost_per_token": 1e-05,
    "output_cost_per_token": 3e-05,
    "total_input_tokens": 5632,
    "total_output_tokens": 1504,
    "total_tokens": 7136,
    "total_cost": 0.10144
}