{
    "commit": "c8f211d35634d754218a72f13ec79f4238f9083e",
    "start_epoch": 1760509338.329852,
    "end_epoch": 1760509379.690646,
    "elapsed_seconds": 41.360794,
    "model": "gpt-4-0125-preview",
    "input_cost_per_token": 1e-05,
    "output_cost_per_token": 3e-05,
    "total_input_tokens": 5088,
    "total_output_tokens": 1428,
    "total_tokens": 6516,
    "total_cost": 0.09372
}