{
    "commit": "5a0d6585a210c65699dfa713e892c593e997ae53",
    "start_epoch": 1760705035.352551,
    "end_epoch": 1760705078.841812,
    "elapsed_seconds": 43.489261,
    "model": "gpt-4-0125-preview",
    "input_cost_per_token": 1e-05,
    "output_cost_per_token": 3e-05,
    "total_input_tokens": 6118,
    "total_output_tokens": 1477,
    "total_tokens": 7595,
    "total_cost": 0.10549
}