{
    "commit": "94f9a78b810e00ea417596393baf8b7797500636",
    "start_epoch": 1760552766.100943,
    "end_epoch": 1760552815.162669,
    "elapsed_seconds": 49.061726,
    "model": "gpt-4-0125-preview",
    "input_cost_per_token": 1e-05,
    "output_cost_per_token": 3e-05,
    "total_input_tokens": 5836,
    "total_output_tokens": 1755,
    "total_tokens": 7591,
    "total_cost": 0.11101
}