{
    "commit": "c217cb6474578e30b57a6d5ea2fbd41c3c2b6093",
    "start_epoch": 1760792669.662206,
    "end_epoch": 1760792725.035172,
    "elapsed_seconds": 55.372966,
    "model": "gpt-4-0125-preview",
    "input_cost_per_token": 1e-05,
    "output_cost_per_token": 3e-05,
    "total_input_tokens": 12867,
    "total_output_tokens": 1927,
    "total_tokens": 14794,
    "total_cost": 0.18648000000000003
}