{
    "commit": "61874c8114a5783edab15c238988f8806fa66fdd",
    "start_epoch": 1760558449.55695,
    "end_epoch": 1760558586.780412,
    "elapsed_seconds": 137.223462,
    "model": "gpt-4-0125-preview",
    "input_cost_per_token": 1e-05,
    "output_cost_per_token": 3e-05,
    "total_input_tokens": 16123,
    "total_output_tokens": 4561,
    "total_tokens": 20684,
    "total_cost": 0.29806000000000005
}