{
    "commit": "5c9801d0c221b825c490d3fc7f37fbcac92c671d",
    "start_epoch": 1760710424.822156,
    "end_epoch": 1760710534.339088,
    "elapsed_seconds": 109.516932,
    "model": "gpt-4-0125-preview",
    "input_cost_per_token": 1e-05,
    "output_cost_per_token": 3e-05,
    "total_input_tokens": 15828,
    "total_output_tokens": 3799,
    "total_tokens": 19627,
    "total_cost": 0.27225000000000005
}