{
    "commit": "7c4e4a6a42a7332563aa9e0d6328ec62b91971cc",
    "start_epoch": 1760560311.020664,
    "end_epoch": 1760560419.686899,
    "elapsed_seconds": 108.666235,
    "model": "gpt-4-0125-preview",
    "input_cost_per_token": 1e-05,
    "output_cost_per_token": 3e-05,
    "total_input_tokens": 27350,
    "total_output_tokens": 3494,
    "total_tokens": 30844,
    "total_cost": 0.37832000000000005
}