{
    "commit": "56ab24291adc8646c737661ba251b72971f020e2",
    "start_epoch": 1760779485.990676,
    "end_epoch": 1760779589.395685,
    "elapsed_seconds": 103.405009,
    "model": "gpt-4-0125-preview",
    "input_cost_per_token": 1e-05,
    "output_cost_per_token": 3e-05,
    "total_input_tokens": 15547,
    "total_output_tokens": 3524,
    "total_tokens": 19071,
    "total_cost": 0.26119
}