{
    "commit": "c885aaf1855e0aeec330810930cc4132923eb34c",
    "start_epoch": 1760763547.356121,
    "end_epoch": 1760763587.199938,
    "elapsed_seconds": 39.843817,
    "model": "gpt-4-0125-preview",
    "input_cost_per_token": 1e-05,
    "output_cost_per_token": 3e-05,
    "total_input_tokens": 5161,
    "total_output_tokens": 1319,
    "total_tokens": 6480,
    "total_cost": 0.09118
}