{
    "commit": "0e5a1e50cb683d686a99719061fff2222534bf4b",
    "start_epoch": 1760739352.912637,
    "end_epoch": 1760739439.940166,
    "elapsed_seconds": 87.027529,
    "model": "gpt-4-0125-preview",
    "input_cost_per_token": 1e-05,
    "output_cost_per_token": 3e-05,
    "total_input_tokens": 12609,
    "total_output_tokens": 3401,
    "total_tokens": 16010,
    "total_cost": 0.22812000000000004
}