{
    "commit": "b977038d2d43b2138b1f4fb1837ee23ee81276c3",
    "start_epoch": 1760819646.038022,
    "end_epoch": 1760819704.126601,
    "elapsed_seconds": 58.088579,
    "model": "gpt-4-0125-preview",
    "input_cost_per_token": 1e-05,
    "output_cost_per_token": 3e-05,
    "total_input_tokens": 10257,
    "total_output_tokens": 1817,
    "total_tokens": 12074,
    "total_cost": 0.15708
}