{
    "commit": "ad8b19baf20c96bf362d3870dd8c04728ae5f04d",
    "start_epoch": 1760771897.720301,
    "end_epoch": 1760772182.996951,
    "elapsed_seconds": 285.27665,
    "model": "gpt-4-0125-preview",
    "input_cost_per_token": 1e-05,
    "output_cost_per_token": 3e-05,
    "total_input_tokens": 126027,
    "total_output_tokens": 6803,
    "total_tokens": 132830,
    "total_cost": 1.4643600000000003
}