{
    "commit": "d5c60674613eb80e2e86c7867818a3bc5dba4332",
    "start_epoch": 1760501694.717565,
    "end_epoch": 1760501743.257943,
    "elapsed_seconds": 48.540378,
    "model": "gpt-4-0125-preview",
    "input_cost_per_token": 1e-05,
    "output_cost_per_token": 3e-05,
    "total_input_tokens": 6064,
    "total_output_tokens": 1545,
    "total_tokens": 7609,
    "total_cost": 0.10699
}