{
    "commit": "b6ff913fd1fb1670c6eba65074bf78ba5c8581c8",
    "start_epoch": 1760754430.548647,
    "end_epoch": 1760754470.003715,
    "elapsed_seconds": 39.455068,
    "model": "gpt-4-0125-preview",
    "input_cost_per_token": 1e-05,
    "output_cost_per_token": 3e-05,
    "total_input_tokens": 6843,
    "total_output_tokens": 1420,
    "total_tokens": 8263,
    "total_cost": 0.11103000000000002
}