{
    "commit": "bd9bd7a9e52dce35bf96f23dddb0cb4272d29dc1",
    "start_epoch": 1760585908.132734,
    "end_epoch": 1760585956.753214,
    "elapsed_seconds": 48.62048,
    "model": "gpt-4-0125-preview",
    "input_cost_per_token": 1e-05,
    "output_cost_per_token": 3e-05,
    "total_input_tokens": 4486,
    "total_output_tokens": 1451,
    "total_tokens": 5937,
    "total_cost": 0.08839
}