{
    "commit": "6c9bdc409149a88bab9e25ce865b18e35a1f8f50",
    "start_epoch": 1760799653.071331,
    "end_epoch": 1760799727.916829,
    "elapsed_seconds": 74.845498,
    "model": "gpt-4-0125-preview",
    "input_cost_per_token": 1e-05,
    "output_cost_per_token": 3e-05,
    "total_input_tokens": 20433,
    "total_output_tokens": 2897,
    "total_tokens": 23330,
    "total_cost": 0.29124
}