{
    "commit": "177e42d3ef8798979d3ebf3d4c30a883ac5b46f1",
    "start_epoch": 1760547709.061496,
    "end_epoch": 1760547759.263099,
    "elapsed_seconds": 50.201603,
    "model": "gpt-4-0125-preview",
    "input_cost_per_token": 1e-05,
    "output_cost_per_token": 3e-05,
    "total_input_tokens": 12460,
    "total_output_tokens": 1578,
    "total_tokens": 14038,
    "total_cost": 0.17194
}