{
    "commit": "0fff7da189d41efc54e4fadac361fe6a14895707",
    "start_epoch": 1760568134.685076,
    "end_epoch": 1760568257.022895,
    "elapsed_seconds": 122.337819,
    "model": "gpt-4-0125-preview",
    "input_cost_per_token": 1e-05,
    "output_cost_per_token": 3e-05,
    "total_input_tokens": 17222,
    "total_output_tokens": 4632,
    "total_tokens": 21854,
    "total_cost": 0.31118
}