{
    "commit": "01d8355d4ee993b7aa4c31fb9c1ffbfc0786426f",
    "start_epoch": 1760761733.767229,
    "end_epoch": 1760761829.651668,
    "elapsed_seconds": 95.884439,
    "model": "gpt-4-0125-preview",
    "input_cost_per_token": 1e-05,
    "output_cost_per_token": 3e-05,
    "total_input_tokens": 10322,
    "total_output_tokens": 3855,
    "total_tokens": 14177,
    "total_cost": 0.21887
}