{
    "commit": "1da7baf1619fd0cd9ba3bdcf7a06d7fdf4790e12",
    "start_epoch": 1760553801.900453,
    "end_epoch": 1760553855.689815,
    "elapsed_seconds": 53.789362,
    "model": "gpt-4-0125-preview",
    "input_cost_per_token": 1e-05,
    "output_cost_per_token": 3e-05,
    "total_input_tokens": 7200,
    "total_output_tokens": 1839,
    "total_tokens": 9039,
    "total_cost": 0.12717
}