{
    "commit": "abbe33cb8e266c9579aa02dd74e628f8c0a87616",
    "start_epoch": 1760788618.90989,
    "end_epoch": 1760788687.664297,
    "elapsed_seconds": 68.754407,
    "model": "gpt-4-0125-preview",
    "input_cost_per_token": 1e-05,
    "output_cost_per_token": 3e-05,
    "total_input_tokens": 8956,
    "total_output_tokens": 2692,
    "total_tokens": 11648,
    "total_cost": 0.17032000000000003
}