{
    "commit": "ef1ba2fad8f6ba150882227c0d87be32cfc7ead0",
    "start_epoch": 1760701451.502849,
    "end_epoch": 1760701506.563727,
    "elapsed_seconds": 55.060878,
    "model": "gpt-4-0125-preview",
    "input_cost_per_token": 1e-05,
    "output_cost_per_token": 3e-05,
    "total_input_tokens": 8956,
    "total_output_tokens": 1761,
    "total_tokens": 10717,
    "total_cost": 0.14239000000000002
}