{
    "commit": "a12ad2172d881462cd081afd9221899e857ca7e7",
    "start_epoch": 1760506641.058559,
    "end_epoch": 1760506694.849012,
    "elapsed_seconds": 53.790453,
    "model": "gpt-4-0125-preview",
    "input_cost_per_token": 1e-05,
    "output_cost_per_token": 3e-05,
    "total_input_tokens": 13890,
    "total_output_tokens": 1758,
    "total_tokens": 15648,
    "total_cost": 0.19164000000000003
}