{
    "commit": "00dfce7c3f62a6efc3782d66eb58a7a9216d46a8",
    "start_epoch": 1760781301.985929,
    "end_epoch": 1760781391.528116,
    "elapsed_seconds": 89.542187,
    "model": "gpt-4-0125-preview",
    "input_cost_per_token": 1e-05,
    "output_cost_per_token": 3e-05,
    "total_input_tokens": 13603,
    "total_output_tokens": 3797,
    "total_tokens": 17400,
    "total_cost": 0.24994000000000002
}