{
    "commit": "24384e8a5f51eb40eaab263efa8e38f7b6cb82c1",
    "start_epoch": 1760497223.697226,
    "end_epoch": 1760497264.818861,
    "elapsed_seconds": 41.121635,
    "model": "gpt-4-0125-preview",
    "input_cost_per_token": 1e-05,
    "output_cost_per_token": 3e-05,
    "total_input_tokens": 5421,
    "total_output_tokens": 1333,
    "total_tokens": 6754,
    "total_cost": 0.0942
}