{
    "commit": "0164bb0b3d886c5ad87630d662275998165c8359",
    "start_epoch": 1760722721.302144,
    "end_epoch": 1760722847.201713,
    "elapsed_seconds": 125.899569,
    "model": "gpt-4-0125-preview",
    "input_cost_per_token": 1e-05,
    "output_cost_per_token": 3e-05,
    "total_input_tokens": 27012,
    "total_output_tokens": 4359,
    "total_tokens": 31371,
    "total_cost": 0.40089
}