{
    "commit": "ab200c5f2266bcc987f8dd32d5d70fc2094ebce2",
    "start_epoch": 1760797787.655348,
    "end_epoch": 1760797895.51998,
    "elapsed_seconds": 107.864632,
    "model": "gpt-4-0125-preview",
    "input_cost_per_token": 1e-05,
    "output_cost_per_token": 3e-05,
    "total_input_tokens": 47701,
    "total_output_tokens": 3623,
    "total_tokens": 51324,
    "total_cost": 0.5857000000000001
}