{
    "commit": "9a0a9faeaf08b6e7e097e53b03e9d6bfb2187aee",
    "start_epoch": 1760696973.50375,
    "end_epoch": 1760697037.090517,
    "elapsed_seconds": 63.586767,
    "model": "gpt-4-0125-preview",
    "input_cost_per_token": 1e-05,
    "output_cost_per_token": 3e-05,
    "total_input_tokens": 20537,
    "total_output_tokens": 2206,
    "total_tokens": 22743,
    "total_cost": 0.27155
}