{
    "commit": "3c52310ee7fa20ec77f210a8caa8b911fd6d595a",
    "start_epoch": 1760500199.46836,
    "end_epoch": 1760500297.765687,
    "elapsed_seconds": 98.297327,
    "model": "gpt-4-0125-preview",
    "input_cost_per_token": 1e-05,
    "output_cost_per_token": 3e-05,
    "total_input_tokens": 20893,
    "total_output_tokens": 3438,
    "total_tokens": 24331,
    "total_cost": 0.31206999999999996
}