{
    "commit": "f8c10efd2dfb37461f25d5fcc2247362cc2ae59f",
    "start_epoch": 1760548496.388885,
    "end_epoch": 1760548542.612912,
    "elapsed_seconds": 46.224027,
    "model": "gpt-4-0125-preview",
    "input_cost_per_token": 1e-05,
    "output_cost_per_token": 3e-05,
    "total_input_tokens": 6917,
    "total_output_tokens": 1616,
    "total_tokens": 8533,
    "total_cost": 0.11765
}