{
    "commit": "d5bde59ef042330cbdf41b927dbac5f21b94c11c",
    "start_epoch": 1760545749.833357,
    "end_epoch": 1760545947.756971,
    "elapsed_seconds": 197.923614,
    "model": "gpt-4-0125-preview",
    "input_cost_per_token": 1e-05,
    "output_cost_per_token": 3e-05,
    "total_input_tokens": 58976,
    "total_output_tokens": 6303,
    "total_tokens": 65279,
    "total_cost": 0.7788500000000002
}