{
    "commit": "40bae9766bcf01de05b759359912499a97a7a04a",
    "start_epoch": 1760759779.683155,
    "end_epoch": 1760759861.293093,
    "elapsed_seconds": 81.609938,
    "model": "gpt-4-0125-preview",
    "input_cost_per_token": 1e-05,
    "output_cost_per_token": 3e-05,
    "total_input_tokens": 15355,
    "total_output_tokens": 3308,
    "total_tokens": 18663,
    "total_cost": 0.25279000000000007
}