{
    "commit": "a5e90045933508745864f2252726222f71c44f38",
    "start_epoch": 1760542398.040723,
    "end_epoch": 1760542495.019799,
    "elapsed_seconds": 96.979076,
    "model": "gpt-4-0125-preview",
    "input_cost_per_token": 1e-05,
    "output_cost_per_token": 3e-05,
    "total_input_tokens": 42088,
    "total_output_tokens": 3149,
    "total_tokens": 45237,
    "total_cost": 0.51535
}