{
    "commit": "b88b3d6f4c8a0c6734e32d5b296a2a0138d1e1d5",
    "start_epoch": 1760506320.633561,
    "end_epoch": 1760506388.880256,
    "elapsed_seconds": 68.246695,
    "model": "gpt-4-0125-preview",
    "input_cost_per_token": 1e-05,
    "output_cost_per_token": 3e-05,
    "total_input_tokens": 11452,
    "total_output_tokens": 2296,
    "total_tokens": 13748,
    "total_cost": 0.1834
}