{
    "commit": "bc8b7584f457c6a4461c24200f7361efa9876ced",
    "start_epoch": 1760781759.70745,
    "end_epoch": 1760781803.205379,
    "elapsed_seconds": 43.497929,
    "model": "gpt-4-0125-preview",
    "input_cost_per_token": 1e-05,
    "output_cost_per_token": 3e-05,
    "total_input_tokens": 5562,
    "total_output_tokens": 1606,
    "total_tokens": 7168,
    "total_cost": 0.10380000000000002
}