{
    "commit": "dd0668e96d6d6475cce8d5ac9a075562b49d7839",
    "start_epoch": 1760523527.701409,
    "end_epoch": 1760523654.641155,
    "elapsed_seconds": 126.939746,
    "model": "gpt-4-0125-preview",
    "input_cost_per_token": 1e-05,
    "output_cost_per_token": 3e-05,
    "total_input_tokens": 22119,
    "total_output_tokens": 3462,
    "total_tokens": 25581,
    "total_cost": 0.32504999999999995
}