{
    "commit": "0412a86a0b38e12197fcc928a91868363ec1a834",
    "start_epoch": 1760706547.926195,
    "end_epoch": 1760706584.756881,
    "elapsed_seconds": 36.830686,
    "model": "gpt-4-0125-preview",
    "input_cost_per_token": 1e-05,
    "output_cost_per_token": 3e-05,
    "total_input_tokens": 5826,
    "total_output_tokens": 1065,
    "total_tokens": 6891,
    "total_cost": 0.09021
}