{
    "commit": "1e6b53e24cbf920672d1abf5a9a0e40a857a88ca",
    "start_epoch": 1760776742.685126,
    "end_epoch": 1760776829.390793,
    "elapsed_seconds": 86.705667,
    "model": "gpt-4-0125-preview",
    "input_cost_per_token": 1e-05,
    "output_cost_per_token": 3e-05,
    "total_input_tokens": 11419,
    "total_output_tokens": 3054,
    "total_tokens": 14473,
    "total_cost": 0.20581000000000002
}