{
    "commit": "859858509b0cb95be9871f3319b9b584f9f652a7",
    "start_epoch": 1760741915.729061,
    "end_epoch": 1760741957.831989,
    "elapsed_seconds": 42.102928,
    "model": "gpt-4-0125-preview",
    "input_cost_per_token": 1e-05,
    "output_cost_per_token": 3e-05,
    "total_input_tokens": 10414,
    "total_output_tokens": 1603,
    "total_tokens": 12017,
    "total_cost": 0.15223000000000003
}