{
    "commit": "8f832425afdc30e9dbea793ba4b60585e1fb9c69",
    "start_epoch": 1760550286.164481,
    "end_epoch": 1760550325.784071,
    "elapsed_seconds": 39.61959,
    "model": "gpt-4-0125-preview",
    "input_cost_per_token": 1e-05,
    "output_cost_per_token": 3e-05,
    "total_input_tokens": 4940,
    "total_output_tokens": 1164,
    "total_tokens": 6104,
    "total_cost": 0.08432
}