{
    "commit": "7dcafffc245333d47cdeacb311b09b76428a83f4",
    "start_epoch": 1760541869.38195,
    "end_epoch": 1760541938.848899,
    "elapsed_seconds": 69.466949,
    "model": "gpt-4-0125-preview",
    "input_cost_per_token": 1e-05,
    "output_cost_per_token": 3e-05,
    "total_input_tokens": 9008,
    "total_output_tokens": 2209,
    "total_tokens": 11217,
    "total_cost": 0.15635
}