{
    "commit": "58de1aa147cea5f130f397cea1e007451f10348c",
    "start_epoch": 1760786781.660018,
    "end_epoch": 1760786822.598233,
    "elapsed_seconds": 40.938215,
    "model": "gpt-4-0125-preview",
    "input_cost_per_token": 1e-05,
    "output_cost_per_token": 3e-05,
    "total_input_tokens": 9051,
    "total_output_tokens": 1497,
    "total_tokens": 10548,
    "total_cost": 0.13542
}