{
    "commit": "7b5b04c1172484889f296a0c30f9536d3203ce99",
    "start_epoch": 1760790348.396994,
    "end_epoch": 1760790395.067483,
    "elapsed_seconds": 46.670489,
    "model": "gpt-4-0125-preview",
    "input_cost_per_token": 1e-05,
    "output_cost_per_token": 3e-05,
    "total_input_tokens": 6475,
    "total_output_tokens": 1799,
    "total_tokens": 8274,
    "total_cost": 0.11872
}