{
    "commit": "9399b6202a416e197fbeb47fb6b2da95d19f8564",
    "start_epoch": 1760784048.89838,
    "end_epoch": 1760784098.314832,
    "elapsed_seconds": 49.416452,
    "model": "gpt-4-0125-preview",
    "input_cost_per_token": 1e-05,
    "output_cost_per_token": 3e-05,
    "total_input_tokens": 9944,
    "total_output_tokens": 1608,
    "total_tokens": 11552,
    "total_cost": 0.14768
}