{
    "commit": "ba62cc1625d3b80b6ca9efc6210efae86687eb78",
    "start_epoch": 1760539394.384059,
    "end_epoch": 1760539457.213069,
    "elapsed_seconds": 62.82901,
    "model": "gpt-4-0125-preview",
    "input_cost_per_token": 1e-05,
    "output_cost_per_token": 3e-05,
    "total_input_tokens": 10321,
    "total_output_tokens": 1819,
    "total_tokens": 12140,
    "total_cost": 0.15778
}