{
    "commit": "1549bc3745882c3993b6b0e1ccbfb618dbddf1fd",
    "start_epoch": 1760752331.701164,
    "end_epoch": 1760752398.596089,
    "elapsed_seconds": 66.894925,
    "model": "gpt-4-0125-preview",
    "input_cost_per_token": 1e-05,
    "output_cost_per_token": 3e-05,
    "total_input_tokens": 10679,
    "total_output_tokens": 2649,
    "total_tokens": 13328,
    "total_cost": 0.18626
}