{
    "commit": "cb6644b080885046ec07d055c788a681764900ca",
    "start_epoch": 1760756978.001884,
    "end_epoch": 1760757067.711683,
    "elapsed_seconds": 89.709799,
    "model": "gpt-4-0125-preview",
    "input_cost_per_token": 1e-05,
    "output_cost_per_token": 3e-05,
    "total_input_tokens": 11952,
    "total_output_tokens": 3334,
    "total_tokens": 15286,
    "total_cost": 0.21954
}