{
    "commit": "5de1ca8297cfb36ad2f8edb55ed07c4dc9c71177",
    "start_epoch": 1760739101.11868,
    "end_epoch": 1760739199.654852,
    "elapsed_seconds": 98.536172,
    "model": "gpt-4-0125-preview",
    "input_cost_per_token": 1e-05,
    "output_cost_per_token": 3e-05,
    "total_input_tokens": 40585,
    "total_output_tokens": 3877,
    "total_tokens": 44462,
    "total_cost": 0.5221600000000001
}