{
    "commit": "00ff483170ff453e8a78c3be6e74e2e72ad279b6",
    "start_epoch": 1760510477.429361,
    "end_epoch": 1760510893.4247,
    "elapsed_seconds": 415.995339,
    "model": "gpt-4-0125-preview",
    "input_cost_per_token": 1e-05,
    "output_cost_per_token": 3e-05,
    "total_input_tokens": 181598,
    "total_output_tokens": 12856,
    "total_tokens": 194454,
    "total_cost": 2.20166
}