{
    "commit": "950df1d47a081f90f575f9d5f44463d8d64b497c",
    "start_epoch": 1760791260.219116,
    "end_epoch": 1760791368.611468,
    "elapsed_seconds": 108.392352,
    "model": "gpt-4-0125-preview",
    "input_cost_per_token": 1e-05,
    "output_cost_per_token": 3e-05,
    "total_input_tokens": 15347,
    "total_output_tokens": 4106,
    "total_tokens": 19453,
    "total_cost": 0.27665000000000006
}