{
    "commit": "3c821aaddfff11c2561a212fe5bd4e061200ee42",
    "start_epoch": 1760791935.040545,
    "end_epoch": 1760791981.632614,
    "elapsed_seconds": 46.592069,
    "model": "gpt-4-0125-preview",
    "input_cost_per_token": 1e-05,
    "output_cost_per_token": 3e-05,
    "total_input_tokens": 7856,
    "total_output_tokens": 1708,
    "total_tokens": 9564,
    "total_cost": 0.12980000000000003
}