{
    "commit": "a281fbc60c6361b7bfd31e7460051f54be9ce2d6",
    "start_epoch": 1760696029.71974,
    "end_epoch": 1760696068.714204,
    "elapsed_seconds": 38.994464,
    "model": "gpt-4-0125-preview",
    "input_cost_per_token": 1e-05,
    "output_cost_per_token": 3e-05,
    "total_input_tokens": 4909,
    "total_output_tokens": 1287,
    "total_tokens": 6196,
    "total_cost": 0.0877
}