{
    "commit": "53a76673080f299e8ecc72ae1418bd9a83000477",
    "start_epoch": 1760768369.457493,
    "end_epoch": 1760768418.125367,
    "elapsed_seconds": 48.667874,
    "model": "gpt-4-0125-preview",
    "input_cost_per_token": 1e-05,
    "output_cost_per_token": 3e-05,
    "total_input_tokens": 11410,
    "total_output_tokens": 1820,
    "total_tokens": 13230,
    "total_cost": 0.16870000000000002
}