{
    "commit": "84fb10213a74e98515d6f7622fb96c925fb23e54",
    "start_epoch": 1760735638.962897,
    "end_epoch": 1760735733.257042,
    "elapsed_seconds": 94.294145,
    "model": "gpt-4-0125-preview",
    "input_cost_per_token": 1e-05,
    "output_cost_per_token": 3e-05,
    "total_input_tokens": 7452,
    "total_output_tokens": 3204,
    "total_tokens": 10656,
    "total_cost": 0.17064000000000001
}