{
    "commit": "46216ae83019ee6ec732c9e6f82b7130ee3db3cc",
    "start_epoch": 1760512866.967307,
    "end_epoch": 1760513001.899157,
    "elapsed_seconds": 134.93185,
    "model": "gpt-4-0125-preview",
    "input_cost_per_token": 1e-05,
    "output_cost_per_token": 3e-05,
    "total_input_tokens": 21029,
    "total_output_tokens": 4392,
    "total_tokens": 25421,
    "total_cost": 0.34205
}