{
    "commit": "d0ddb30e555ca3761e86b49cf99ce6b00f6e22a6",
    "start_epoch": 1760781500.166175,
    "end_epoch": 1760781540.689942,
    "elapsed_seconds": 40.523767,
    "model": "gpt-4-0125-preview",
    "input_cost_per_token": 1e-05,
    "output_cost_per_token": 3e-05,
    "total_input_tokens": 7816,
    "total_output_tokens": 1384,
    "total_tokens": 9200,
    "total_cost": 0.11968000000000001
}