{
    "commit": "dd09b25cd98d678e72bfaf4112bb95fc55d7cf6e",
    "start_epoch": 1760695593.715205,
    "end_epoch": 1760695689.050811,
    "elapsed_seconds": 95.335606,
    "model": "gpt-4-0125-preview",
    "input_cost_per_token": 1e-05,
    "output_cost_per_token": 3e-05,
    "total_input_tokens": 9158,
    "total_output_tokens": 3495,
    "total_tokens": 12653,
    "total_cost": 0.19643000000000002
}