{
    "commit": "1f7998da826e9e3f6dc60cb7e9676cec1bd8bd30",
    "start_epoch": 1760567734.861191,
    "end_epoch": 1760567786.952174,
    "elapsed_seconds": 52.090983,
    "model": "gpt-4-0125-preview",
    "input_cost_per_token": 1e-05,
    "output_cost_per_token": 3e-05,
    "total_input_tokens": 7679,
    "total_output_tokens": 2045,
    "total_tokens": 9724,
    "total_cost": 0.13814
}