{
    "commit": "e6f63236edafcc35b613b135121e0f317594d8be",
    "start_epoch": 1760530158.403989,
    "end_epoch": 1760530266.115234,
    "elapsed_seconds": 107.711245,
    "model": "gpt-4-0125-preview",
    "input_cost_per_token": 1e-05,
    "output_cost_per_token": 3e-05,
    "total_input_tokens": 55086,
    "total_output_tokens": 3554,
    "total_tokens": 58640,
    "total_cost": 0.6574800000000001
}