{
    "commit": "3d6baf3882853f5752a29e6f5f0a227853ff5a76",
    "start_epoch": 1760802228.408467,
    "end_epoch": 1760802325.87535,
    "elapsed_seconds": 97.466883,
    "model": "gpt-4-0125-preview",
    "input_cost_per_token": 1e-05,
    "output_cost_per_token": 3e-05,
    "total_input_tokens": 18741,
    "total_output_tokens": 3891,
    "total_tokens": 22632,
    "total_cost": 0.30413999999999997
}