{
    "commit": "8402fe59abde7e7bdf05a1bac59d9c92343af90c",
    "start_epoch": 1760746784.195364,
    "end_epoch": 1760746856.786933,
    "elapsed_seconds": 72.591569,
    "model": "gpt-4-0125-preview",
    "input_cost_per_token": 1e-05,
    "output_cost_per_token": 3e-05,
    "total_input_tokens": 10534,
    "total_output_tokens": 2861,
    "total_tokens": 13395,
    "total_cost": 0.19117
}