{
    "commit": "ddfb9811e33cd0961593abd9a640603ea955e965",
    "start_epoch": 1760710033.283959,
    "end_epoch": 1760710079.154401,
    "elapsed_seconds": 45.870442,
    "model": "gpt-4-0125-preview",
    "input_cost_per_token": 1e-05,
    "output_cost_per_token": 3e-05,
    "total_input_tokens": 7215,
    "total_output_tokens": 1728,
    "total_tokens": 8943,
    "total_cost": 0.12399
}