{
    "commit": "f06fd5e1215d161807fe24ee7dd2dedeff81ad1b",
    "start_epoch": 1760572582.103011,
    "end_epoch": 1760572702.421926,
    "elapsed_seconds": 120.318915,
    "model": "gpt-4-0125-preview",
    "input_cost_per_token": 1e-05,
    "output_cost_per_token": 3e-05,
    "total_input_tokens": 20569,
    "total_output_tokens": 4597,
    "total_tokens": 25166,
    "total_cost": 0.34360000000000007
}