{
    "commit": "7274ea8e36aa4b6e6bb3ab93f90bf11beef03a32",
    "start_epoch": 1760707232.066776,
    "end_epoch": 1760707292.096711,
    "elapsed_seconds": 60.029935,
    "model": "gpt-4-0125-preview",
    "input_cost_per_token": 1e-05,
    "output_cost_per_token": 3e-05,
    "total_input_tokens": 7621,
    "total_output_tokens": 1812,
    "total_tokens": 9433,
    "total_cost": 0.13057
}