{
    "commit": "cbd795dc7247feb75959cbc16b760b2a314055e1",
    "start_epoch": 1760551751.978648,
    "end_epoch": 1760551882.809572,
    "elapsed_seconds": 130.830924,
    "model": "gpt-4-0125-preview",
    "input_cost_per_token": 1e-05,
    "output_cost_per_token": 3e-05,
    "total_input_tokens": 12657,
    "total_output_tokens": 4511,
    "total_tokens": 17168,
    "total_cost": 0.26189999999999997
}