{
    "commit": "6e6d0febec20da7c1fe85b6456f0b0bc05d13e88",
    "start_epoch": 1760737545.735798,
    "end_epoch": 1760737648.967249,
    "elapsed_seconds": 103.231451,
    "model": "gpt-4-0125-preview",
    "input_cost_per_token": 1e-05,
    "output_cost_per_token": 3e-05,
    "total_input_tokens": 22259,
    "total_output_tokens": 3717,
    "total_tokens": 25976,
    "total_cost": 0.3341
}