{
    "commit": "dfeb38195ad96276d9078feffd4936781e8a2cb5",
    "start_epoch": 1760537802.352177,
    "end_epoch": 1760537913.640684,
    "elapsed_seconds": 111.288507,
    "model": "gpt-4-0125-preview",
    "input_cost_per_token": 1e-05,
    "output_cost_per_token": 3e-05,
    "total_input_tokens": 20504,
    "total_output_tokens": 3085,
    "total_tokens": 23589,
    "total_cost": 0.29759
}