{
    "commit": "4485448b0962ad822b20a41fcd62a136f9c8d6b2",
    "start_epoch": 1760498514.399593,
    "end_epoch": 1760498556.939588,
    "elapsed_seconds": 42.539995,
    "model": "gpt-4-0125-preview",
    "input_cost_per_token": 1e-05,
    "output_cost_per_token": 3e-05,
    "total_input_tokens": 6538,
    "total_output_tokens": 1418,
    "total_tokens": 7956,
    "total_cost": 0.10792
}