{
    "commit": "5687728a62408f4d363431b7bf19aeb3868e72c9",
    "start_epoch": 1760795238.254365,
    "end_epoch": 1760795312.044394,
    "elapsed_seconds": 73.790029,
    "model": "gpt-4-0125-preview",
    "input_cost_per_token": 1e-05,
    "output_cost_per_token": 3e-05,
    "total_input_tokens": 12427,
    "total_output_tokens": 2844,
    "total_tokens": 15271,
    "total_cost": 0.20959000000000003
}