{
    "commit": "7895680e668981a8c0e4390ee4acc0ec38386e10",
    "start_epoch": 1760724162.583147,
    "end_epoch": 1760724222.052888,
    "elapsed_seconds": 59.469741,
    "model": "gpt-4-0125-preview",
    "input_cost_per_token": 1e-05,
    "output_cost_per_token": 3e-05,
    "total_input_tokens": 11344,
    "total_output_tokens": 1969,
    "total_tokens": 13313,
    "total_cost": 0.17251000000000002
}