{
    "commit": "5ea12e2741c0fd03b8b451b4aa5e6572318f5786",
    "start_epoch": 1760706625.316395,
    "end_epoch": 1760706669.918769,
    "elapsed_seconds": 44.602374,
    "model": "gpt-4-0125-preview",
    "input_cost_per_token": 1e-05,
    "output_cost_per_token": 3e-05,
    "total_input_tokens": 7855,
    "total_output_tokens": 1545,
    "total_tokens": 9400,
    "total_cost": 0.1249
}