{
    "commit": "4a7c10353baf3afa6c4d8305cec8fdfa46403192",
    "start_epoch": 1760571671.599167,
    "end_epoch": 1760571762.620073,
    "elapsed_seconds": 91.020906,
    "model": "gpt-4-0125-preview",
    "input_cost_per_token": 1e-05,
    "output_cost_per_token": 3e-05,
    "total_input_tokens": 13547,
    "total_output_tokens": 3499,
    "total_tokens": 17046,
    "total_cost": 0.24044
}