{
    "commit": "5bf8799777ee730c34ad7ee07f8a95db5f8df497",
    "start_epoch": 1760710830.796168,
    "end_epoch": 1760710932.354524,
    "elapsed_seconds": 101.558356,
    "model": "gpt-4-0125-preview",
    "input_cost_per_token": 1e-05,
    "output_cost_per_token": 3e-05,
    "total_input_tokens": 15309,
    "total_output_tokens": 3391,
    "total_tokens": 18700,
    "total_cost": 0.25482
}