{
    "commit": "117b1669e7645df1b656dfd1ccd0ce9808b75a6c",
    "start_epoch": 1760536106.311694,
    "end_epoch": 1760536211.13649,
    "elapsed_seconds": 104.824796,
    "model": "gpt-4-0125-preview",
    "input_cost_per_token": 1e-05,
    "output_cost_per_token": 3e-05,
    "total_input_tokens": 15402,
    "total_output_tokens": 3291,
    "total_tokens": 18693,
    "total_cost": 0.25275
}