{
    "commit": "e326f732bb56997a637e120ab886567e5e6187c0",
    "start_epoch": 1760766868.722053,
    "end_epoch": 1760766928.39778,
    "elapsed_seconds": 59.675727,
    "model": "gpt-4-0125-preview",
    "input_cost_per_token": 1e-05,
    "output_cost_per_token": 3e-05,
    "total_input_tokens": 22203,
    "total_output_tokens": 2254,
    "total_tokens": 24457,
    "total_cost": 0.28965
}