{
    "commit": "aebce0b4a68104c730c45794bd699592f1155bf7",
    "start_epoch": 1760719751.86517,
    "end_epoch": 1760719851.216668,
    "elapsed_seconds": 99.351498,
    "model": "gpt-4-0125-preview",
    "input_cost_per_token": 1e-05,
    "output_cost_per_token": 3e-05,
    "total_input_tokens": 10311,
    "total_output_tokens": 3502,
    "total_tokens": 13813,
    "total_cost": 0.20817
}