{
    "commit": "79bbf4e74b27ac2a3cd76040968d6c193bf923db",
    "start_epoch": 1760720549.124859,
    "end_epoch": 1760720637.524103,
    "elapsed_seconds": 88.399244,
    "model": "gpt-4-0125-preview",
    "input_cost_per_token": 1e-05,
    "output_cost_per_token": 3e-05,
    "total_input_tokens": 11326,
    "total_output_tokens": 3356,
    "total_tokens": 14682,
    "total_cost": 0.21394000000000002
}