{
    "commit": "5168d16b35857481596fc4ab45b07cc15d1cfb3b",
    "start_epoch": 1760566607.942289,
    "end_epoch": 1760566689.166299,
    "elapsed_seconds": 81.22401,
    "model": "gpt-4-0125-preview",
    "input_cost_per_token": 1e-05,
    "output_cost_per_token": 3e-05,
    "total_input_tokens": 10938,
    "total_output_tokens": 3206,
    "total_tokens": 14144,
    "total_cost": 0.20556000000000002
}