{
    "commit": "56a822836f58f0d9b88b8ec5c2b5dffc7e6d6723",
    "start_epoch": 1760748186.963375,
    "end_epoch": 1760748239.144851,
    "elapsed_seconds": 52.181476,
    "model": "gpt-4-0125-preview",
    "input_cost_per_token": 1e-05,
    "output_cost_per_token": 3e-05,
    "total_input_tokens": 8671,
    "total_output_tokens": 1929,
    "total_tokens": 10600,
    "total_cost": 0.14458000000000001
}