{
    "commit": "35fd2b655847484cac3747e7a2d8f441ad855618",
    "start_epoch": 1760788056.249017,
    "end_epoch": 1760788161.120054,
    "elapsed_seconds": 104.871037,
    "model": "gpt-4-0125-preview",
    "input_cost_per_token": 1e-05,
    "output_cost_per_token": 3e-05,
    "total_input_tokens": 13945,
    "total_output_tokens": 4421,
    "total_tokens": 18366,
    "total_cost": 0.27208
}