{
    "commit": "2de47b98d80809b84f4c007c7084920d388700be",
    "start_epoch": 1760761161.475781,
    "end_epoch": 1760761227.725124,
    "elapsed_seconds": 66.249343,
    "model": "gpt-4-0125-preview",
    "input_cost_per_token": 1e-05,
    "output_cost_per_token": 3e-05,
    "total_input_tokens": 18638,
    "total_output_tokens": 2715,
    "total_tokens": 21353,
    "total_cost": 0.26783
}