{
    "commit": "c53251e9598415b6cab219c53e782241377250b0",
    "start_epoch": 1760529144.100583,
    "end_epoch": 1760529250.294906,
    "elapsed_seconds": 106.194323,
    "model": "gpt-4-0125-preview",
    "input_cost_per_token": 1e-05,
    "output_cost_per_token": 3e-05,
    "total_input_tokens": 11961,
    "total_output_tokens": 3789,
    "total_tokens": 15750,
    "total_cost": 0.23328
}