{
    "commit": "a7d3000e30ef8a9ac0424da396a468c7db3f12d6",
    "start_epoch": 1760752492.434402,
    "end_epoch": 1760752534.295077,
    "elapsed_seconds": 41.860675,
    "model": "gpt-4-0125-preview",
    "input_cost_per_token": 1e-05,
    "output_cost_per_token": 3e-05,
    "total_input_tokens": 6827,
    "total_output_tokens": 1682,
    "total_tokens": 8509,
    "total_cost": 0.11873
}