{
    "commit": "cd6ad67f0ae13500a02b0d4d33da46a79e7d59c9",
    "start_epoch": 1760769030.403178,
    "end_epoch": 1760769273.735552,
    "elapsed_seconds": 243.332374,
    "model": "gpt-4-0125-preview",
    "input_cost_per_token": 1e-05,
    "output_cost_per_token": 3e-05,
    "total_input_tokens": 21242,
    "total_output_tokens": 4266,
    "total_tokens": 25508,
    "total_cost": 0.3403999999999999
}