{
    "commit": "6f62f609358db3420e141bd0976992acc2eaabb8",
    "start_epoch": 1760573811.00689,
    "end_epoch": 1760573924.210854,
    "elapsed_seconds": 113.203964,
    "model": "gpt-4-0125-preview",
    "input_cost_per_token": 1e-05,
    "output_cost_per_token": 3e-05,
    "total_input_tokens": 20717,
    "total_output_tokens": 4098,
    "total_tokens": 24815,
    "total_cost": 0.33010999999999996
}