{
    "commit": "16a2552e6cf97fa002a3f2f63d7b124aa879352a",
    "start_epoch": 1760534052.806773,
    "end_epoch": 1760534111.181637,
    "elapsed_seconds": 58.374864,
    "model": "gpt-4-0125-preview",
    "input_cost_per_token": 1e-05,
    "output_cost_per_token": 3e-05,
    "total_input_tokens": 4548,
    "total_output_tokens": 1696,
    "total_tokens": 6244,
    "total_cost": 0.09636
}