{
    "commit": "1bf93d6520f11cdbd42d49f9c7b6ce11e0a3f201",
    "start_epoch": 1760752192.27993,
    "end_epoch": 1760752292.760456,
    "elapsed_seconds": 100.480526,
    "model": "gpt-4-0125-preview",
    "input_cost_per_token": 1e-05,
    "output_cost_per_token": 3e-05,
    "total_input_tokens": 11801,
    "total_output_tokens": 4129,
    "total_tokens": 15930,
    "total_cost": 0.24188
}