{
    "commit": "dda465d13cd7b7e30e2b78ee8268a90d45d55de0",
    "start_epoch": 1760584490.32811,
    "end_epoch": 1760584551.978731,
    "elapsed_seconds": 61.650621,
    "model": "gpt-4-0125-preview",
    "input_cost_per_token": 1e-05,
    "output_cost_per_token": 3e-05,
    "total_input_tokens": 6692,
    "total_output_tokens": 1588,
    "total_tokens": 8280,
    "total_cost": 0.11456
}