{
    "commit": "30a4bd34f8b69d6901a9d689b370eb2cfaed763f",
    "start_epoch": 1760781620.152725,
    "end_epoch": 1760781661.218762,
    "elapsed_seconds": 41.066037,
    "model": "gpt-4-0125-preview",
    "input_cost_per_token": 1e-05,
    "output_cost_per_token": 3e-05,
    "total_input_tokens": 4969,
    "total_output_tokens": 1360,
    "total_tokens": 6329,
    "total_cost": 0.09049000000000001
}