{
    "commit": "47bb5c530d252dcb31ac84a5a159f1fc858bcbcb",
    "start_epoch": 1760584841.70737,
    "end_epoch": 1760584952.965752,
    "elapsed_seconds": 111.258382,
    "model": "gpt-4-0125-preview",
    "input_cost_per_token": 1e-05,
    "output_cost_per_token": 3e-05,
    "total_input_tokens": 15517,
    "total_output_tokens": 3444,
    "total_tokens": 18961,
    "total_cost": 0.25849
}