{
    "commit": "dc0de855b1d58c8301138817b4230b7c7a8f3979",
    "start_epoch": 1760703028.042667,
    "end_epoch": 1760703091.368124,
    "elapsed_seconds": 63.325457,
    "model": "gpt-4-0125-preview",
    "input_cost_per_token": 1e-05,
    "output_cost_per_token": 3e-05,
    "total_input_tokens": 11508,
    "total_output_tokens": 2147,
    "total_tokens": 13655,
    "total_cost": 0.17949
}