{
    "commit": "e3ff1d5af8202b4b63aa77b48e27daac371971a2",
    "start_epoch": 1760563294.328015,
    "end_epoch": 1760563342.734568,
    "elapsed_seconds": 48.406553,
    "model": "gpt-4-0125-preview",
    "input_cost_per_token": 1e-05,
    "output_cost_per_token": 3e-05,
    "total_input_tokens": 7555,
    "total_output_tokens": 1901,
    "total_tokens": 9456,
    "total_cost": 0.13258
}