{
    "commit": "72b7543946b73d1770d00ad6460e347b7a370c38",
    "start_epoch": 1760759861.421452,
    "end_epoch": 1760759954.037208,
    "elapsed_seconds": 92.615756,
    "model": "gpt-4-0125-preview",
    "input_cost_per_token": 1e-05,
    "output_cost_per_token": 3e-05,
    "total_input_tokens": 20658,
    "total_output_tokens": 3635,
    "total_tokens": 24293,
    "total_cost": 0.31563
}