{
    "commit": "24b7bc167269da562e31ef1dad486e5c0c26ef18",
    "start_epoch": 1760807100.716219,
    "end_epoch": 1760807187.581005,
    "elapsed_seconds": 86.864786,
    "model": "gpt-4-0125-preview",
    "input_cost_per_token": 1e-05,
    "output_cost_per_token": 3e-05,
    "total_input_tokens": 15098,
    "total_output_tokens": 3465,
    "total_tokens": 18563,
    "total_cost": 0.25493
}