{
    "commit": "f8246abe9a5cd054dd67340483f3c04935f9fb8c",
    "start_epoch": 1760819544.675378,
    "end_epoch": 1760819645.898904,
    "elapsed_seconds": 101.223526,
    "model": "gpt-4-0125-preview",
    "input_cost_per_token": 1e-05,
    "output_cost_per_token": 3e-05,
    "total_input_tokens": 25475,
    "total_output_tokens": 2139,
    "total_tokens": 27614,
    "total_cost": 0.31892000000000004
}