{
    "commit": "08b100b782c9db453762b97be40591dc4891cd43",
    "start_epoch": 1760808108.090473,
    "end_epoch": 1760808146.641211,
    "elapsed_seconds": 38.550738,
    "model": "gpt-4-0125-preview",
    "input_cost_per_token": 1e-05,
    "output_cost_per_token": 3e-05,
    "total_input_tokens": 17904,
    "total_output_tokens": 1343,
    "total_tokens": 19247,
    "total_cost": 0.21933000000000005
}