{
    "commit": "fc8ff4c849568663598ec38a06dcb0494ac74d7f",
    "start_epoch": 1760701557.758952,
    "end_epoch": 1760701631.225562,
    "elapsed_seconds": 73.46661,
    "model": "gpt-4-0125-preview",
    "input_cost_per_token": 1e-05,
    "output_cost_per_token": 3e-05,
    "total_input_tokens": 15784,
    "total_output_tokens": 2769,
    "total_tokens": 18553,
    "total_cost": 0.24091
}