{
    "commit": "74890a285aeb9ffc8a765bf321f2b1ba419203f4",
    "start_epoch": 1760740717.260807,
    "end_epoch": 1760740754.464525,
    "elapsed_seconds": 37.203718,
    "model": "gpt-4-0125-preview",
    "input_cost_per_token": 1e-05,
    "output_cost_per_token": 3e-05,
    "total_input_tokens": 4704,
    "total_output_tokens": 1323,
    "total_tokens": 6027,
    "total_cost": 0.08673000000000002
}