{
    "commit": "8324062956a3a7fd9b237f27bd8d6dc5fedeaa8f",
    "start_epoch": 1760551301.442053,
    "end_epoch": 1760551412.640457,
    "elapsed_seconds": 111.198404,
    "model": "gpt-4-0125-preview",
    "input_cost_per_token": 1e-05,
    "output_cost_per_token": 3e-05,
    "total_input_tokens": 17712,
    "total_output_tokens": 4166,
    "total_tokens": 21878,
    "total_cost": 0.3021
}