{
    "commit": "3a93ce926506223b6a8b5ecbccf6ff0baeb0d821",
    "start_epoch": 1760505563.538604,
    "end_epoch": 1760505672.694935,
    "elapsed_seconds": 109.156331,
    "model": "gpt-4-0125-preview",
    "input_cost_per_token": 1e-05,
    "output_cost_per_token": 3e-05,
    "total_input_tokens": 13521,
    "total_output_tokens": 4245,
    "total_tokens": 17766,
    "total_cost": 0.26256
}