{
    "commit": "c584061f431a937acef7fe65a018e38115170cba",
    "start_epoch": 1760568483.662569,
    "end_epoch": 1760568562.967056,
    "elapsed_seconds": 79.304487,
    "model": "gpt-4-0125-preview",
    "input_cost_per_token": 1e-05,
    "output_cost_per_token": 3e-05,
    "total_input_tokens": 11598,
    "total_output_tokens": 3065,
    "total_tokens": 14663,
    "total_cost": 0.20793
}