{
    "commit": "abd3ef0ab0d6728f8026bb8fabdcee0264631a72",
    "start_epoch": 1760511679.90118,
    "end_epoch": 1760511736.545409,
    "elapsed_seconds": 56.644229,
    "model": "gpt-4-0125-preview",
    "input_cost_per_token": 1e-05,
    "output_cost_per_token": 3e-05,
    "total_input_tokens": 9281,
    "total_output_tokens": 1895,
    "total_tokens": 11176,
    "total_cost": 0.14966000000000002
}