{
    "commit": "615902ac12dcae4c2478df44276eaf38fbe0a921",
    "start_epoch": 1760702217.340831,
    "end_epoch": 1760702253.953477,
    "elapsed_seconds": 36.612646,
    "model": "gpt-4-0125-preview",
    "input_cost_per_token": 1e-05,
    "output_cost_per_token": 3e-05,
    "total_input_tokens": 5635,
    "total_output_tokens": 1241,
    "total_tokens": 6876,
    "total_cost": 0.09358
}