{
    "commit": "3fee663eddaf0798c1ff28aa02acbc495512d3ad",
    "start_epoch": 1760779676.291755,
    "end_epoch": 1760779733.220634,
    "elapsed_seconds": 56.928879,
    "model": "gpt-4-0125-preview",
    "input_cost_per_token": 1e-05,
    "output_cost_per_token": 3e-05,
    "total_input_tokens": 7522,
    "total_output_tokens": 1724,
    "total_tokens": 9246,
    "total_cost": 0.12694000000000003
}