{
    "commit": "e0fcb2b3f199152631d6c322227441bc83ac6d81",
    "start_epoch": 1760754554.765502,
    "end_epoch": 1760754604.839991,
    "elapsed_seconds": 50.074489,
    "model": "gpt-4-0125-preview",
    "input_cost_per_token": 1e-05,
    "output_cost_per_token": 3e-05,
    "total_input_tokens": 12822,
    "total_output_tokens": 2031,
    "total_tokens": 14853,
    "total_cost": 0.18915
}