{
    "commit": "dd57c732a415e8c9f688fb1235a0e765744fe402",
    "start_epoch": 1760512792.656756,
    "end_epoch": 1760512866.807655,
    "elapsed_seconds": 74.150899,
    "model": "gpt-4-0125-preview",
    "input_cost_per_token": 1e-05,
    "output_cost_per_token": 3e-05,
    "total_input_tokens": 9709,
    "total_output_tokens": 2565,
    "total_tokens": 12274,
    "total_cost": 0.17404000000000006
}