{
    "commit": "9e6e9aee5b738cd5ee1eeb58fe8bec3a3cae85b0",
    "start_epoch": 1760776627.370479,
    "end_epoch": 1760776681.949736,
    "elapsed_seconds": 54.579257,
    "model": "gpt-4-0125-preview",
    "input_cost_per_token": 1e-05,
    "output_cost_per_token": 3e-05,
    "total_input_tokens": 6012,
    "total_output_tokens": 1775,
    "total_tokens": 7787,
    "total_cost": 0.11337
}