{
    "commit": "30da6f58e194a9250ba2f20fae7fcf47e08e8b60",
    "start_epoch": 1760812439.222562,
    "end_epoch": 1760812542.314475,
    "elapsed_seconds": 103.091913,
    "model": "gpt-4-0125-preview",
    "input_cost_per_token": 1e-05,
    "output_cost_per_token": 3e-05,
    "total_input_tokens": 11479,
    "total_output_tokens": 4437,
    "total_tokens": 15916,
    "total_cost": 0.24790000000000004
}