{
    "commit": "a95c0476e756e02b273222e6fd295ef6afe344b0",
    "start_epoch": 1760717110.513826,
    "end_epoch": 1760717255.504884,
    "elapsed_seconds": 144.991058,
    "model": "gpt-4-0125-preview",
    "input_cost_per_token": 1e-05,
    "output_cost_per_token": 3e-05,
    "total_input_tokens": 14807,
    "total_output_tokens": 2919,
    "total_tokens": 17726,
    "total_cost": 0.23564000000000004
}