{
    "commit": "2429f3059d58857d350ac70204a05e186f4defd2",
    "start_epoch": 1760500691.210401,
    "end_epoch": 1760501072.813574,
    "elapsed_seconds": 381.603173,
    "model": "gpt-4-0125-preview",
    "input_cost_per_token": 1e-05,
    "output_cost_per_token": 3e-05,
    "total_input_tokens": 7397,
    "total_output_tokens": 1559,
    "total_tokens": 8956,
    "total_cost": 0.12074000000000001
}