{
    "commit": "194a7a314774bb572fc9a3d4ba48dde68660b309",
    "start_epoch": 1760787908.55908,
    "end_epoch": 1760787961.858175,
    "elapsed_seconds": 53.299095,
    "model": "gpt-4-0125-preview",
    "input_cost_per_token": 1e-05,
    "output_cost_per_token": 3e-05,
    "total_input_tokens": 8218,
    "total_output_tokens": 2196,
    "total_tokens": 10414,
    "total_cost": 0.14806
}