{
    "commit": "a1d598022adabdeb9c7437c08ffecb4113856601",
    "start_epoch": 1760566689.282895,
    "end_epoch": 1760566748.832751,
    "elapsed_seconds": 59.549856,
    "model": "gpt-4-0125-preview",
    "input_cost_per_token": 1e-05,
    "output_cost_per_token": 3e-05,
    "total_input_tokens": 9668,
    "total_output_tokens": 2315,
    "total_tokens": 11983,
    "total_cost": 0.16613
}