{
    "commit": "f1b6d36afee8ae3f527cc8320805119288e54b7d",
    "start_epoch": 1760810949.887853,
    "end_epoch": 1760811032.112065,
    "elapsed_seconds": 82.224212,
    "model": "gpt-4-0125-preview",
    "input_cost_per_token": 1e-05,
    "output_cost_per_token": 3e-05,
    "total_input_tokens": 13903,
    "total_output_tokens": 3158,
    "total_tokens": 17061,
    "total_cost": 0.23377000000000003
}