{
    "commit": "4e94f28ff4f604c8603fd9339c5865d27cf9eab3",
    "start_epoch": 1760721917.134625,
    "end_epoch": 1760722003.578616,
    "elapsed_seconds": 86.443991,
    "model": "gpt-4-0125-preview",
    "input_cost_per_token": 1e-05,
    "output_cost_per_token": 3e-05,
    "total_input_tokens": 15388,
    "total_output_tokens": 2947,
    "total_tokens": 18335,
    "total_cost": 0.24229000000000003
}