{
    "commit": "1583f59a794e1c758fa904b1fcc181c87f42e715",
    "start_epoch": 1760732637.006896,
    "end_epoch": 1760732757.31364,
    "elapsed_seconds": 120.306744,
    "model": "gpt-4-0125-preview",
    "input_cost_per_token": 1e-05,
    "output_cost_per_token": 3e-05,
    "total_input_tokens": 20355,
    "total_output_tokens": 4022,
    "total_tokens": 24377,
    "total_cost": 0.32421000000000005
}