{
    "commit": "699a428111c912242d6af433bccdc993c732a9b0",
    "start_epoch": 1760519732.424222,
    "end_epoch": 1760520102.21052,
    "elapsed_seconds": 369.786298,
    "model": "gpt-4-0125-preview",
    "input_cost_per_token": 1e-05,
    "output_cost_per_token": 3e-05,
    "total_input_tokens": 112787,
    "total_output_tokens": 10997,
    "total_tokens": 123784,
    "total_cost": 1.4577800000000005
}