{
    "commit": "1f2e405f62d7d1605544c18a6e36bc0650b4e682",
    "start_epoch": 1760705185.718611,
    "end_epoch": 1760705268.449435,
    "elapsed_seconds": 82.730824,
    "model": "gpt-4-0125-preview",
    "input_cost_per_token": 1e-05,
    "output_cost_per_token": 3e-05,
    "total_input_tokens": 12897,
    "total_output_tokens": 2851,
    "total_tokens": 15748,
    "total_cost": 0.2145
}