{
    "commit": "44bd5903b557a5384b8125668d1ad2012b4d7962",
    "start_epoch": 1760507662.127162,
    "end_epoch": 1760507756.16681,
    "elapsed_seconds": 94.039648,
    "model": "gpt-4-0125-preview",
    "input_cost_per_token": 1e-05,
    "output_cost_per_token": 3e-05,
    "total_input_tokens": 9992,
    "total_output_tokens": 3481,
    "total_tokens": 13473,
    "total_cost": 0.20434999999999998
}