{
    "commit": "a9735522ebc7e6530a014269dc05bd5b6a0056fc",
    "start_epoch": 1760512334.36675,
    "end_epoch": 1760512439.002083,
    "elapsed_seconds": 104.635333,
    "model": "gpt-4-0125-preview",
    "input_cost_per_token": 1e-05,
    "output_cost_per_token": 3e-05,
    "total_input_tokens": 20409,
    "total_output_tokens": 3204,
    "total_tokens": 23613,
    "total_cost": 0.30021000000000003
}