{
    "commit": "28be5e08ddc8bc2ebcaa92369b9aac2e1108c035",
    "start_epoch": 1760722110.185326,
    "end_epoch": 1760722160.607835,
    "elapsed_seconds": 50.422509,
    "model": "gpt-4-0125-preview",
    "input_cost_per_token": 1e-05,
    "output_cost_per_token": 3e-05,
    "total_input_tokens": 13976,
    "total_output_tokens": 1736,
    "total_tokens": 15712,
    "total_cost": 0.19184
}