{
    "commit": "fe6988fcd2cb75dc3e39ec20bed707bc68ebbc10",
    "start_epoch": 1760809279.745509,
    "end_epoch": 1760809378.433471,
    "elapsed_seconds": 98.687962,
    "model": "gpt-4-0125-preview",
    "input_cost_per_token": 1e-05,
    "output_cost_per_token": 3e-05,
    "total_input_tokens": 14405,
    "total_output_tokens": 3959,
    "total_tokens": 18364,
    "total_cost": 0.26282000000000005
}