{
    "commit": "9908be0aa098096fce8a85aa0371ce295f7142f6",
    "start_epoch": 1760790499.043393,
    "end_epoch": 1760790597.90327,
    "elapsed_seconds": 98.859877,
    "model": "gpt-4-0125-preview",
    "input_cost_per_token": 1e-05,
    "output_cost_per_token": 3e-05,
    "total_input_tokens": 35236,
    "total_output_tokens": 3692,
    "total_tokens": 38928,
    "total_cost": 0.4631200000000001
}