{
    "commit": "8a4afe436f47a0c9405def7b517fbef79f957c36",
    "start_epoch": 1760723571.831787,
    "end_epoch": 1760723682.86518,
    "elapsed_seconds": 111.033393,
    "model": "gpt-4-0125-preview",
    "input_cost_per_token": 1e-05,
    "output_cost_per_token": 3e-05,
    "total_input_tokens": 16976,
    "total_output_tokens": 4138,
    "total_tokens": 21114,
    "total_cost": 0.2939
}