{
    "commit": "c7cb3290c666432e219a01b641143c2e76b9e230",
    "start_epoch": 1760698752.882102,
    "end_epoch": 1760698802.738408,
    "elapsed_seconds": 49.856306,
    "model": "gpt-4-0125-preview",
    "input_cost_per_token": 1e-05,
    "output_cost_per_token": 3e-05,
    "total_input_tokens": 5545,
    "total_output_tokens": 1679,
    "total_tokens": 7224,
    "total_cost": 0.10582
}