{
    "commit": "105925025cc151ac8bed72c43d7fffb1abe2f2cf",
    "start_epoch": 1760546949.521359,
    "end_epoch": 1760547052.377619,
    "elapsed_seconds": 102.85626,
    "model": "gpt-4-0125-preview",
    "input_cost_per_token": 1e-05,
    "output_cost_per_token": 3e-05,
    "total_input_tokens": 18336,
    "total_output_tokens": 3621,
    "total_tokens": 21957,
    "total_cost": 0.29198999999999997
}