{
    "commit": "ba4a2ac400d4e19283a7a48eb769d005a52aaabc",
    "start_epoch": 1760769361.147833,
    "end_epoch": 1760769448.734782,
    "elapsed_seconds": 87.586949,
    "model": "gpt-4-0125-preview",
    "input_cost_per_token": 1e-05,
    "output_cost_per_token": 3e-05,
    "total_input_tokens": 20773,
    "total_output_tokens": 3421,
    "total_tokens": 24194,
    "total_cost": 0.31036
}