{
    "commit": "79eaf2b5d9c645d72220a6d51e89c7f45307117a",
    "start_epoch": 1760726642.726953,
    "end_epoch": 1760726891.002255,
    "elapsed_seconds": 248.275302,
    "model": "gpt-4-0125-preview",
    "input_cost_per_token": 1e-05,
    "output_cost_per_token": 3e-05,
    "total_input_tokens": 32908,
    "total_output_tokens": 4373,
    "total_tokens": 37281,
    "total_cost": 0.46027000000000007
}