{
    "commit": "36da5d5787656a3ff504cda134bd3fa1c62fea29",
    "start_epoch": 1760784709.815966,
    "end_epoch": 1760784791.152539,
    "elapsed_seconds": 81.336573,
    "model": "gpt-4-0125-preview",
    "input_cost_per_token": 1e-05,
    "output_cost_per_token": 3e-05,
    "total_input_tokens": 16457,
    "total_output_tokens": 3420,
    "total_tokens": 19877,
    "total_cost": 0.26717
}