{
    "commit": "7c9518c7fc1ddd61fc065e1d6a246a440f0979f7",
    "start_epoch": 1760515490.355689,
    "end_epoch": 1760515582.290575,
    "elapsed_seconds": 91.934886,
    "model": "gpt-4-0125-preview",
    "input_cost_per_token": 1e-05,
    "output_cost_per_token": 3e-05,
    "total_input_tokens": 9023,
    "total_output_tokens": 3002,
    "total_tokens": 12025,
    "total_cost": 0.18029
}