{
    "commit": "68a35b70fbb13109ba8b8ae3855eae11a6e036c1",
    "start_epoch": 1760750431.696393,
    "end_epoch": 1760750513.321351,
    "elapsed_seconds": 81.624958,
    "model": "gpt-4-0125-preview",
    "input_cost_per_token": 1e-05,
    "output_cost_per_token": 3e-05,
    "total_input_tokens": 21132,
    "total_output_tokens": 3203,
    "total_tokens": 24335,
    "total_cost": 0.30741
}