{
    "commit": "c3a99e9d6ad45bbdb3bd212651db53395d726fa9",
    "start_epoch": 1760738173.045429,
    "end_epoch": 1760738385.455063,
    "elapsed_seconds": 212.409634,
    "model": "gpt-4-0125-preview",
    "input_cost_per_token": 1e-05,
    "output_cost_per_token": 3e-05,
    "total_input_tokens": 122865,
    "total_output_tokens": 4274,
    "total_tokens": 127139,
    "total_cost": 1.3568700000000002
}