{
    "commit": "66c3244aebcbaa34aed645dcfef1708dc5aded43",
    "start_epoch": 1760533985.174998,
    "end_epoch": 1760534052.660995,
    "elapsed_seconds": 67.485997,
    "model": "gpt-4-0125-preview",
    "input_cost_per_token": 1e-05,
    "output_cost_per_token": 3e-05,
    "total_input_tokens": 17910,
    "total_output_tokens": 2001,
    "total_tokens": 19911,
    "total_cost": 0.23913
}