{
    "commit": "7a83b78c5008e85c67ac08d2c7613ed8e38b8a71",
    "start_epoch": 1760534835.745124,
    "end_epoch": 1760535129.026307,
    "elapsed_seconds": 293.281183,
    "model": "gpt-4-0125-preview",
    "input_cost_per_token": 1e-05,
    "output_cost_per_token": 3e-05,
    "total_input_tokens": 76592,
    "total_output_tokens": 8426,
    "total_tokens": 85018,
    "total_cost": 1.0187
}