{
    "commit": "f5fd64460b29f8fb652d63e10212e2cdddc8df0e",
    "start_epoch": 1760513105.77975,
    "end_epoch": 1760513202.243451,
    "elapsed_seconds": 96.463701,
    "model": "gpt-4-0125-preview",
    "input_cost_per_token": 1e-05,
    "output_cost_per_token": 3e-05,
    "total_input_tokens": 10054,
    "total_output_tokens": 3028,
    "total_tokens": 13082,
    "total_cost": 0.19138000000000002
}