{
    "commit": "6b837cfc9c6d45e81fcf663539d67a4817db3708",
    "start_epoch": 1760505402.51772,
    "end_epoch": 1760505511.492011,
    "elapsed_seconds": 108.974291,
    "model": "gpt-4-0125-preview",
    "input_cost_per_token": 1e-05,
    "output_cost_per_token": 3e-05,
    "total_input_tokens": 13439,
    "total_output_tokens": 4051,
    "total_tokens": 17490,
    "total_cost": 0.25592000000000004
}