{
    "commit": "838985c9ebc8596c977f67708fa2aa7dfbf59c30",
    "start_epoch": 1760719664.154693,
    "end_epoch": 1760719751.749615,
    "elapsed_seconds": 87.594922,
    "model": "gpt-4-0125-preview",
    "input_cost_per_token": 1e-05,
    "output_cost_per_token": 3e-05,
    "total_input_tokens": 11637,
    "total_output_tokens": 3377,
    "total_tokens": 15014,
    "total_cost": 0.21768000000000004
}