{
    "commit": "8f4d3278dbbe3e85c97b453dd2ab42c74ad04f05",
    "start_epoch": 1760513202.373097,
    "end_epoch": 1760513290.666757,
    "elapsed_seconds": 88.29366,
    "model": "gpt-4-0125-preview",
    "input_cost_per_token": 1e-05,
    "output_cost_per_token": 3e-05,
    "total_input_tokens": 11460,
    "total_output_tokens": 3101,
    "total_tokens": 14561,
    "total_cost": 0.20763
}