{
    "commit": "c1cc6bb5319593a2c733b20978b408634a7e4fdb",
    "start_epoch": 1760750072.638778,
    "end_epoch": 1760750171.903672,
    "elapsed_seconds": 99.264894,
    "model": "gpt-4-0125-preview",
    "input_cost_per_token": 1e-05,
    "output_cost_per_token": 3e-05,
    "total_input_tokens": 13595,
    "total_output_tokens": 4129,
    "total_tokens": 17724,
    "total_cost": 0.25981999999999994
}