{
    "commit": "bf47c05c3acaaca631f56968e528f424b87a6e09",
    "start_epoch": 1760744877.319453,
    "end_epoch": 1760744935.234255,
    "elapsed_seconds": 57.914802,
    "model": "gpt-4-0125-preview",
    "input_cost_per_token": 1e-05,
    "output_cost_per_token": 3e-05,
    "total_input_tokens": 13496,
    "total_output_tokens": 2160,
    "total_tokens": 15656,
    "total_cost": 0.19976000000000002
}