{
    "commit": "cc4323d63ed3d834259a429c40a1bc788d801b8a",
    "start_epoch": 1760757495.372776,
    "end_epoch": 1760757581.354839,
    "elapsed_seconds": 85.982063,
    "model": "gpt-4-0125-preview",
    "input_cost_per_token": 1e-05,
    "output_cost_per_token": 3e-05,
    "total_input_tokens": 10024,
    "total_output_tokens": 3445,
    "total_tokens": 13469,
    "total_cost": 0.20359000000000005
}