{
    "commit": "673d76c56fbe9bbbc5b9f3b471f76aae6089c537",
    "start_epoch": 1760519593.793036,
    "end_epoch": 1760519732.3195,
    "elapsed_seconds": 138.526464,
    "model": "gpt-4-0125-preview",
    "input_cost_per_token": 1e-05,
    "output_cost_per_token": 3e-05,
    "total_input_tokens": 13151,
    "total_output_tokens": 4178,
    "total_tokens": 17329,
    "total_cost": 0.25685
}