{
    "commit": "3e12d38fed3f7f80a1fbc0d528ca31bf6d63ca97",
    "start_epoch": 1760508740.609938,
    "end_epoch": 1760508815.379198,
    "elapsed_seconds": 74.76926,
    "model": "gpt-4-0125-preview",
    "input_cost_per_token": 1e-05,
    "output_cost_per_token": 3e-05,
    "total_input_tokens": 8561,
    "total_output_tokens": 2428,
    "total_tokens": 10989,
    "total_cost": 0.15845
}