{
    "commit": "db6b399a03589cf32c5308b66daeb37151622cf7",
    "start_epoch": 1760507555.548027,
    "end_epoch": 1760507607.958884,
    "elapsed_seconds": 52.410857,
    "model": "gpt-4-0125-preview",
    "input_cost_per_token": 1e-05,
    "output_cost_per_token": 3e-05,
    "total_input_tokens": 8308,
    "total_output_tokens": 1851,
    "total_tokens": 10159,
    "total_cost": 0.13861
}