{
    "commit": "c43cd57462bf0960e43a203379c6fe654b4a7a5c",
    "start_epoch": 1760570348.038628,
    "end_epoch": 1760570395.202674,
    "elapsed_seconds": 47.164046,
    "model": "gpt-4-0125-preview",
    "input_cost_per_token": 1e-05,
    "output_cost_per_token": 3e-05,
    "total_input_tokens": 14248,
    "total_output_tokens": 1812,
    "total_tokens": 16060,
    "total_cost": 0.19684
}