{
    "commit": "ce200d8b25ee8e19a8ceaad2ffa6e993837ad445",
    "start_epoch": 1760570090.871633,
    "end_epoch": 1760570147.044415,
    "elapsed_seconds": 56.172782,
    "model": "gpt-4-0125-preview",
    "input_cost_per_token": 1e-05,
    "output_cost_per_token": 3e-05,
    "total_input_tokens": 23641,
    "total_output_tokens": 2008,
    "total_tokens": 25649,
    "total_cost": 0.29665
}