{
    "commit": "239bee9886c92e0b9b1591e9965086b89abffafd",
    "start_epoch": 1760810258.129217,
    "end_epoch": 1760810369.731238,
    "elapsed_seconds": 111.602021,
    "model": "gpt-4-0125-preview",
    "input_cost_per_token": 1e-05,
    "output_cost_per_token": 3e-05,
    "total_input_tokens": 11494,
    "total_output_tokens": 4751,
    "total_tokens": 16245,
    "total_cost": 0.25747000000000003
}