{
    "commit": "444027433439a3daceca686c6e12e92f2bf79f4e",
    "start_epoch": 1760536996.16467,
    "end_epoch": 1760537141.841968,
    "elapsed_seconds": 145.677298,
    "model": "gpt-4-0125-preview",
    "input_cost_per_token": 1e-05,
    "output_cost_per_token": 3e-05,
    "total_input_tokens": 56838,
    "total_output_tokens": 3681,
    "total_tokens": 60519,
    "total_cost": 0.67881
}