{
    "commit": "00444ea55f6ec564c760e35e2a560fe8fa1e839f",
    "start_epoch": 1760537246.535022,
    "end_epoch": 1760537371.409484,
    "elapsed_seconds": 124.874462,
    "model": "gpt-4-0125-preview",
    "input_cost_per_token": 1e-05,
    "output_cost_per_token": 3e-05,
    "total_input_tokens": 28042,
    "total_output_tokens": 1914,
    "total_tokens": 29956,
    "total_cost": 0.33784000000000003
}