{
    "commit": "ccb5a641f6c59b27af35ad272a8b8c5e9e992613",
    "start_epoch": 1760744632.832291,
    "end_epoch": 1760744684.106203,
    "elapsed_seconds": 51.273912,
    "model": "gpt-4-0125-preview",
    "input_cost_per_token": 1e-05,
    "output_cost_per_token": 3e-05,
    "total_input_tokens": 6969,
    "total_output_tokens": 1864,
    "total_tokens": 8833,
    "total_cost": 0.12561
}