{
    "commit": "ebda468d877e9888eb99cf1d3b17f16f3dc4dd82",
    "start_epoch": 1760795191.662481,
    "end_epoch": 1760795238.051715,
    "elapsed_seconds": 46.389234,
    "model": "gpt-4-0125-preview",
    "input_cost_per_token": 1e-05,
    "output_cost_per_token": 3e-05,
    "total_input_tokens": 7473,
    "total_output_tokens": 1720,
    "total_tokens": 9193,
    "total_cost": 0.12633
}