{
    "commit": "b2e88fde8a0f663b3c5805ae5ae316edf034084b",
    "start_epoch": 1760751721.851417,
    "end_epoch": 1760751783.519252,
    "elapsed_seconds": 61.667835,
    "model": "gpt-4-0125-preview",
    "input_cost_per_token": 1e-05,
    "output_cost_per_token": 3e-05,
    "total_input_tokens": 8138,
    "total_output_tokens": 2283,
    "total_tokens": 10421,
    "total_cost": 0.14987000000000003
}