{
    "commit": "108263fc48f388596024fcfdb37fb339cef523fd",
    "start_epoch": 1760799235.484259,
    "end_epoch": 1760799599.955285,
    "elapsed_seconds": 364.471026,
    "model": "gpt-4-0125-preview",
    "input_cost_per_token": 1e-05,
    "output_cost_per_token": 3e-05,
    "total_input_tokens": 205893,
    "total_output_tokens": 12587,
    "total_tokens": 218480,
    "total_cost": 2.43654
}