{
    "commit": "f412d9b4ca7034362243c0602659c42bf06a7ae5",
    "start_epoch": 1760798472.312788,
    "end_epoch": 1760798574.305703,
    "elapsed_seconds": 101.992915,
    "model": "gpt-4-0125-preview",
    "input_cost_per_token": 1e-05,
    "output_cost_per_token": 3e-05,
    "total_input_tokens": 30608,
    "total_output_tokens": 3938,
    "total_tokens": 34546,
    "total_cost": 0.42422000000000004
}