{
    "commit": "ee532f6d3b4c8620248e978bf3c7b81d61beefcd",
    "start_epoch": 1760575616.202016,
    "end_epoch": 1760575693.972307,
    "elapsed_seconds": 77.770291,
    "model": "gpt-4-0125-preview",
    "input_cost_per_token": 1e-05,
    "output_cost_per_token": 3e-05,
    "total_input_tokens": 8112,
    "total_output_tokens": 3078,
    "total_tokens": 11190,
    "total_cost": 0.17346000000000003
}