{
    "commit": "7f633463cd22a9924d66aa5e9a9ea261aa5e5796",
    "start_epoch": 1760712758.152635,
    "end_epoch": 1760712850.045059,
    "elapsed_seconds": 91.892424,
    "model": "gpt-4-0125-preview",
    "input_cost_per_token": 1e-05,
    "output_cost_per_token": 3e-05,
    "total_input_tokens": 19528,
    "total_output_tokens": 3476,
    "total_tokens": 23004,
    "total_cost": 0.29956000000000005
}