{
    "commit": "b154188e63746b57f8a8c922addd56569b43b06a",
    "start_epoch": 1760496437.248342,
    "end_epoch": 1760496517.568023,
    "elapsed_seconds": 80.319681,
    "model": "gpt-4-0125-preview",
    "input_cost_per_token": 1e-05,
    "output_cost_per_token": 3e-05,
    "total_input_tokens": 15024,
    "total_output_tokens": 2855,
    "total_tokens": 17879,
    "total_cost": 0.23589
}