{
    "commit": "4494ea61737667903175257e7273fcf58090d6c3",
    "start_epoch": 1760552011.13927,
    "end_epoch": 1760552081.24862,
    "elapsed_seconds": 70.10935,
    "model": "gpt-4-0125-preview",
    "input_cost_per_token": 1e-05,
    "output_cost_per_token": 3e-05,
    "total_input_tokens": 13005,
    "total_output_tokens": 2477,
    "total_tokens": 15482,
    "total_cost": 0.20435999999999999
}