{
    "commit": "f8987f49a3e9465cfc8b079f9a1b3bf0a7a45a16",
    "start_epoch": 1760792473.932388,
    "end_epoch": 1760792526.510639,
    "elapsed_seconds": 52.578251,
    "model": "gpt-4-0125-preview",
    "input_cost_per_token": 1e-05,
    "output_cost_per_token": 3e-05,
    "total_input_tokens": 6403,
    "total_output_tokens": 1838,
    "total_tokens": 8241,
    "total_cost": 0.11917000000000001
}