{
    "commit": "24f293577d6600b038b4da71ad8a3e49878072af",
    "start_epoch": 1760784377.333982,
    "end_epoch": 1760784482.311271,
    "elapsed_seconds": 104.977289,
    "model": "gpt-4-0125-preview",
    "input_cost_per_token": 1e-05,
    "output_cost_per_token": 3e-05,
    "total_input_tokens": 17293,
    "total_output_tokens": 4183,
    "total_tokens": 21476,
    "total_cost": 0.29842
}