{
    "commit": "6f3626ff91c694d8ad65b7a31ab04b145bf3f7db",
    "start_epoch": 1760759572.881228,
    "end_epoch": 1760759609.397591,
    "elapsed_seconds": 36.516363,
    "model": "gpt-4-0125-preview",
    "input_cost_per_token": 1e-05,
    "output_cost_per_token": 3e-05,
    "total_input_tokens": 6901,
    "total_output_tokens": 1168,
    "total_tokens": 8069,
    "total_cost": 0.10405
}