{
    "commit": "25c5de2536b5a4b2d639020e6bd29409cc4aa717",
    "start_epoch": 1760516269.177141,
    "end_epoch": 1760516322.18876,
    "elapsed_seconds": 53.011619,
    "model": "gpt-4-0125-preview",
    "input_cost_per_token": 1e-05,
    "output_cost_per_token": 3e-05,
    "total_input_tokens": 7067,
    "total_output_tokens": 1983,
    "total_tokens": 9050,
    "total_cost": 0.13016000000000003
}