{
    "commit": "2661dca50241dc62a1c69cabd2d86885070e7c67",
    "start_epoch": 1760696763.264029,
    "end_epoch": 1760696795.863914,
    "elapsed_seconds": 32.599885,
    "model": "gpt-4-0125-preview",
    "input_cost_per_token": 1e-05,
    "output_cost_per_token": 3e-05,
    "total_input_tokens": 4230,
    "total_output_tokens": 1210,
    "total_tokens": 5440,
    "total_cost": 0.0786
}