{
    "commit": "0a7a67bce861bc88ac7dfa6b43bc9bc7b2b639df",
    "start_epoch": 1760802596.670814,
    "end_epoch": 1760802886.240805,
    "elapsed_seconds": 289.569991,
    "model": "gpt-4-0125-preview",
    "input_cost_per_token": 1e-05,
    "output_cost_per_token": 3e-05,
    "total_input_tokens": 88896,
    "total_output_tokens": 10300,
    "total_tokens": 99196,
    "total_cost": 1.19796
}