{
    "commit": "c90ce60b3b9144cc1f1ca39150676cecc1bc2d7e",
    "start_epoch": 1760817241.208273,
    "end_epoch": 1760817374.128358,
    "elapsed_seconds": 132.920085,
    "model": "gpt-4-0125-preview",
    "input_cost_per_token": 1e-05,
    "output_cost_per_token": 3e-05,
    "total_input_tokens": 34258,
    "total_output_tokens": 5287,
    "total_tokens": 39545,
    "total_cost": 0.50119
}