{
    "commit": "4ab34f73c08e619fd395e0bf25619b7127d4ff56",
    "start_epoch": 1760507276.73308,
    "end_epoch": 1760507321.403659,
    "elapsed_seconds": 44.670579,
    "model": "gpt-4-0125-preview",
    "input_cost_per_token": 1e-05,
    "output_cost_per_token": 3e-05,
    "total_input_tokens": 5982,
    "total_output_tokens": 1492,
    "total_tokens": 7474,
    "total_cost": 0.10458
}