{
    "commit": "04c2143b432daa5d88427b9157019921454a9009",
    "start_epoch": 1760545633.092406,
    "end_epoch": 1760545686.390377,
    "elapsed_seconds": 53.297971,
    "model": "gpt-4-0125-preview",
    "input_cost_per_token": 1e-05,
    "output_cost_per_token": 3e-05,
    "total_input_tokens": 12690,
    "total_output_tokens": 1843,
    "total_tokens": 14533,
    "total_cost": 0.18219
}