{
    "commit": "9140292d0602248c77acfd177fb26e47a970e501",
    "start_epoch": 1760753966.994378,
    "end_epoch": 1760754031.832766,
    "elapsed_seconds": 64.838388,
    "model": "gpt-4-0125-preview",
    "input_cost_per_token": 1e-05,
    "output_cost_per_token": 3e-05,
    "total_input_tokens": 7557,
    "total_output_tokens": 2427,
    "total_tokens": 9984,
    "total_cost": 0.14838
}