{
    "commit": "9c379c14b0c8d3e11a8f10dbe7a183488315380f",
    "start_epoch": 1760741297.256128,
    "end_epoch": 1760741349.427008,
    "elapsed_seconds": 52.17088,
    "model": "gpt-4-0125-preview",
    "input_cost_per_token": 1e-05,
    "output_cost_per_token": 3e-05,
    "total_input_tokens": 5971,
    "total_output_tokens": 1995,
    "total_tokens": 7966,
    "total_cost": 0.11956000000000001
}