{
    "commit": "6f3ae84745692eda6780aedbb8be7bbf19d21a95",
    "start_epoch": 1760772891.719185,
    "end_epoch": 1760772939.187645,
    "elapsed_seconds": 47.46846,
    "model": "gpt-4-0125-preview",
    "input_cost_per_token": 1e-05,
    "output_cost_per_token": 3e-05,
    "total_input_tokens": 5313,
    "total_output_tokens": 1604,
    "total_tokens": 6917,
    "total_cost": 0.10125
}