{
    "commit": "51c3d5cf93bdd14704dfd358f2880ca2a8e504c4",
    "start_epoch": 1760767384.89304,
    "end_epoch": 1760767474.687222,
    "elapsed_seconds": 89.794182,
    "model": "gpt-4-0125-preview",
    "input_cost_per_token": 1e-05,
    "output_cost_per_token": 3e-05,
    "total_input_tokens": 13658,
    "total_output_tokens": 3652,
    "total_tokens": 17310,
    "total_cost": 0.24614
}