{
    "commit": "7ee39a1a38b3cbe3254936d84cc421bf7b205788",
    "start_epoch": 1760818086.75694,
    "end_epoch": 1760818128.16322,
    "elapsed_seconds": 41.40628,
    "model": "gpt-4-0125-preview",
    "input_cost_per_token": 1e-05,
    "output_cost_per_token": 3e-05,
    "total_input_tokens": 7764,
    "total_output_tokens": 1071,
    "total_tokens": 8835,
    "total_cost": 0.10977
}