{
    "commit": "381b96666fa41020977d3c9395525b83c35e5b40",
    "start_epoch": 1760719942.480676,
    "end_epoch": 1760720037.340727,
    "elapsed_seconds": 94.860051,
    "model": "gpt-4-0125-preview",
    "input_cost_per_token": 1e-05,
    "output_cost_per_token": 3e-05,
    "total_input_tokens": 15357,
    "total_output_tokens": 3460,
    "total_tokens": 18817,
    "total_cost": 0.25737000000000004
}