{
    "commit": "df5ad1415b6bd8212241dae892ac5c81600a0391",
    "start_epoch": 1760523654.761004,
    "end_epoch": 1760523752.251415,
    "elapsed_seconds": 97.490411,
    "model": "gpt-4-0125-preview",
    "input_cost_per_token": 1e-05,
    "output_cost_per_token": 3e-05,
    "total_input_tokens": 10421,
    "total_output_tokens": 2813,
    "total_tokens": 13234,
    "total_cost": 0.18860000000000002
}