{
    "commit": "64b4f032e742d27c23aedc54d5bb67c75fdebab8",
    "start_epoch": 1760713400.751631,
    "end_epoch": 1760713482.387532,
    "elapsed_seconds": 81.635901,
    "model": "gpt-4-0125-preview",
    "input_cost_per_token": 1e-05,
    "output_cost_per_token": 3e-05,
    "total_input_tokens": 21112,
    "total_output_tokens": 2941,
    "total_tokens": 24053,
    "total_cost": 0.29935
}