{
    "commit": "28cc512d5bcd2ce7b3b0565a946ba5a37331e915",
    "start_epoch": 1760728671.381088,
    "end_epoch": 1760728736.164469,
    "elapsed_seconds": 64.783381,
    "model": "gpt-4-0125-preview",
    "input_cost_per_token": 1e-05,
    "output_cost_per_token": 3e-05,
    "total_input_tokens": 14467,
    "total_output_tokens": 2442,
    "total_tokens": 16909,
    "total_cost": 0.21793000000000004
}