{
    "commit": "859f42bd53a84a3e038d1621b6960e1be36c9926",
    "start_epoch": 1760577087.157348,
    "end_epoch": 1760577225.153159,
    "elapsed_seconds": 137.995811,
    "model": "gpt-4-0125-preview",
    "input_cost_per_token": 1e-05,
    "output_cost_per_token": 3e-05,
    "total_input_tokens": 16082,
    "total_output_tokens": 5177,
    "total_tokens": 21259,
    "total_cost": 0.31613
}