{
    "commit": "8196e315207987c24f8ab421076f5ad79b4d3d29",
    "start_epoch": 1760788522.322561,
    "end_epoch": 1760788569.58245,
    "elapsed_seconds": 47.259889,
    "model": "gpt-4-0125-preview",
    "input_cost_per_token": 1e-05,
    "output_cost_per_token": 3e-05,
    "total_input_tokens": 7811,
    "total_output_tokens": 1796,
    "total_tokens": 9607,
    "total_cost": 0.13199000000000002
}