{
    "commit": "b79f29e50f23630c3648dc199b593ef25afee68f",
    "start_epoch": 1760704387.437618,
    "end_epoch": 1760704489.628057,
    "elapsed_seconds": 102.190439,
    "model": "gpt-4-0125-preview",
    "input_cost_per_token": 1e-05,
    "output_cost_per_token": 3e-05,
    "total_input_tokens": 11964,
    "total_output_tokens": 3861,
    "total_tokens": 15825,
    "total_cost": 0.23547
}