{
    "commit": "16dcc536cefff2a394bbca3a119cbfdd40f4bd80",
    "start_epoch": 1760821343.829072,
    "end_epoch": 1760821449.728943,
    "elapsed_seconds": 105.899871,
    "model": "gpt-4-0125-preview",
    "input_cost_per_token": 1e-05,
    "output_cost_per_token": 3e-05,
    "total_input_tokens": 15293,
    "total_output_tokens": 3437,
    "total_tokens": 18730,
    "total_cost": 0.25604000000000005
}