{
    "commit": "f2beff7f663d3c94d80f4fafd354ef019bf96fb7",
    "start_epoch": 1760743091.00287,
    "end_epoch": 1760743185.696311,
    "elapsed_seconds": 94.693441,
    "model": "gpt-4-0125-preview",
    "input_cost_per_token": 1e-05,
    "output_cost_per_token": 3e-05,
    "total_input_tokens": 14763,
    "total_output_tokens": 3187,
    "total_tokens": 17950,
    "total_cost": 0.24324000000000004
}