{
    "commit": "c0f92d2313816716e1de9568a41daed939ef7303",
    "start_epoch": 1760722534.973078,
    "end_epoch": 1760722580.995783,
    "elapsed_seconds": 46.022705,
    "model": "gpt-4-0125-preview",
    "input_cost_per_token": 1e-05,
    "output_cost_per_token": 3e-05,
    "total_input_tokens": 10896,
    "total_output_tokens": 1612,
    "total_tokens": 12508,
    "total_cost": 0.15732
}