{
    "commit": "35ea9649ddcc9a93f82dd3853041e3848534c4af",
    "start_epoch": 1760726360.389773,
    "end_epoch": 1760726426.668995,
    "elapsed_seconds": 66.279222,
    "model": "gpt-4-0125-preview",
    "input_cost_per_token": 1e-05,
    "output_cost_per_token": 3e-05,
    "total_input_tokens": 14548,
    "total_output_tokens": 2548,
    "total_tokens": 17096,
    "total_cost": 0.22192
}