{
    "commit": "4ce6e69b0eb14a13f3f9e2d854b07b33df935d1f",
    "start_epoch": 1760740956.956949,
    "end_epoch": 1760741026.094896,
    "elapsed_seconds": 69.137947,
    "model": "gpt-4-0125-preview",
    "input_cost_per_token": 1e-05,
    "output_cost_per_token": 3e-05,
    "total_input_tokens": 17496,
    "total_output_tokens": 2412,
    "total_tokens": 19908,
    "total_cost": 0.24732000000000004
}