{
    "commit": "7233399504ed791db5f94cbe6121a99a3588e218",
    "start_epoch": 1760744189.701575,
    "end_epoch": 1760744409.613534,
    "elapsed_seconds": 219.911959,
    "model": "gpt-4-0125-preview",
    "input_cost_per_token": 1e-05,
    "output_cost_per_token": 3e-05,
    "total_input_tokens": 67264,
    "total_output_tokens": 6803,
    "total_tokens": 74067,
    "total_cost": 0.8767300000000001
}