{
    "commit": "31330ced83ebe7a0a5dee16cbdd6e504c27fdeb9",
    "start_epoch": 1760817495.714713,
    "end_epoch": 1760817589.578466,
    "elapsed_seconds": 93.863753,
    "model": "gpt-4-0125-preview",
    "input_cost_per_token": 1e-05,
    "output_cost_per_token": 3e-05,
    "total_input_tokens": 30122,
    "total_output_tokens": 3134,
    "total_tokens": 33256,
    "total_cost": 0.39524000000000004
}