{
    "commit": "44967d38d02db37c19bca6ba117c03b7d1055d95",
    "start_epoch": 1760699798.128372,
    "end_epoch": 1760699837.308337,
    "elapsed_seconds": 39.179965,
    "model": "gpt-4-0125-preview",
    "input_cost_per_token": 1e-05,
    "output_cost_per_token": 3e-05,
    "total_input_tokens": 6535,
    "total_output_tokens": 1315,
    "total_tokens": 7850,
    "total_cost": 0.1048
}