{
    "commit": "e643f0b382018d3afa87b611f27b24d7f35f054a",
    "start_epoch": 1760805569.779868,
    "end_epoch": 1760805652.693196,
    "elapsed_seconds": 82.913328,
    "model": "gpt-4-0125-preview",
    "input_cost_per_token": 1e-05,
    "output_cost_per_token": 3e-05,
    "total_input_tokens": 12723,
    "total_output_tokens": 3148,
    "total_tokens": 15871,
    "total_cost": 0.22167000000000003
}