{
    "commit": "00b5b305de18460973a03428d80f992902b2b4fc",
    "start_epoch": 1760748649.548399,
    "end_epoch": 1760748726.887706,
    "elapsed_seconds": 77.339307,
    "model": "gpt-4-0125-preview",
    "input_cost_per_token": 1e-05,
    "output_cost_per_token": 3e-05,
    "total_input_tokens": 10070,
    "total_output_tokens": 3084,
    "total_tokens": 13154,
    "total_cost": 0.19321999999999998
}