{
    "commit": "812a19734680d182e0f317fc03238b86334d4ea3",
    "start_epoch": 1760554101.982895,
    "end_epoch": 1760554164.855483,
    "elapsed_seconds": 62.872588,
    "model": "gpt-4-0125-preview",
    "input_cost_per_token": 1e-05,
    "output_cost_per_token": 3e-05,
    "total_input_tokens": 6085,
    "total_output_tokens": 2031,
    "total_tokens": 8116,
    "total_cost": 0.12178
}