{
    "commit": "f32370b1a25352d6c30cae92b8891fa537b88708",
    "start_epoch": 1760736877.522732,
    "end_epoch": 1760736979.639751,
    "elapsed_seconds": 102.117019,
    "model": "gpt-4-0125-preview",
    "input_cost_per_token": 1e-05,
    "output_cost_per_token": 3e-05,
    "total_input_tokens": 22646,
    "total_output_tokens": 3695,
    "total_tokens": 26341,
    "total_cost": 0.33731
}