{
    "commit": "1f1b31a937558600558f16aba422fcc30c5378e0",
    "start_epoch": 1760775597.127515,
    "end_epoch": 1760775677.483723,
    "elapsed_seconds": 80.356208,
    "model": "gpt-4-0125-preview",
    "input_cost_per_token": 1e-05,
    "output_cost_per_token": 3e-05,
    "total_input_tokens": 12258,
    "total_output_tokens": 2526,
    "total_tokens": 14784,
    "total_cost": 0.19836000000000004
}