{
    "commit": "3d08d6e7336b9919bf9c6a8a199f721b7fdae32a",
    "start_epoch": 1760698558.173217,
    "end_epoch": 1760698621.734842,
    "elapsed_seconds": 63.561625,
    "model": "gpt-4-0125-preview",
    "input_cost_per_token": 1e-05,
    "output_cost_per_token": 3e-05,
    "total_input_tokens": 13400,
    "total_output_tokens": 2622,
    "total_tokens": 16022,
    "total_cost": 0.21266000000000002
}