{
    "commit": "1a190fc03106fbec1696d48018d488c92c1361d2",
    "start_epoch": 1760710932.482476,
    "end_epoch": 1760711025.357711,
    "elapsed_seconds": 92.875235,
    "model": "gpt-4-0125-preview",
    "input_cost_per_token": 1e-05,
    "output_cost_per_token": 3e-05,
    "total_input_tokens": 12418,
    "total_output_tokens": 3166,
    "total_tokens": 15584,
    "total_cost": 0.21916000000000002
}