{
    "commit": "e7776ff2917a280b642d4db6a31d08619fd84ebb",
    "start_epoch": 1760696478.353366,
    "end_epoch": 1760696533.060083,
    "elapsed_seconds": 54.706717,
    "model": "gpt-4-0125-preview",
    "input_cost_per_token": 1e-05,
    "output_cost_per_token": 3e-05,
    "total_input_tokens": 11984,
    "total_output_tokens": 2078,
    "total_tokens": 14062,
    "total_cost": 0.18218
}