{
    "commit": "cbb8ed7057493d1682fd58a443c77c1910f230b8",
    "start_epoch": 1760730366.932009,
    "end_epoch": 1760730465.974848,
    "elapsed_seconds": 99.042839,
    "model": "gpt-4-0125-preview",
    "input_cost_per_token": 1e-05,
    "output_cost_per_token": 3e-05,
    "total_input_tokens": 35024,
    "total_output_tokens": 2359,
    "total_tokens": 37383,
    "total_cost": 0.42101000000000005
}