{
    "commit": "89ea819e83e61972040a9da32dc9fc5994f54938",
    "start_epoch": 1760556264.277302,
    "end_epoch": 1760556363.989182,
    "elapsed_seconds": 99.71188,
    "model": "gpt-4-0125-preview",
    "input_cost_per_token": 1e-05,
    "output_cost_per_token": 3e-05,
    "total_input_tokens": 14545,
    "total_output_tokens": 3235,
    "total_tokens": 17780,
    "total_cost": 0.24250000000000002
}