{
    "commit": "780e3b9ad2b4f492253099eb11a74ecc5096ced8",
    "start_epoch": 1760738632.145783,
    "end_epoch": 1760738684.308473,
    "elapsed_seconds": 52.16269,
    "model": "gpt-4-0125-preview",
    "input_cost_per_token": 1e-05,
    "output_cost_per_token": 3e-05,
    "total_input_tokens": 9151,
    "total_output_tokens": 1940,
    "total_tokens": 11091,
    "total_cost": 0.14971
}