{
    "commit": "358ff61843c71559ba1d29b6c834cd994b3cad85",
    "start_epoch": 1760353211.731888,
    "end_epoch": 1760353252.091057,
    "elapsed_seconds": 40.359169,
    "model": "gpt-4o-2024-05-13",
    "input_cost_per_token": 5e-06,
    "output_cost_per_token": 1.5e-05,
    "total_input_tokens": 9802,
    "total_output_tokens": 2905,
    "total_tokens": 12707,
    "total_cost": 0.092585
}