{
    "commit": "00c7e17030d71328f4d2b38917bcab965c37148a",
    "start_epoch": 1760792581.803747,
    "end_epoch": 1760792627.939621,
    "elapsed_seconds": 46.135874,
    "model": "gpt-4-0125-preview",
    "input_cost_per_token": 1e-05,
    "output_cost_per_token": 3e-05,
    "total_input_tokens": 5980,
    "total_output_tokens": 1687,
    "total_tokens": 7667,
    "total_cost": 0.11041000000000001
}