{
    "commit": "fbc7911b622199fa98d3c3ecbe965f241212cfa6",
    "start_epoch": 1760553855.873635,
    "end_epoch": 1760553940.586377,
    "elapsed_seconds": 84.712742,
    "model": "gpt-4-0125-preview",
    "input_cost_per_token": 1e-05,
    "output_cost_per_token": 3e-05,
    "total_input_tokens": 15276,
    "total_output_tokens": 2547,
    "total_tokens": 17823,
    "total_cost": 0.22917000000000004
}