{
    "commit": "8853583414f217d4d344b4504218ee4ab0517e07",
    "start_epoch": 1760710534.466063,
    "end_epoch": 1760710585.44078,
    "elapsed_seconds": 50.974717,
    "model": "gpt-4-0125-preview",
    "input_cost_per_token": 1e-05,
    "output_cost_per_token": 3e-05,
    "total_input_tokens": 5610,
    "total_output_tokens": 1608,
    "total_tokens": 7218,
    "total_cost": 0.10434
}