{
    "commit": "3f014b4cb0d865e21fc05c799fa079fb132ea66a",
    "start_epoch": 1760543545.336273,
    "end_epoch": 1760543627.841314,
    "elapsed_seconds": 82.505041,
    "model": "gpt-4-0125-preview",
    "input_cost_per_token": 1e-05,
    "output_cost_per_token": 3e-05,
    "total_input_tokens": 7695,
    "total_output_tokens": 2530,
    "total_tokens": 10225,
    "total_cost": 0.15285
}