{
    "commit": "7f3f75b1277f17b6d0cbf4fb662570de907b01d3",
    "start_epoch": 1760729889.653391,
    "end_epoch": 1760730195.576209,
    "elapsed_seconds": 305.922818,
    "model": "gpt-4-0125-preview",
    "input_cost_per_token": 1e-05,
    "output_cost_per_token": 3e-05,
    "total_input_tokens": 118901,
    "total_output_tokens": 8248,
    "total_tokens": 127149,
    "total_cost": 1.4364500000000007
}