{
    "commit": "a643765deeee552dbf7dc45c354fc0419033061f",
    "start_epoch": 1760789010.147644,
    "end_epoch": 1760789100.060539,
    "elapsed_seconds": 89.912895,
    "model": "gpt-4-0125-preview",
    "input_cost_per_token": 1e-05,
    "output_cost_per_token": 3e-05,
    "total_input_tokens": 18464,
    "total_output_tokens": 3463,
    "total_tokens": 21927,
    "total_cost": 0.28853
}