{
    "commit": "8d7d6ef00eb43396833d5b8321cb0612048b2d35",
    "start_epoch": 1760739029.885814,
    "end_epoch": 1760739100.997926,
    "elapsed_seconds": 71.112112,
    "model": "gpt-4-0125-preview",
    "input_cost_per_token": 1e-05,
    "output_cost_per_token": 3e-05,
    "total_input_tokens": 12822,
    "total_output_tokens": 2997,
    "total_tokens": 15819,
    "total_cost": 0.21813000000000002
}