{
    "commit": "9069e2184a95b675fba98998b6bd3a7a7b1f73f3",
    "start_epoch": 1760751089.549456,
    "end_epoch": 1760751145.157247,
    "elapsed_seconds": 55.607791,
    "model": "gpt-4-0125-preview",
    "input_cost_per_token": 1e-05,
    "output_cost_per_token": 3e-05,
    "total_input_tokens": 9698,
    "total_output_tokens": 1742,
    "total_tokens": 11440,
    "total_cost": 0.14923999999999998
}