{
    "commit": "ea244d9046c20de6efc8df7379b202c1ee60a5cd",
    "start_epoch": 1760522974.397569,
    "end_epoch": 1760523070.498151,
    "elapsed_seconds": 96.100582,
    "model": "gpt-4-0125-preview",
    "input_cost_per_token": 1e-05,
    "output_cost_per_token": 3e-05,
    "total_input_tokens": 12606,
    "total_output_tokens": 3085,
    "total_tokens": 15691,
    "total_cost": 0.21861
}