{
    "commit": "8de75a627093e42ccbaf7f115558b58ec44fe8f9",
    "start_epoch": 1760576181.058954,
    "end_epoch": 1760576349.688555,
    "elapsed_seconds": 168.629601,
    "model": "gpt-4-0125-preview",
    "input_cost_per_token": 1e-05,
    "output_cost_per_token": 3e-05,
    "total_input_tokens": 38164,
    "total_output_tokens": 5994,
    "total_tokens": 44158,
    "total_cost": 0.56146
}