{
    "commit": "776304c986c76a620f9c130c2a5eae04856598d1",
    "start_epoch": 1760548952.567951,
    "end_epoch": 1760549000.407706,
    "elapsed_seconds": 47.839755,
    "model": "gpt-4-0125-preview",
    "input_cost_per_token": 1e-05,
    "output_cost_per_token": 3e-05,
    "total_input_tokens": 6168,
    "total_output_tokens": 1539,
    "total_tokens": 7707,
    "total_cost": 0.10785
}