{
    "commit": "0bb6e469763ff30607a9e554f340e0a1ea8216d1",
    "start_epoch": 1760773447.794336,
    "end_epoch": 1760773873.083929,
    "elapsed_seconds": 425.289593,
    "model": "gpt-4-0125-preview",
    "input_cost_per_token": 1e-05,
    "output_cost_per_token": 3e-05,
    "total_input_tokens": 588965,
    "total_output_tokens": 7931,
    "total_tokens": 596896,
    "total_cost": 6.127580000000002
}