{
    "commit": "13b06fdda40ed4f26aca4a6a3c78bab9ab577bf8",
    "start_epoch": 1760787035.765921,
    "end_epoch": 1760787119.999786,
    "elapsed_seconds": 84.233865,
    "model": "gpt-4-0125-preview",
    "input_cost_per_token": 1e-05,
    "output_cost_per_token": 3e-05,
    "total_input_tokens": 24053,
    "total_output_tokens": 3371,
    "total_tokens": 27424,
    "total_cost": 0.34166
}