{
    "commit": "f09ba297116690d8662be9847fe775c451f87936",
    "start_epoch": 1760773388.609858,
    "end_epoch": 1760773447.647976,
    "elapsed_seconds": 59.038118,
    "model": "gpt-4-0125-preview",
    "input_cost_per_token": 1e-05,
    "output_cost_per_token": 3e-05,
    "total_input_tokens": 16288,
    "total_output_tokens": 1839,
    "total_tokens": 18127,
    "total_cost": 0.21805
}