{
    "commit": "2cad1847c3cfde5f6bb2ed30c600cbb46deb14d6",
    "start_epoch": 1760757813.396082,
    "end_epoch": 1760757898.004407,
    "elapsed_seconds": 84.608325,
    "model": "gpt-4-0125-preview",
    "input_cost_per_token": 1e-05,
    "output_cost_per_token": 3e-05,
    "total_input_tokens": 10879,
    "total_output_tokens": 3494,
    "total_tokens": 14373,
    "total_cost": 0.21361
}