{
    "commit": "32c162a25f65fd043c2338b3fea52e51245840dd",
    "start_epoch": 1760778595.902456,
    "end_epoch": 1760778727.099557,
    "elapsed_seconds": 131.197101,
    "model": "gpt-4-0125-preview",
    "input_cost_per_token": 1e-05,
    "output_cost_per_token": 3e-05,
    "total_input_tokens": 18835,
    "total_output_tokens": 4489,
    "total_tokens": 23324,
    "total_cost": 0.32302000000000003
}