{
    "commit": "e46bf92d45cdc9a396f57fc1fa4af6447dd38d99",
    "start_epoch": 1760541704.261334,
    "end_epoch": 1760541754.207362,
    "elapsed_seconds": 49.946028,
    "model": "gpt-4-0125-preview",
    "input_cost_per_token": 1e-05,
    "output_cost_per_token": 3e-05,
    "total_input_tokens": 18435,
    "total_output_tokens": 1639,
    "total_tokens": 20074,
    "total_cost": 0.23352000000000003
}