{
    "commit": "7e82d0d6322ec558a1cd070c9f3d32b39cadae64",
    "start_epoch": 1760786053.974976,
    "end_epoch": 1760786126.663764,
    "elapsed_seconds": 72.688788,
    "model": "gpt-4-0125-preview",
    "input_cost_per_token": 1e-05,
    "output_cost_per_token": 3e-05,
    "total_input_tokens": 12157,
    "total_output_tokens": 2610,
    "total_tokens": 14767,
    "total_cost": 0.19987000000000002
}