{
    "commit": "b06f5d6efae6d8f42c55778466d77a6fdb075a9c",
    "start_epoch": 1760585854.239327,
    "end_epoch": 1760585907.932126,
    "elapsed_seconds": 53.692799,
    "model": "gpt-4-0125-preview",
    "input_cost_per_token": 1e-05,
    "output_cost_per_token": 3e-05,
    "total_input_tokens": 6871,
    "total_output_tokens": 1724,
    "total_tokens": 8595,
    "total_cost": 0.12043000000000001
}