{
    "commit": "e7c519f1f720dee21c8b4b5c57ac09ed2ec66822",
    "start_epoch": 1760817106.365416,
    "end_epoch": 1760817168.678395,
    "elapsed_seconds": 62.312979,
    "model": "gpt-4-0125-preview",
    "input_cost_per_token": 1e-05,
    "output_cost_per_token": 3e-05,
    "total_input_tokens": 5783,
    "total_output_tokens": 1925,
    "total_tokens": 7708,
    "total_cost": 0.11558000000000002
}