{
    "commit": "d45701072fac0d9c577a0c8334849da70d9780f4",
    "start_epoch": 1760769641.177874,
    "end_epoch": 1760769905.411195,
    "elapsed_seconds": 264.233321,
    "model": "gpt-4-0125-preview",
    "input_cost_per_token": 1e-05,
    "output_cost_per_token": 3e-05,
    "total_input_tokens": 91949,
    "total_output_tokens": 4525,
    "total_tokens": 96474,
    "total_cost": 1.0552399999999993
}