{
    "commit": "2ebb3d9c9a0408f71346b2a4955dc8b6b87abbc0",
    "start_epoch": 1760574538.367807,
    "end_epoch": 1760574675.407602,
    "elapsed_seconds": 137.039795,
    "model": "gpt-4-0125-preview",
    "input_cost_per_token": 1e-05,
    "output_cost_per_token": 3e-05,
    "total_input_tokens": 24762,
    "total_output_tokens": 5587,
    "total_tokens": 30349,
    "total_cost": 0.41523
}