{
    "commit": "56d828076eaffbefb396f49b923bf9d9d2e774db",
    "start_epoch": 1760799771.320163,
    "end_epoch": 1760799932.159117,
    "elapsed_seconds": 160.838954,
    "model": "gpt-4-0125-preview",
    "input_cost_per_token": 1e-05,
    "output_cost_per_token": 3e-05,
    "total_input_tokens": 51430,
    "total_output_tokens": 6064,
    "total_tokens": 57494,
    "total_cost": 0.6962200000000001
}