{
    "commit": "a45221b104715890b1de959cae640781c2bad9e5",
    "start_epoch": 1760795312.339643,
    "end_epoch": 1760795354.767941,
    "elapsed_seconds": 42.428298,
    "model": "gpt-4-0125-preview",
    "input_cost_per_token": 1e-05,
    "output_cost_per_token": 3e-05,
    "total_input_tokens": 9897,
    "total_output_tokens": 1446,
    "total_tokens": 11343,
    "total_cost": 0.14235
}