{
    "commit": "7604a326cdbc1a164d6367e29d08ca9535b085c0",
    "start_epoch": 1760795995.407771,
    "end_epoch": 1760796051.844289,
    "elapsed_seconds": 56.436518,
    "model": "gpt-4-0125-preview",
    "input_cost_per_token": 1e-05,
    "output_cost_per_token": 3e-05,
    "total_input_tokens": 6435,
    "total_output_tokens": 2099,
    "total_tokens": 8534,
    "total_cost": 0.12732000000000002
}