{
    "commit": "f60e4843f32bf9e85b9b1aa928aeb43025a5ccdf",
    "start_epoch": 1760574773.919504,
    "end_epoch": 1760575052.623852,
    "elapsed_seconds": 278.704348,
    "model": "gpt-4-0125-preview",
    "input_cost_per_token": 1e-05,
    "output_cost_per_token": 3e-05,
    "total_input_tokens": 98433,
    "total_output_tokens": 9386,
    "total_tokens": 107819,
    "total_cost": 1.2659099999999999
}