{
    "commit": "a1a596731cb17740a8fa65fc2be26ea862366eef",
    "start_epoch": 1760498593.792695,
    "end_epoch": 1760498637.27927,
    "elapsed_seconds": 43.486575,
    "model": "gpt-4-0125-preview",
    "input_cost_per_token": 1e-05,
    "output_cost_per_token": 3e-05,
    "total_input_tokens": 6181,
    "total_output_tokens": 1644,
    "total_tokens": 7825,
    "total_cost": 0.11113
}