{
    "commit": "0091230ff54f25ae6d3d04f2f94d7ff52a4e6ff5",
    "start_epoch": 1760754155.886735,
    "end_epoch": 1760754264.726218,
    "elapsed_seconds": 108.839483,
    "model": "gpt-4-0125-preview",
    "input_cost_per_token": 1e-05,
    "output_cost_per_token": 3e-05,
    "total_input_tokens": 15625,
    "total_output_tokens": 4618,
    "total_tokens": 20243,
    "total_cost": 0.29479
}