{
    "commit": "4ca44add017e021d9d5196fc0d86782677a546ff",
    "start_epoch": 1760769993.400542,
    "end_epoch": 1760770101.521827,
    "elapsed_seconds": 108.121285,
    "model": "gpt-4-0125-preview",
    "input_cost_per_token": 1e-05,
    "output_cost_per_token": 3e-05,
    "total_input_tokens": 17084,
    "total_output_tokens": 4269,
    "total_tokens": 21353,
    "total_cost": 0.29891000000000006
}