{
    "commit": "7940709674d051a938db554d2f424a474d80573c",
    "start_epoch": 1760522496.681031,
    "end_epoch": 1760522620.257836,
    "elapsed_seconds": 123.576805,
    "model": "gpt-4-0125-preview",
    "input_cost_per_token": 1e-05,
    "output_cost_per_token": 3e-05,
    "total_input_tokens": 21701,
    "total_output_tokens": 4187,
    "total_tokens": 25888,
    "total_cost": 0.34262
}