{
    "commit": "cc50991ec12694388a60763ee137cbd512ef7f81",
    "start_epoch": 1760554000.228943,
    "end_epoch": 1760554049.145817,
    "elapsed_seconds": 48.916874,
    "model": "gpt-4-0125-preview",
    "input_cost_per_token": 1e-05,
    "output_cost_per_token": 3e-05,
    "total_input_tokens": 9230,
    "total_output_tokens": 1584,
    "total_tokens": 10814,
    "total_cost": 0.13982
}