{
    "commit": "4121d62c842391160e04367211d259d76c7c3340",
    "start_epoch": 1760704751.395069,
    "end_epoch": 1760704809.60495,
    "elapsed_seconds": 58.209881,
    "model": "gpt-4-0125-preview",
    "input_cost_per_token": 1e-05,
    "output_cost_per_token": 3e-05,
    "total_input_tokens": 6684,
    "total_output_tokens": 2105,
    "total_tokens": 8789,
    "total_cost": 0.12999
}