{
    "commit": "e1f23412ee142d3a6a6aa1bac2cec984bc85fb00",
    "start_epoch": 1760548542.798978,
    "end_epoch": 1760548627.406608,
    "elapsed_seconds": 84.60763,
    "model": "gpt-4-0125-preview",
    "input_cost_per_token": 1e-05,
    "output_cost_per_token": 3e-05,
    "total_input_tokens": 20444,
    "total_output_tokens": 2851,
    "total_tokens": 23295,
    "total_cost": 0.28997000000000006
}