{
    "commit": "da93e8c599dc31a94f2887092d1d2a986eef9ae2",
    "start_epoch": 1760703137.844348,
    "end_epoch": 1760703263.35889,
    "elapsed_seconds": 125.514542,
    "model": "gpt-4-0125-preview",
    "input_cost_per_token": 1e-05,
    "output_cost_per_token": 3e-05,
    "total_input_tokens": 12883,
    "total_output_tokens": 4154,
    "total_tokens": 17037,
    "total_cost": 0.25345
}