{
    "commit": "2b33fb00d33152425e33b367d721f5d73e5e3b6e",
    "start_epoch": 1760698621.944512,
    "end_epoch": 1760698661.573632,
    "elapsed_seconds": 39.62912,
    "model": "gpt-4-0125-preview",
    "input_cost_per_token": 1e-05,
    "output_cost_per_token": 3e-05,
    "total_input_tokens": 5502,
    "total_output_tokens": 1435,
    "total_tokens": 6937,
    "total_cost": 0.09807
}