{
    "commit": "8abfaeae437a48202b60dab89577c841d24bad0c",
    "start_epoch": 1760577893.671962,
    "end_epoch": 1760577969.740867,
    "elapsed_seconds": 76.068905,
    "model": "gpt-4-0125-preview",
    "input_cost_per_token": 1e-05,
    "output_cost_per_token": 3e-05,
    "total_input_tokens": 12250,
    "total_output_tokens": 2689,
    "total_tokens": 14939,
    "total_cost": 0.20317
}