{
    "commit": "48cba58efa583f7b6fba95b446bba0ffc479c959",
    "start_epoch": 1760821004.530108,
    "end_epoch": 1760821127.240031,
    "elapsed_seconds": 122.709923,
    "model": "gpt-4-0125-preview",
    "input_cost_per_token": 1e-05,
    "output_cost_per_token": 3e-05,
    "total_input_tokens": 33588,
    "total_output_tokens": 4229,
    "total_tokens": 37817,
    "total_cost": 0.46275000000000005
}