{
    "commit": "630bda46a2f0435d8092bd8ed603f40babe2d8e0",
    "start_epoch": 1760503168.213162,
    "end_epoch": 1760503217.454439,
    "elapsed_seconds": 49.241277,
    "model": "gpt-4-0125-preview",
    "input_cost_per_token": 1e-05,
    "output_cost_per_token": 3e-05,
    "total_input_tokens": 6559,
    "total_output_tokens": 1812,
    "total_tokens": 8371,
    "total_cost": 0.11995
}