{
    "commit": "9d7a44f711101c10ef4b9b00c9066e62a8aa5716",
    "start_epoch": 1760737206.829591,
    "end_epoch": 1760737282.153921,
    "elapsed_seconds": 75.32433,
    "model": "gpt-4-0125-preview",
    "input_cost_per_token": 1e-05,
    "output_cost_per_token": 3e-05,
    "total_input_tokens": 9828,
    "total_output_tokens": 2710,
    "total_tokens": 12538,
    "total_cost": 0.17958000000000002
}