{
    "commit": "90383adde14d41a632a8184dda1278d96a1ae17a",
    "start_epoch": 1760792628.112507,
    "end_epoch": 1760792669.454484,
    "elapsed_seconds": 41.341977,
    "model": "gpt-4-0125-preview",
    "input_cost_per_token": 1e-05,
    "output_cost_per_token": 3e-05,
    "total_input_tokens": 5806,
    "total_output_tokens": 1482,
    "total_tokens": 7288,
    "total_cost": 0.10252000000000001
}