{
    "commit": "3ad3788ffce3fd808923c422f6f062fdd69c2377",
    "start_epoch": 1760501073.100934,
    "end_epoch": 1760501264.063003,
    "elapsed_seconds": 190.962069,
    "model": "gpt-4-0125-preview",
    "input_cost_per_token": 1e-05,
    "output_cost_per_token": 3e-05,
    "total_input_tokens": 19935,
    "total_output_tokens": 4995,
    "total_tokens": 24930,
    "total_cost": 0.3492
}