{
    "commit": "fb128aa1fcfc8a3541ffaefbfe1721495a4a117b",
    "start_epoch": 1760542312.045634,
    "end_epoch": 1760542397.840283,
    "elapsed_seconds": 85.794649,
    "model": "gpt-4-0125-preview",
    "input_cost_per_token": 1e-05,
    "output_cost_per_token": 3e-05,
    "total_input_tokens": 13510,
    "total_output_tokens": 2751,
    "total_tokens": 16261,
    "total_cost": 0.21763000000000002
}