{
    "commit": "0ffb485a78a7bf03ac895d25bacdd0983ef593fe",
    "start_epoch": 1760705079.022929,
    "end_epoch": 1760705128.230305,
    "elapsed_seconds": 49.207376,
    "model": "gpt-4-0125-preview",
    "input_cost_per_token": 1e-05,
    "output_cost_per_token": 3e-05,
    "total_input_tokens": 9838,
    "total_output_tokens": 1713,
    "total_tokens": 11551,
    "total_cost": 0.14977000000000001
}