{
    "commit": "02f24f773c8cb4be3de5fd4e8d63ff05b947d880",
    "start_epoch": 1760503510.271095,
    "end_epoch": 1760503775.35125,
    "elapsed_seconds": 265.080155,
    "model": "gpt-4-0125-preview",
    "input_cost_per_token": 1e-05,
    "output_cost_per_token": 3e-05,
    "total_input_tokens": 114822,
    "total_output_tokens": 7811,
    "total_tokens": 122633,
    "total_cost": 1.3825499999999997
}