{
    "commit": "cc2a65d8c1210074f9ea5d0b415650d7f9c51074",
    "start_epoch": 1760694352.027368,
    "end_epoch": 1760694423.470687,
    "elapsed_seconds": 71.443319,
    "model": "gpt-4-0125-preview",
    "input_cost_per_token": 1e-05,
    "output_cost_per_token": 3e-05,
    "total_input_tokens": 13417,
    "total_output_tokens": 2762,
    "total_tokens": 16179,
    "total_cost": 0.21703
}