{
    "commit": "743ddac65f2ad67d17aaf1255288da9b07e71053",
    "start_epoch": 1760787732.672231,
    "end_epoch": 1760787771.214181,
    "elapsed_seconds": 38.54195,
    "model": "gpt-4-0125-preview",
    "input_cost_per_token": 1e-05,
    "output_cost_per_token": 3e-05,
    "total_input_tokens": 5575,
    "total_output_tokens": 1362,
    "total_tokens": 6937,
    "total_cost": 0.09661
}