{
    "commit": "8eef032ae8e736b4e81a581026cd32f346650d8a",
    "start_epoch": 1760536058.195917,
    "end_epoch": 1760536106.176342,
    "elapsed_seconds": 47.980425,
    "model": "gpt-4-0125-preview",
    "input_cost_per_token": 1e-05,
    "output_cost_per_token": 3e-05,
    "total_input_tokens": 8353,
    "total_output_tokens": 1319,
    "total_tokens": 9672,
    "total_cost": 0.1231
}