{
    "commit": "c9d509cc017a6d412306b0193ba158836b280e0d",
    "start_epoch": 1760778458.231664,
    "end_epoch": 1760778527.595552,
    "elapsed_seconds": 69.363888,
    "model": "gpt-4-0125-preview",
    "input_cost_per_token": 1e-05,
    "output_cost_per_token": 3e-05,
    "total_input_tokens": 25838,
    "total_output_tokens": 2242,
    "total_tokens": 28080,
    "total_cost": 0.32564000000000004
}