{
    "commit": "3d00027421c0162bb3b147e19af1304c926d03c0",
    "start_epoch": 1760504447.976359,
    "end_epoch": 1760504552.172028,
    "elapsed_seconds": 104.195669,
    "model": "gpt-4-0125-preview",
    "input_cost_per_token": 1e-05,
    "output_cost_per_token": 3e-05,
    "total_input_tokens": 9700,
    "total_output_tokens": 3929,
    "total_tokens": 13629,
    "total_cost": 0.21487
}