{
    "commit": "e7e21afe5232173ada9ad53d08173b2f010e0c03",
    "start_epoch": 1760779733.385671,
    "end_epoch": 1760779784.785126,
    "elapsed_seconds": 51.399455,
    "model": "gpt-4-0125-preview",
    "input_cost_per_token": 1e-05,
    "output_cost_per_token": 3e-05,
    "total_input_tokens": 4820,
    "total_output_tokens": 1516,
    "total_tokens": 6336,
    "total_cost": 0.09367999999999999
}