{
    "commit": "54c11860674b072119a138decb96abacb3162ef2",
    "start_epoch": 1760746643.24294,
    "end_epoch": 1760746682.574224,
    "elapsed_seconds": 39.331284,
    "model": "gpt-4-0125-preview",
    "input_cost_per_token": 1e-05,
    "output_cost_per_token": 3e-05,
    "total_input_tokens": 7396,
    "total_output_tokens": 1419,
    "total_tokens": 8815,
    "total_cost": 0.11653000000000001
}