{
    "commit": "e0f382626ab250305e04ca5e0272f5610e477b5c",
    "start_epoch": 1760775344.386625,
    "end_epoch": 1760775433.863852,
    "elapsed_seconds": 89.477227,
    "model": "gpt-4-0125-preview",
    "input_cost_per_token": 1e-05,
    "output_cost_per_token": 3e-05,
    "total_input_tokens": 16135,
    "total_output_tokens": 3079,
    "total_tokens": 19214,
    "total_cost": 0.25372
}