{
    "commit": "a310193d99f089c8308ef1968e201a858883bd1c",
    "start_epoch": 1760571357.466587,
    "end_epoch": 1760571455.64493,
    "elapsed_seconds": 98.178343,
    "model": "gpt-4-0125-preview",
    "input_cost_per_token": 1e-05,
    "output_cost_per_token": 3e-05,
    "total_input_tokens": 16131,
    "total_output_tokens": 4012,
    "total_tokens": 20143,
    "total_cost": 0.28167000000000003
}