{
    "commit": "448d9fa830773fc6c5aaf5e9ce4821907f489104",
    "start_epoch": 1760708094.054278,
    "end_epoch": 1760708145.497138,
    "elapsed_seconds": 51.44286,
    "model": "gpt-4-0125-preview",
    "input_cost_per_token": 1e-05,
    "output_cost_per_token": 3e-05,
    "total_input_tokens": 8563,
    "total_output_tokens": 1705,
    "total_tokens": 10268,
    "total_cost": 0.13678
}