{
    "commit": "04397dd5bf137f1c15d9b5ca27518cff551cd5a9",
    "start_epoch": 1760508269.143032,
    "end_epoch": 1760508317.730852,
    "elapsed_seconds": 48.58782,
    "model": "gpt-4-0125-preview",
    "input_cost_per_token": 1e-05,
    "output_cost_per_token": 3e-05,
    "total_input_tokens": 5803,
    "total_output_tokens": 1489,
    "total_tokens": 7292,
    "total_cost": 0.1027
}