{
    "commit": "3ae2da58c244620a617944bd2bd3009c9d299cc3",
    "start_epoch": 1760734806.644242,
    "end_epoch": 1760734899.128431,
    "elapsed_seconds": 92.484189,
    "model": "gpt-4-0125-preview",
    "input_cost_per_token": 1e-05,
    "output_cost_per_token": 3e-05,
    "total_input_tokens": 15674,
    "total_output_tokens": 3194,
    "total_tokens": 18868,
    "total_cost": 0.25256000000000006
}