{
    "commit": "8ad8daea7310be92c3b8443a84ee51d2f7855f01",
    "start_epoch": 1760722451.831656,
    "end_epoch": 1760722534.831163,
    "elapsed_seconds": 82.999507,
    "model": "gpt-4-0125-preview",
    "input_cost_per_token": 1e-05,
    "output_cost_per_token": 3e-05,
    "total_input_tokens": 13702,
    "total_output_tokens": 2932,
    "total_tokens": 16634,
    "total_cost": 0.22498
}