{
    "commit": "bbb407747ebee99cb0ec437574e715138b3560ef",
    "start_epoch": 1760504691.985525,
    "end_epoch": 1760504783.639389,
    "elapsed_seconds": 91.653864,
    "model": "gpt-4-0125-preview",
    "input_cost_per_token": 1e-05,
    "output_cost_per_token": 3e-05,
    "total_input_tokens": 11056,
    "total_output_tokens": 3499,
    "total_tokens": 14555,
    "total_cost": 0.21553
}