{
    "commit": "7193a307066ee45d6c68d3ca7fd8606b44c2f41a",
    "start_epoch": 1760719851.316708,
    "end_epoch": 1760719942.383105,
    "elapsed_seconds": 91.066397,
    "model": "gpt-4-0125-preview",
    "input_cost_per_token": 1e-05,
    "output_cost_per_token": 3e-05,
    "total_input_tokens": 12910,
    "total_output_tokens": 3397,
    "total_tokens": 16307,
    "total_cost": 0.23101
}