{
    "commit": "7aae68ac7ce4a5fa6b6efa657f39dfe7d2acc116",
    "start_epoch": 1760792146.277701,
    "end_epoch": 1760792187.330786,
    "elapsed_seconds": 41.053085,
    "model": "gpt-4-0125-preview",
    "input_cost_per_token": 1e-05,
    "output_cost_per_token": 3e-05,
    "total_input_tokens": 7035,
    "total_output_tokens": 1601,
    "total_tokens": 8636,
    "total_cost": 0.11838
}