{
    "commit": "357a78e952e6c7ccc6fd6599eff51534e0c5c04c",
    "start_epoch": 1760502674.185552,
    "end_epoch": 1760502772.224738,
    "elapsed_seconds": 98.039186,
    "model": "gpt-4-0125-preview",
    "input_cost_per_token": 1e-05,
    "output_cost_per_token": 3e-05,
    "total_input_tokens": 21290,
    "total_output_tokens": 3215,
    "total_tokens": 24505,
    "total_cost": 0.30935
}