{
    "commit": "9efda44f0b3db33393a6946b4be9d9ac4f2c985d",
    "start_epoch": 1760529676.143486,
    "end_epoch": 1760529783.920226,
    "elapsed_seconds": 107.77674,
    "model": "gpt-4-0125-preview",
    "input_cost_per_token": 1e-05,
    "output_cost_per_token": 3e-05,
    "total_input_tokens": 26874,
    "total_output_tokens": 3553,
    "total_tokens": 30427,
    "total_cost": 0.37533
}