{
    "commit": "0519d4afd4b02fa167100671fbeb3703b68ed2b1",
    "start_epoch": 1760577969.895763,
    "end_epoch": 1760578129.289011,
    "elapsed_seconds": 159.393248,
    "model": "gpt-4-0125-preview",
    "input_cost_per_token": 1e-05,
    "output_cost_per_token": 3e-05,
    "total_input_tokens": 31707,
    "total_output_tokens": 5819,
    "total_tokens": 37526,
    "total_cost": 0.4916400000000002
}