{
    "commit": "de773d5dab4f6970d19c53cb9db67448846d78ca",
    "start_epoch": 1760511015.631029,
    "end_epoch": 1760511058.073716,
    "elapsed_seconds": 42.442687,
    "model": "gpt-4-0125-preview",
    "input_cost_per_token": 1e-05,
    "output_cost_per_token": 3e-05,
    "total_input_tokens": 7107,
    "total_output_tokens": 1491,
    "total_tokens": 8598,
    "total_cost": 0.11580000000000001
}