{
    "commit": "1f39d4e0a4fabaccdbdeb41d40fb3ed29ffeb858",
    "start_epoch": 1760800665.666818,
    "end_epoch": 1760800751.881996,
    "elapsed_seconds": 86.215178,
    "model": "gpt-4-0125-preview",
    "input_cost_per_token": 1e-05,
    "output_cost_per_token": 3e-05,
    "total_input_tokens": 22006,
    "total_output_tokens": 3189,
    "total_tokens": 25195,
    "total_cost": 0.31573
}