{
    "commit": "e96282f8b42d5239a92ca8dc20fc6b8b30324ba3",
    "start_epoch": 1760497735.584377,
    "end_epoch": 1760497816.542449,
    "elapsed_seconds": 80.958072,
    "model": "gpt-4-0125-preview",
    "input_cost_per_token": 1e-05,
    "output_cost_per_token": 3e-05,
    "total_input_tokens": 12055,
    "total_output_tokens": 2678,
    "total_tokens": 14733,
    "total_cost": 0.20089
}