{
    "commit": "bcd95cde4e29b08a764a956fe4d74b35a38f6e9c",
    "start_epoch": 1760773986.263499,
    "end_epoch": 1760774054.438671,
    "elapsed_seconds": 68.175172,
    "model": "gpt-4-0125-preview",
    "input_cost_per_token": 1e-05,
    "output_cost_per_token": 3e-05,
    "total_input_tokens": 8278,
    "total_output_tokens": 2306,
    "total_tokens": 10584,
    "total_cost": 0.15196
}