{
    "commit": "14c3f7a2c4f27387281d764ad8397c75e02a4129",
    "start_epoch": 1760760036.42087,
    "end_epoch": 1760760121.481875,
    "elapsed_seconds": 85.061005,
    "model": "gpt-4-0125-preview",
    "input_cost_per_token": 1e-05,
    "output_cost_per_token": 3e-05,
    "total_input_tokens": 21722,
    "total_output_tokens": 2807,
    "total_tokens": 24529,
    "total_cost": 0.30143000000000003
}