{
    "commit": "bcc72cd96479dc05c6f1e5702db5154b5d3208fb",
    "start_epoch": 1760555179.906125,
    "end_epoch": 1760555258.616174,
    "elapsed_seconds": 78.710049,
    "model": "gpt-4-0125-preview",
    "input_cost_per_token": 1e-05,
    "output_cost_per_token": 3e-05,
    "total_input_tokens": 13115,
    "total_output_tokens": 2838,
    "total_tokens": 15953,
    "total_cost": 0.21629
}