{
    "commit": "7623351e2d230e708ad15bdc8407b76c334b1113",
    "start_epoch": 1760793480.987379,
    "end_epoch": 1760793523.300745,
    "elapsed_seconds": 42.313366,
    "model": "gpt-4-0125-preview",
    "input_cost_per_token": 1e-05,
    "output_cost_per_token": 3e-05,
    "total_input_tokens": 7874,
    "total_output_tokens": 1473,
    "total_tokens": 9347,
    "total_cost": 0.12293000000000001
}