{
    "commit": "3d43cb07d653e7db9b0c1916dd107ef63682c790",
    "start_epoch": 1760791121.396399,
    "end_epoch": 1760791167.838162,
    "elapsed_seconds": 46.441763,
    "model": "gpt-4-0125-preview",
    "input_cost_per_token": 1e-05,
    "output_cost_per_token": 3e-05,
    "total_input_tokens": 6254,
    "total_output_tokens": 1714,
    "total_tokens": 7968,
    "total_cost": 0.11396
}