{
    "commit": "6e542a395495c48364e47b4ace508880f5429a82",
    "start_epoch": 1760522620.369534,
    "end_epoch": 1760522671.641921,
    "elapsed_seconds": 51.272387,
    "model": "gpt-4-0125-preview",
    "input_cost_per_token": 1e-05,
    "output_cost_per_token": 3e-05,
    "total_input_tokens": 4565,
    "total_output_tokens": 1422,
    "total_tokens": 5987,
    "total_cost": 0.08831000000000001
}