{
    "commit": "efca56682427053aa59ef9524bb4e355c7cd1f1d",
    "start_epoch": 1760524020.993893,
    "end_epoch": 1760524109.349889,
    "elapsed_seconds": 88.355996,
    "model": "gpt-4-0125-preview",
    "input_cost_per_token": 1e-05,
    "output_cost_per_token": 3e-05,
    "total_input_tokens": 10471,
    "total_output_tokens": 3012,
    "total_tokens": 13483,
    "total_cost": 0.19507000000000002
}