{
    "commit": "9abc3067ab6b410c64b66ba4ce60418fa01a8e51",
    "start_epoch": 1760785788.564553,
    "end_epoch": 1760785833.332111,
    "elapsed_seconds": 44.767558,
    "model": "gpt-4-0125-preview",
    "input_cost_per_token": 1e-05,
    "output_cost_per_token": 3e-05,
    "total_input_tokens": 5464,
    "total_output_tokens": 1745,
    "total_tokens": 7209,
    "total_cost": 0.10699
}