{
    "commit": "7654908a8d00e8c90aa64ca4cc5f49ec54e2e859",
    "start_epoch": 1760727707.935763,
    "end_epoch": 1760727767.958153,
    "elapsed_seconds": 60.02239,
    "model": "gpt-4-0125-preview",
    "input_cost_per_token": 1e-05,
    "output_cost_per_token": 3e-05,
    "total_input_tokens": 7799,
    "total_output_tokens": 2119,
    "total_tokens": 9918,
    "total_cost": 0.14156000000000002
}