{
    "commit": "1e934880c9529f2ee2feab83b2d2791a1738f466",
    "start_epoch": 1760560521.716154,
    "end_epoch": 1760560618.982025,
    "elapsed_seconds": 97.265871,
    "model": "gpt-4-0125-preview",
    "input_cost_per_token": 1e-05,
    "output_cost_per_token": 3e-05,
    "total_input_tokens": 10749,
    "total_output_tokens": 3095,
    "total_tokens": 13844,
    "total_cost": 0.20034000000000002
}