{
    "commit": "a732c2eab334ad5a07e4da30ba7c9eada099ce92",
    "start_epoch": 1760742246.547685,
    "end_epoch": 1760742290.327387,
    "elapsed_seconds": 43.779702,
    "model": "gpt-4-0125-preview",
    "input_cost_per_token": 1e-05,
    "output_cost_per_token": 3e-05,
    "total_input_tokens": 5925,
    "total_output_tokens": 1550,
    "total_tokens": 7475,
    "total_cost": 0.10575
}