{
    "commit": "f321646f0a868760ad61d50058e216337ec0e3e0",
    "start_epoch": 1760766509.067121,
    "end_epoch": 1760766560.768321,
    "elapsed_seconds": 51.7012,
    "model": "gpt-4-0125-preview",
    "input_cost_per_token": 1e-05,
    "output_cost_per_token": 3e-05,
    "total_input_tokens": 13906,
    "total_output_tokens": 1795,
    "total_tokens": 15701,
    "total_cost": 0.19290999999999997
}