{
    "commit": "c2af5d47bce19854662dbaa52693044b3e783cd3",
    "start_epoch": 1760567787.055395,
    "end_epoch": 1760568060.282474,
    "elapsed_seconds": 273.227079,
    "model": "gpt-4-0125-preview",
    "input_cost_per_token": 1e-05,
    "output_cost_per_token": 3e-05,
    "total_input_tokens": 110757,
    "total_output_tokens": 6783,
    "total_tokens": 117540,
    "total_cost": 1.3110599999999986
}