{
    "commit": "35c135290a6fa5297ef21afe669f6aca8b37eae5",
    "start_epoch": 1760570791.210961,
    "end_epoch": 1760570839.324945,
    "elapsed_seconds": 48.113984,
    "model": "gpt-4-0125-preview",
    "input_cost_per_token": 1e-05,
    "output_cost_per_token": 3e-05,
    "total_input_tokens": 9886,
    "total_output_tokens": 1674,
    "total_tokens": 11560,
    "total_cost": 0.14908000000000002
}