{
    "commit": "9dbd43d19f803b91e680780bdee614a5f579ad1e",
    "start_epoch": 1760796996.760407,
    "end_epoch": 1760797100.553202,
    "elapsed_seconds": 103.792795,
    "model": "gpt-4-0125-preview",
    "input_cost_per_token": 1e-05,
    "output_cost_per_token": 3e-05,
    "total_input_tokens": 21464,
    "total_output_tokens": 3819,
    "total_tokens": 25283,
    "total_cost": 0.32921
}