{
    "commit": "bfbc1ba4f852e6d508eee579604413e1ca0f0131",
    "start_epoch": 1760496156.888115,
    "end_epoch": 1760496234.621494,
    "elapsed_seconds": 77.733379,
    "model": "gpt-4-0125-preview",
    "input_cost_per_token": 1e-05,
    "output_cost_per_token": 3e-05,
    "total_input_tokens": 9823,
    "total_output_tokens": 2846,
    "total_tokens": 12669,
    "total_cost": 0.18361000000000005
}