{
    "commit": "20dca969b9bffe2db4f56add00de4eb1aa4fc09a",
    "start_epoch": 1760785833.513072,
    "end_epoch": 1760785872.868994,
    "elapsed_seconds": 39.355922,
    "model": "gpt-4-0125-preview",
    "input_cost_per_token": 1e-05,
    "output_cost_per_token": 3e-05,
    "total_input_tokens": 7070,
    "total_output_tokens": 1406,
    "total_tokens": 8476,
    "total_cost": 0.11288000000000001
}