{
    "commit": "f9e41cd0c223d5dfd94826432e0d6af56dbbc72f",
    "start_epoch": 1760720926.233606,
    "end_epoch": 1760720968.631133,
    "elapsed_seconds": 42.397527,
    "model": "gpt-4-0125-preview",
    "input_cost_per_token": 1e-05,
    "output_cost_per_token": 3e-05,
    "total_input_tokens": 7752,
    "total_output_tokens": 1572,
    "total_tokens": 9324,
    "total_cost": 0.12468000000000001
}