{
    "commit": "cd794ed41c56f988f41ef05dce41d508e3a08e0f",
    "start_epoch": 1760512232.379476,
    "end_epoch": 1760512334.23936,
    "elapsed_seconds": 101.859884,
    "model": "gpt-4-0125-preview",
    "input_cost_per_token": 1e-05,
    "output_cost_per_token": 3e-05,
    "total_input_tokens": 10562,
    "total_output_tokens": 3436,
    "total_tokens": 13998,
    "total_cost": 0.2087
}