{
    "commit": "82dda9251cf0a674ff110899efb02e80b84c4860",
    "start_epoch": 1760734592.601815,
    "end_epoch": 1760734650.954207,
    "elapsed_seconds": 58.352392,
    "model": "gpt-4-0125-preview",
    "input_cost_per_token": 1e-05,
    "output_cost_per_token": 3e-05,
    "total_input_tokens": 8153,
    "total_output_tokens": 1728,
    "total_tokens": 9881,
    "total_cost": 0.13337
}