{
    "commit": "435c0c292a3f6ff399569fd9857ea94540ec5ab8",
    "start_epoch": 1760749125.323452,
    "end_epoch": 1760749177.471356,
    "elapsed_seconds": 52.147904,
    "model": "gpt-4-0125-preview",
    "input_cost_per_token": 1e-05,
    "output_cost_per_token": 3e-05,
    "total_input_tokens": 7720,
    "total_output_tokens": 1872,
    "total_tokens": 9592,
    "total_cost": 0.13336
}