{
    "commit": "f26fe9a1e4498ecfb535dac041b1e51d32f25c36",
    "start_epoch": 1760573028.451912,
    "end_epoch": 1760573082.448197,
    "elapsed_seconds": 53.996285,
    "model": "gpt-4-0125-preview",
    "input_cost_per_token": 1e-05,
    "output_cost_per_token": 3e-05,
    "total_input_tokens": 6345,
    "total_output_tokens": 1595,
    "total_tokens": 7940,
    "total_cost": 0.1113
}