{
    "commit": "39a93b65b9e9a3841c36a8228da909c0327f8cc3",
    "start_epoch": 1760774808.115325,
    "end_epoch": 1760774899.696768,
    "elapsed_seconds": 91.581443,
    "model": "gpt-4-0125-preview",
    "input_cost_per_token": 1e-05,
    "output_cost_per_token": 3e-05,
    "total_input_tokens": 18537,
    "total_output_tokens": 2985,
    "total_tokens": 21522,
    "total_cost": 0.27492000000000005
}