{
    "commit": "43d6ac32a6168bacca114d08a0d2804e037f2533",
    "start_epoch": 1760531550.05528,
    "end_epoch": 1760531625.889122,
    "elapsed_seconds": 75.833842,
    "model": "gpt-4-0125-preview",
    "input_cost_per_token": 1e-05,
    "output_cost_per_token": 3e-05,
    "total_input_tokens": 9197,
    "total_output_tokens": 2541,
    "total_tokens": 11738,
    "total_cost": 0.1682
}