{
    "commit": "4ea5c1fbb4164d3151fe0b251ecb77bd91fcb988",
    "start_epoch": 1760788400.26864,
    "end_epoch": 1760788522.13643,
    "elapsed_seconds": 121.86779,
    "model": "gpt-4-0125-preview",
    "input_cost_per_token": 1e-05,
    "output_cost_per_token": 3e-05,
    "total_input_tokens": 15215,
    "total_output_tokens": 5125,
    "total_tokens": 20340,
    "total_cost": 0.3059
}