{
    "commit": "d457ffb2fb9e3c31fbb12d104e675666295fd835",
    "start_epoch": 1760743048.652118,
    "end_epoch": 1760743090.777169,
    "elapsed_seconds": 42.125051,
    "model": "gpt-4-0125-preview",
    "input_cost_per_token": 1e-05,
    "output_cost_per_token": 3e-05,
    "total_input_tokens": 7663,
    "total_output_tokens": 1415,
    "total_tokens": 9078,
    "total_cost": 0.11907999999999999
}