{
    "commit": "3e0b79891b9bed715b22921531c414894e5fada6",
    "start_epoch": 1760800493.646505,
    "end_epoch": 1760800595.523979,
    "elapsed_seconds": 101.877474,
    "model": "gpt-4-0125-preview",
    "input_cost_per_token": 1e-05,
    "output_cost_per_token": 3e-05,
    "total_input_tokens": 18365,
    "total_output_tokens": 4229,
    "total_tokens": 22594,
    "total_cost": 0.31052
}