{
    "commit": "721db71315e10241b3a8e366048a3090f3c24315",
    "start_epoch": 1760527285.367654,
    "end_epoch": 1760527342.440412,
    "elapsed_seconds": 57.072758,
    "model": "gpt-4-0125-preview",
    "input_cost_per_token": 1e-05,
    "output_cost_per_token": 3e-05,
    "total_input_tokens": 7142,
    "total_output_tokens": 2013,
    "total_tokens": 9155,
    "total_cost": 0.13181
}