{
    "commit": "4bcc17cd85e780e7733aa60c39dd233e783f27a0",
    "start_epoch": 1760777470.228882,
    "end_epoch": 1760777520.920779,
    "elapsed_seconds": 50.691897,
    "model": "gpt-4-0125-preview",
    "input_cost_per_token": 1e-05,
    "output_cost_per_token": 3e-05,
    "total_input_tokens": 6392,
    "total_output_tokens": 1740,
    "total_tokens": 8132,
    "total_cost": 0.11612
}