{
    "commit": "9f37f32b6b5e932b62f15ead1a831e2ec6de48ce",
    "start_epoch": 1760722847.332063,
    "end_epoch": 1760722961.307129,
    "elapsed_seconds": 113.975066,
    "model": "gpt-4-0125-preview",
    "input_cost_per_token": 1e-05,
    "output_cost_per_token": 3e-05,
    "total_input_tokens": 10313,
    "total_output_tokens": 3798,
    "total_tokens": 14111,
    "total_cost": 0.21707000000000004
}