{
    "commit": "0f54d00778a04c3c99563cd9ff026ebdf46f427d",
    "start_epoch": 1760586458.318551,
    "end_epoch": 1760586519.251174,
    "elapsed_seconds": 60.932623,
    "model": "gpt-4-0125-preview",
    "input_cost_per_token": 1e-05,
    "output_cost_per_token": 3e-05,
    "total_input_tokens": 6298,
    "total_output_tokens": 2080,
    "total_tokens": 8378,
    "total_cost": 0.12538
}