{
    "commit": "318fb694b343ed4d3e8c49619a4a040e1b2a69a5",
    "start_epoch": 1760728203.640313,
    "end_epoch": 1760728347.783444,
    "elapsed_seconds": 144.143131,
    "model": "gpt-4-0125-preview",
    "input_cost_per_token": 1e-05,
    "output_cost_per_token": 3e-05,
    "total_input_tokens": 18069,
    "total_output_tokens": 4605,
    "total_tokens": 22674,
    "total_cost": 0.31884
}