{
    "commit": "5e4d555c18a6392a8e5f1e7c9fb1dd8c021214a2",
    "start_epoch": 1760512439.237153,
    "end_epoch": 1760512495.631527,
    "elapsed_seconds": 56.394374,
    "model": "gpt-4-0125-preview",
    "input_cost_per_token": 1e-05,
    "output_cost_per_token": 3e-05,
    "total_input_tokens": 11146,
    "total_output_tokens": 1919,
    "total_tokens": 13065,
    "total_cost": 0.16902999999999999
}