{
    "commit": "3b81dfe08ee5463e7d2a8007e533db9a4d5d6b96",
    "start_epoch": 1760509933.004601,
    "end_epoch": 1760510020.859466,
    "elapsed_seconds": 87.854865,
    "model": "gpt-4-0125-preview",
    "input_cost_per_token": 1e-05,
    "output_cost_per_token": 3e-05,
    "total_input_tokens": 9550,
    "total_output_tokens": 3222,
    "total_tokens": 12772,
    "total_cost": 0.19216
}