{
    "commit": "3101258fd32ae3f9c13d71699790ee729266bae5",
    "start_epoch": 1760715624.429116,
    "end_epoch": 1760715714.138416,
    "elapsed_seconds": 89.7093,
    "model": "gpt-4-0125-preview",
    "input_cost_per_token": 1e-05,
    "output_cost_per_token": 3e-05,
    "total_input_tokens": 21418,
    "total_output_tokens": 3318,
    "total_tokens": 24736,
    "total_cost": 0.31372000000000005
}