{
    "commit": "a00d0fad889ac0f208ba0372191169f7309c8766",
    "start_epoch": 1760569619.013369,
    "end_epoch": 1760569705.851901,
    "elapsed_seconds": 86.838532,
    "model": "gpt-4-0125-preview",
    "input_cost_per_token": 1e-05,
    "output_cost_per_token": 3e-05,
    "total_input_tokens": 15528,
    "total_output_tokens": 3234,
    "total_tokens": 18762,
    "total_cost": 0.2523
}