{
    "commit": "8c92da3afee924f5bb7e060eaf8819b8e7c910a0",
    "start_epoch": 1760743363.601211,
    "end_epoch": 1760743455.070351,
    "elapsed_seconds": 91.46914,
    "model": "gpt-4-0125-preview",
    "input_cost_per_token": 1e-05,
    "output_cost_per_token": 3e-05,
    "total_input_tokens": 13352,
    "total_output_tokens": 3439,
    "total_tokens": 16791,
    "total_cost": 0.23669000000000004
}