{
    "commit": "a79e0b5f19b746142b2445c72cea9dd69289d730",
    "start_epoch": 1760521809.16857,
    "end_epoch": 1760521904.141216,
    "elapsed_seconds": 94.972646,
    "model": "gpt-4-0125-preview",
    "input_cost_per_token": 1e-05,
    "output_cost_per_token": 3e-05,
    "total_input_tokens": 10467,
    "total_output_tokens": 2998,
    "total_tokens": 13465,
    "total_cost": 0.19461
}