{
    "commit": "adba612a7ec54e8ef43d63a69e13d9641072f2b8",
    "start_epoch": 1760561176.357692,
    "end_epoch": 1760561283.231605,
    "elapsed_seconds": 106.873913,
    "model": "gpt-4-0125-preview",
    "input_cost_per_token": 1e-05,
    "output_cost_per_token": 3e-05,
    "total_input_tokens": 16713,
    "total_output_tokens": 3692,
    "total_tokens": 20405,
    "total_cost": 0.27788999999999997
}