{
    "commit": "383d92c72e0fbc38276caf63363277346176bfa0",
    "start_epoch": 1760755083.996321,
    "end_epoch": 1760755175.135537,
    "elapsed_seconds": 91.139216,
    "model": "gpt-4-0125-preview",
    "input_cost_per_token": 1e-05,
    "output_cost_per_token": 3e-05,
    "total_input_tokens": 14905,
    "total_output_tokens": 3899,
    "total_tokens": 18804,
    "total_cost": 0.26602000000000003
}