{
    "commit": "a7640518ecd24cece290817086c38ce997b6078b",
    "start_epoch": 1760580298.782649,
    "end_epoch": 1760580373.78083,
    "elapsed_seconds": 74.998181,
    "model": "gpt-4-0125-preview",
    "input_cost_per_token": 1e-05,
    "output_cost_per_token": 3e-05,
    "total_input_tokens": 11679,
    "total_output_tokens": 2443,
    "total_tokens": 14122,
    "total_cost": 0.19008
}