{
    "commit": "a3dc29459a1cc63f1d7499c081994e11869bea99",
    "start_epoch": 1760721613.471819,
    "end_epoch": 1760721657.892209,
    "elapsed_seconds": 44.42039,
    "model": "gpt-4-0125-preview",
    "input_cost_per_token": 1e-05,
    "output_cost_per_token": 3e-05,
    "total_input_tokens": 13621,
    "total_output_tokens": 1350,
    "total_tokens": 14971,
    "total_cost": 0.17671000000000003
}