{
    "commit": "1b2a928093e4b1165ef02c450d51235d2a6af10c",
    "start_epoch": 1760536724.241868,
    "end_epoch": 1760536824.322174,
    "elapsed_seconds": 100.080306,
    "model": "gpt-4-0125-preview",
    "input_cost_per_token": 1e-05,
    "output_cost_per_token": 3e-05,
    "total_input_tokens": 11110,
    "total_output_tokens": 3171,
    "total_tokens": 14281,
    "total_cost": 0.20623
}