{
    "commit": "33ef4f83f98561a2c68156e8c42ff871e888255c",
    "start_epoch": 1760756321.055085,
    "end_epoch": 1760756416.739569,
    "elapsed_seconds": 95.684484,
    "model": "gpt-4-0125-preview",
    "input_cost_per_token": 1e-05,
    "output_cost_per_token": 3e-05,
    "total_input_tokens": 32627,
    "total_output_tokens": 3613,
    "total_tokens": 36240,
    "total_cost": 0.43466000000000005
}