{
    "commit": "b92bffdbf1bd09f463bf03277816993a88d4a605",
    "start_epoch": 1760714610.211872,
    "end_epoch": 1760714755.429502,
    "elapsed_seconds": 145.21763,
    "model": "gpt-4-0125-preview",
    "input_cost_per_token": 1e-05,
    "output_cost_per_token": 3e-05,
    "total_input_tokens": 20058,
    "total_output_tokens": 4919,
    "total_tokens": 24977,
    "total_cost": 0.34815
}