{
    "commit": "e4ce09a8cd10cc1b780de6cc057e4334cacff133",
    "start_epoch": 1760805393.251347,
    "end_epoch": 1760805458.163076,
    "elapsed_seconds": 64.911729,
    "model": "gpt-4-0125-preview",
    "input_cost_per_token": 1e-05,
    "output_cost_per_token": 3e-05,
    "total_input_tokens": 10696,
    "total_output_tokens": 2499,
    "total_tokens": 13195,
    "total_cost": 0.18193000000000004
}