{
    "commit": "f446a11545792ca9a5697ba4135b61c688a261f1",
    "start_epoch": 1760820037.089473,
    "end_epoch": 1760820089.949606,
    "elapsed_seconds": 52.860133,
    "model": "gpt-4-0125-preview",
    "input_cost_per_token": 1e-05,
    "output_cost_per_token": 3e-05,
    "total_input_tokens": 6807,
    "total_output_tokens": 1616,
    "total_tokens": 8423,
    "total_cost": 0.11655000000000001
}