{
    "commit": "a380d64649de3ae12bb137b5884abe14adc684e6",
    "start_epoch": 1760696533.291093,
    "end_epoch": 1760696611.775834,
    "elapsed_seconds": 78.484741,
    "model": "gpt-4-0125-preview",
    "input_cost_per_token": 1e-05,
    "output_cost_per_token": 3e-05,
    "total_input_tokens": 14002,
    "total_output_tokens": 3029,
    "total_tokens": 17031,
    "total_cost": 0.23089000000000004
}