{
    "commit": "8d551e78f79e25190c79c8ec0b2f3dd614f73d73",
    "start_epoch": 1760820169.160491,
    "end_epoch": 1760820239.781925,
    "elapsed_seconds": 70.621434,
    "model": "gpt-4-0125-preview",
    "input_cost_per_token": 1e-05,
    "output_cost_per_token": 3e-05,
    "total_input_tokens": 14414,
    "total_output_tokens": 2396,
    "total_tokens": 16810,
    "total_cost": 0.21602000000000002
}