{
    "commit": "ddb4da0c370311aaa80e279bfe04a9379c7dd7f8",
    "start_epoch": 1760712850.200257,
    "end_epoch": 1760712896.002787,
    "elapsed_seconds": 45.80253,
    "model": "gpt-4-0125-preview",
    "input_cost_per_token": 1e-05,
    "output_cost_per_token": 3e-05,
    "total_input_tokens": 17838,
    "total_output_tokens": 1557,
    "total_tokens": 19395,
    "total_cost": 0.22509
}