{
    "commit": "202eca80b1ac2532395294aea70053b9835f86d4",
    "start_epoch": 1760808802.774735,
    "end_epoch": 1760808887.554111,
    "elapsed_seconds": 84.779376,
    "model": "gpt-4-0125-preview",
    "input_cost_per_token": 1e-05,
    "output_cost_per_token": 3e-05,
    "total_input_tokens": 10965,
    "total_output_tokens": 3334,
    "total_tokens": 14299,
    "total_cost": 0.20967
}