{
    "commit": "1efb0862d0be72b11b21e174d0011acc53d461ff",
    "start_epoch": 1760738117.551816,
    "end_epoch": 1760738172.874725,
    "elapsed_seconds": 55.322909,
    "model": "gpt-4-0125-preview",
    "input_cost_per_token": 1e-05,
    "output_cost_per_token": 3e-05,
    "total_input_tokens": 6123,
    "total_output_tokens": 1854,
    "total_tokens": 7977,
    "total_cost": 0.11685
}