{
    "commit": "2e3348c1ae9287bc7f57e450b6a14e11fa647e39",
    "start_epoch": 1760818699.341116,
    "end_epoch": 1760818801.559723,
    "elapsed_seconds": 102.218607,
    "model": "gpt-4-0125-preview",
    "input_cost_per_token": 1e-05,
    "output_cost_per_token": 3e-05,
    "total_input_tokens": 23636,
    "total_output_tokens": 3454,
    "total_tokens": 27090,
    "total_cost": 0.33998
}