{
    "commit": "722203c8e77a3253ec6a1d52c4c0f5e7fda5b3e2",
    "start_epoch": 1760553126.957909,
    "end_epoch": 1760553195.152928,
    "elapsed_seconds": 68.195019,
    "model": "gpt-4-0125-preview",
    "input_cost_per_token": 1e-05,
    "output_cost_per_token": 3e-05,
    "total_input_tokens": 12699,
    "total_output_tokens": 2192,
    "total_tokens": 14891,
    "total_cost": 0.19275
}