{
    "commit": "b1ca3e287ec4872d17a295e7385b2ae8edaa0aac",
    "start_epoch": 1760580540.243372,
    "end_epoch": 1760580646.472011,
    "elapsed_seconds": 106.228639,
    "model": "gpt-4-0125-preview",
    "input_cost_per_token": 1e-05,
    "output_cost_per_token": 3e-05,
    "total_input_tokens": 18861,
    "total_output_tokens": 3529,
    "total_tokens": 22390,
    "total_cost": 0.29447999999999996
}