{
    "commit": "b24067b1227206d31580fbc239a62f0b79959817",
    "start_epoch": 1760763192.16062,
    "end_epoch": 1760763251.720681,
    "elapsed_seconds": 59.560061,
    "model": "gpt-4-0125-preview",
    "input_cost_per_token": 1e-05,
    "output_cost_per_token": 3e-05,
    "total_input_tokens": 6684,
    "total_output_tokens": 2294,
    "total_tokens": 8978,
    "total_cost": 0.13566
}