{
    "commit": "53b0308341dc7693a707be4b199c548ba67ace71",
    "start_epoch": 1760578535.458148,
    "end_epoch": 1760578623.649206,
    "elapsed_seconds": 88.191058,
    "model": "gpt-4-0125-preview",
    "input_cost_per_token": 1e-05,
    "output_cost_per_token": 3e-05,
    "total_input_tokens": 14036,
    "total_output_tokens": 3199,
    "total_tokens": 17235,
    "total_cost": 0.23632999999999998
}