{
    "commit": "522a614b57f2f96ec12e2867ee63d103576013a6",
    "start_epoch": 1760554049.350531,
    "end_epoch": 1760554101.795594,
    "elapsed_seconds": 52.445063,
    "model": "gpt-4-0125-preview",
    "input_cost_per_token": 1e-05,
    "output_cost_per_token": 3e-05,
    "total_input_tokens": 8813,
    "total_output_tokens": 1885,
    "total_tokens": 10698,
    "total_cost": 0.14468
}