{
    "commit": "5f07fe805f771a28d220195dd9ea6847231e84c1",
    "start_epoch": 1760759018.31775,
    "end_epoch": 1760759108.669971,
    "elapsed_seconds": 90.352221,
    "model": "gpt-4-0125-preview",
    "input_cost_per_token": 1e-05,
    "output_cost_per_token": 3e-05,
    "total_input_tokens": 29105,
    "total_output_tokens": 3205,
    "total_tokens": 32310,
    "total_cost": 0.38720000000000004
}