{
    "commit": "abcd1d52c8bb5d69ae2860ccf0c9d88236d363c9",
    "start_epoch": 1760705843.152299,
    "end_epoch": 1760705885.278403,
    "elapsed_seconds": 42.126104,
    "model": "gpt-4-0125-preview",
    "input_cost_per_token": 1e-05,
    "output_cost_per_token": 3e-05,
    "total_input_tokens": 4986,
    "total_output_tokens": 1348,
    "total_tokens": 6334,
    "total_cost": 0.09029999999999999
}