{
    "commit": "54c2e4f318b83f8c288643ac9581fe18f90d103d",
    "start_epoch": 1760700700.79096,
    "end_epoch": 1760700814.777897,
    "elapsed_seconds": 113.986937,
    "model": "gpt-4-0125-preview",
    "input_cost_per_token": 1e-05,
    "output_cost_per_token": 3e-05,
    "total_input_tokens": 13055,
    "total_output_tokens": 3351,
    "total_tokens": 16406,
    "total_cost": 0.23107999999999998
}