{
    "commit": "21ab0118367f5db17ace268944dd3d5d5eb9ba4e",
    "start_epoch": 1760573082.591777,
    "end_epoch": 1760573142.947312,
    "elapsed_seconds": 60.355535,
    "model": "gpt-4-0125-preview",
    "input_cost_per_token": 1e-05,
    "output_cost_per_token": 3e-05,
    "total_input_tokens": 23180,
    "total_output_tokens": 1941,
    "total_tokens": 25121,
    "total_cost": 0.29003
}