{
    "commit": "ac23ac801524696d60e9f4122f7b4c8854361559",
    "start_epoch": 1760717517.51716,
    "end_epoch": 1760717628.486272,
    "elapsed_seconds": 110.969112,
    "model": "gpt-4-0125-preview",
    "input_cost_per_token": 1e-05,
    "output_cost_per_token": 3e-05,
    "total_input_tokens": 11974,
    "total_output_tokens": 3918,
    "total_tokens": 15892,
    "total_cost": 0.23728000000000002
}