{
    "commit": "49d1050510594b5987df754e13adb86b709079ac",
    "start_epoch": 1760532607.020376,
    "end_epoch": 1760532690.184952,
    "elapsed_seconds": 83.164576,
    "model": "gpt-4-0125-preview",
    "input_cost_per_token": 1e-05,
    "output_cost_per_token": 3e-05,
    "total_input_tokens": 10136,
    "total_output_tokens": 2627,
    "total_tokens": 12763,
    "total_cost": 0.18017000000000002
}