{
    "commit": "20b90bc0687dda1a50f0e99490e3eb9e76f98c8e",
    "start_epoch": 1760749177.675787,
    "end_epoch": 1760749226.56204,
    "elapsed_seconds": 48.886253,
    "model": "gpt-4-0125-preview",
    "input_cost_per_token": 1e-05,
    "output_cost_per_token": 3e-05,
    "total_input_tokens": 4943,
    "total_output_tokens": 1512,
    "total_tokens": 6455,
    "total_cost": 0.09479
}