{
    "commit": "fa0a2fc10b368a921463ed0365be035cd3c4b164",
    "start_epoch": 1760746682.749871,
    "end_epoch": 1760746784.009734,
    "elapsed_seconds": 101.259863,
    "model": "gpt-4-0125-preview",
    "input_cost_per_token": 1e-05,
    "output_cost_per_token": 3e-05,
    "total_input_tokens": 29322,
    "total_output_tokens": 4025,
    "total_tokens": 33347,
    "total_cost": 0.41397000000000006
}