{
    "commit": "0d083879301dc419e71be88d40661aa0ebb07955",
    "start_epoch": 1760541375.1191,
    "end_epoch": 1760541451.115755,
    "elapsed_seconds": 75.996655,
    "model": "gpt-4-0125-preview",
    "input_cost_per_token": 1e-05,
    "output_cost_per_token": 3e-05,
    "total_input_tokens": 9328,
    "total_output_tokens": 2518,
    "total_tokens": 11846,
    "total_cost": 0.16882000000000003
}