{
    "commit": "13d2751cea4ec31dca7c2007ba13d94bcd719fba",
    "start_epoch": 1760550588.38346,
    "end_epoch": 1760550660.688549,
    "elapsed_seconds": 72.305089,
    "model": "gpt-4-0125-preview",
    "input_cost_per_token": 1e-05,
    "output_cost_per_token": 3e-05,
    "total_input_tokens": 8020,
    "total_output_tokens": 2528,
    "total_tokens": 10548,
    "total_cost": 0.15603999999999998
}