{
    "commit": "bd15b0de52dfd0b3fa3cc8491586e3d5ebdbc26d",
    "start_epoch": 1760811907.13946,
    "end_epoch": 1760812212.069891,
    "elapsed_seconds": 304.930431,
    "model": "gpt-4-0125-preview",
    "input_cost_per_token": 1e-05,
    "output_cost_per_token": 3e-05,
    "total_input_tokens": 212763,
    "total_output_tokens": 7783,
    "total_tokens": 220546,
    "total_cost": 2.361119999999999
}