{
    "commit": "6dad34d17d9bb3a6a6cd326dedfc1c4dbf4a5270",
    "start_epoch": 1760717839.246487,
    "end_epoch": 1760718041.909344,
    "elapsed_seconds": 202.662857,
    "model": "gpt-4-0125-preview",
    "input_cost_per_token": 1e-05,
    "output_cost_per_token": 3e-05,
    "total_input_tokens": 21969,
    "total_output_tokens": 4515,
    "total_tokens": 26484,
    "total_cost": 0.35514
}