{
    "commit": "ecc6cf1cfcdcc4ae71d9bcdb8dbde9ff338c4441",
    "start_epoch": 1760579963.48175,
    "end_epoch": 1760580041.999482,
    "elapsed_seconds": 78.517732,
    "model": "gpt-4-0125-preview",
    "input_cost_per_token": 1e-05,
    "output_cost_per_token": 3e-05,
    "total_input_tokens": 8921,
    "total_output_tokens": 2530,
    "total_tokens": 11451,
    "total_cost": 0.16511000000000003
}