{
    "commit": "30fe6c0b6d766a5d85ac2f1ecc39bf328e0b674c",
    "start_epoch": 1760550797.900931,
    "end_epoch": 1760550900.737754,
    "elapsed_seconds": 102.836823,
    "model": "gpt-4-0125-preview",
    "input_cost_per_token": 1e-05,
    "output_cost_per_token": 3e-05,
    "total_input_tokens": 12729,
    "total_output_tokens": 3729,
    "total_tokens": 16458,
    "total_cost": 0.23916000000000004
}