{
    "commit": "a7a327a9f9b76630cd77b276988923e4493a1d80",
    "start_epoch": 1760781999.996123,
    "end_epoch": 1760782051.005101,
    "elapsed_seconds": 51.008978,
    "model": "gpt-4-0125-preview",
    "input_cost_per_token": 1e-05,
    "output_cost_per_token": 3e-05,
    "total_input_tokens": 6784,
    "total_output_tokens": 1820,
    "total_tokens": 8604,
    "total_cost": 0.12244000000000002
}