{
    "commit": "5a2dc9b0f416c516de888962f1c7fb36efc9e5bf",
    "start_epoch": 1760771199.323489,
    "end_epoch": 1760771266.702292,
    "elapsed_seconds": 67.378803,
    "model": "gpt-4-0125-preview",
    "input_cost_per_token": 1e-05,
    "output_cost_per_token": 3e-05,
    "total_input_tokens": 12192,
    "total_output_tokens": 2418,
    "total_tokens": 14610,
    "total_cost": 0.19446000000000002
}