{
    "commit": "ea6c8f795807b8496a9465c65e9678264e51c6ce",
    "start_epoch": 1760732757.459473,
    "end_epoch": 1760732864.834775,
    "elapsed_seconds": 107.375302,
    "model": "gpt-4-0125-preview",
    "input_cost_per_token": 1e-05,
    "output_cost_per_token": 3e-05,
    "total_input_tokens": 13521,
    "total_output_tokens": 3583,
    "total_tokens": 17104,
    "total_cost": 0.2427
}