{
    "commit": "024bbc19e6d500d493cda99cba313e7c9e4709e2",
    "start_epoch": 1760547409.42646,
    "end_epoch": 1760547489.627439,
    "elapsed_seconds": 80.200979,
    "model": "gpt-4-0125-preview",
    "input_cost_per_token": 1e-05,
    "output_cost_per_token": 3e-05,
    "total_input_tokens": 15920,
    "total_output_tokens": 2862,
    "total_tokens": 18782,
    "total_cost": 0.24506000000000003
}