{
    "commit": "d20baf176901346418bda0d72132e57830f477ea",
    "start_epoch": 1760817168.914758,
    "end_epoch": 1760817241.074608,
    "elapsed_seconds": 72.15985,
    "model": "gpt-4-0125-preview",
    "input_cost_per_token": 1e-05,
    "output_cost_per_token": 3e-05,
    "total_input_tokens": 11819,
    "total_output_tokens": 2432,
    "total_tokens": 14251,
    "total_cost": 0.19115000000000004
}