{
    "commit": "a190bda06afedadda62cf0941317a7f9b904fcb2",
    "start_epoch": 1760541018.276517,
    "end_epoch": 1760541184.682776,
    "elapsed_seconds": 166.406259,
    "model": "gpt-4-0125-preview",
    "input_cost_per_token": 1e-05,
    "output_cost_per_token": 3e-05,
    "total_input_tokens": 29461,
    "total_output_tokens": 4673,
    "total_tokens": 34134,
    "total_cost": 0.4348
}