{
    "commit": "0205acb90939907331e23e98e126f2d62df5488b",
    "start_epoch": 1760720181.416472,
    "end_epoch": 1760720281.431778,
    "elapsed_seconds": 100.015306,
    "model": "gpt-4-0125-preview",
    "input_cost_per_token": 1e-05,
    "output_cost_per_token": 3e-05,
    "total_input_tokens": 21126,
    "total_output_tokens": 3851,
    "total_tokens": 24977,
    "total_cost": 0.3267900000000001
}