{
    "commit": "041b8642564ff2d7bcfab216d2f9da7d2a4d2408",
    "start_epoch": 1760747048.194693,
    "end_epoch": 1760747126.018874,
    "elapsed_seconds": 77.824181,
    "model": "gpt-4-0125-preview",
    "input_cost_per_token": 1e-05,
    "output_cost_per_token": 3e-05,
    "total_input_tokens": 15833,
    "total_output_tokens": 3057,
    "total_tokens": 18890,
    "total_cost": 0.25004000000000004
}