{
    "commit": "487632620548f52705e833498313453df0d84924",
    "start_epoch": 1760784183.12427,
    "end_epoch": 1760784274.768067,
    "elapsed_seconds": 91.643797,
    "model": "gpt-4-0125-preview",
    "input_cost_per_token": 1e-05,
    "output_cost_per_token": 3e-05,
    "total_input_tokens": 9546,
    "total_output_tokens": 3628,
    "total_tokens": 13174,
    "total_cost": 0.20430000000000004
}