{
    "commit": "486be2a6fa598671a13e07eefe0770ed6cb9092d",
    "start_epoch": 1760576577.781196,
    "end_epoch": 1760576676.271912,
    "elapsed_seconds": 98.490716,
    "model": "gpt-4-0125-preview",
    "input_cost_per_token": 1e-05,
    "output_cost_per_token": 3e-05,
    "total_input_tokens": 18515,
    "total_output_tokens": 3375,
    "total_tokens": 21890,
    "total_cost": 0.28640000000000004
}