{
    "commit": "24707c4cc0e5eefebf98eff590ee2cc274411d81",
    "start_epoch": 1760519261.193485,
    "end_epoch": 1760519327.972633,
    "elapsed_seconds": 66.779148,
    "model": "gpt-4-0125-preview",
    "input_cost_per_token": 1e-05,
    "output_cost_per_token": 3e-05,
    "total_input_tokens": 10273,
    "total_output_tokens": 2229,
    "total_tokens": 12502,
    "total_cost": 0.16960000000000003
}