{
    "commit": "9238d44a33a90b4fb59d2bea966a6355ce74f026",
    "start_epoch": 1760524158.062249,
    "end_epoch": 1760524222.902414,
    "elapsed_seconds": 64.840165,
    "model": "gpt-4-0125-preview",
    "input_cost_per_token": 1e-05,
    "output_cost_per_token": 3e-05,
    "total_input_tokens": 14618,
    "total_output_tokens": 2019,
    "total_tokens": 16637,
    "total_cost": 0.20675000000000002
}