{
    "commit": "0ccb89e75aa94bccff4383e54e074140a9ce6349",
    "start_epoch": 1760550175.862254,
    "end_epoch": 1760550247.750277,
    "elapsed_seconds": 71.888023,
    "model": "gpt-4-0125-preview",
    "input_cost_per_token": 1e-05,
    "output_cost_per_token": 3e-05,
    "total_input_tokens": 7333,
    "total_output_tokens": 1859,
    "total_tokens": 9192,
    "total_cost": 0.1291
}