{
    "commit": "d81b3baa7594babbd08ecdd54b5250a5d1e581d4",
    "start_epoch": 1760753795.441415,
    "end_epoch": 1760753839.538909,
    "elapsed_seconds": 44.097494,
    "model": "gpt-4-0125-preview",
    "input_cost_per_token": 1e-05,
    "output_cost_per_token": 3e-05,
    "total_input_tokens": 10735,
    "total_output_tokens": 1485,
    "total_tokens": 12220,
    "total_cost": 0.15190000000000003
}