{
    "commit": "642aeb04a7d374b853e10d818c4af58d0e9490f5",
    "start_epoch": 1760503110.645956,
    "end_epoch": 1760503168.010643,
    "elapsed_seconds": 57.364687,
    "model": "gpt-4-0125-preview",
    "input_cost_per_token": 1e-05,
    "output_cost_per_token": 3e-05,
    "total_input_tokens": 11024,
    "total_output_tokens": 2139,
    "total_tokens": 13163,
    "total_cost": 0.17441
}