{
    "commit": "f2a791cdbafa9cf7fda36321fbbcccfded5e31aa",
    "start_epoch": 1760777202.429705,
    "end_epoch": 1760777264.374641,
    "elapsed_seconds": 61.944936,
    "model": "gpt-4-0125-preview",
    "input_cost_per_token": 1e-05,
    "output_cost_per_token": 3e-05,
    "total_input_tokens": 10296,
    "total_output_tokens": 2141,
    "total_tokens": 12437,
    "total_cost": 0.16719000000000003
}