{
    "commit": "dc5e9192356f88991f6ff71f06bed6c04598cb14",
    "start_epoch": 1760727993.80362,
    "end_epoch": 1760728071.564434,
    "elapsed_seconds": 77.760814,
    "model": "gpt-4-0125-preview",
    "input_cost_per_token": 1e-05,
    "output_cost_per_token": 3e-05,
    "total_input_tokens": 13917,
    "total_output_tokens": 2762,
    "total_tokens": 16679,
    "total_cost": 0.22203
}