{
    "commit": "847899c25a53a9804f71d0e7294bdabc98a2de99",
    "start_epoch": 1760550533.534173,
    "end_epoch": 1760550588.210552,
    "elapsed_seconds": 54.676379,
    "model": "gpt-4-0125-preview",
    "input_cost_per_token": 1e-05,
    "output_cost_per_token": 3e-05,
    "total_input_tokens": 6515,
    "total_output_tokens": 1975,
    "total_tokens": 8490,
    "total_cost": 0.1244
}