{
    "commit": "5e59a9b2c6d12096822faaf2f094dd5d20fc2d11",
    "start_epoch": 1760806436.653161,
    "end_epoch": 1760806472.069631,
    "elapsed_seconds": 35.41647,
    "model": "gpt-4-0125-preview",
    "input_cost_per_token": 1e-05,
    "output_cost_per_token": 3e-05,
    "total_input_tokens": 7287,
    "total_output_tokens": 1265,
    "total_tokens": 8552,
    "total_cost": 0.11082
}