{
    "commit": "d4c9007205a04e13c60157587d5134a31a0a8ad6",
    "start_epoch": 1760510376.729588,
    "end_epoch": 1760510433.472771,
    "elapsed_seconds": 56.743183,
    "model": "gpt-4-0125-preview",
    "input_cost_per_token": 1e-05,
    "output_cost_per_token": 3e-05,
    "total_input_tokens": 7166,
    "total_output_tokens": 2008,
    "total_tokens": 9174,
    "total_cost": 0.1319
}