{
    "commit": "c6fbf19f00499464a0cde337c23b4eea2731b26f",
    "start_epoch": 1760501604.614831,
    "end_epoch": 1760501652.445712,
    "elapsed_seconds": 47.830881,
    "model": "gpt-4-0125-preview",
    "input_cost_per_token": 1e-05,
    "output_cost_per_token": 3e-05,
    "total_input_tokens": 5511,
    "total_output_tokens": 1597,
    "total_tokens": 7108,
    "total_cost": 0.10302
}