{
    "commit": "d6007bb568242e47665f2f22eb6488b066edcca0",
    "start_epoch": 1760764677.108203,
    "end_epoch": 1760764749.019282,
    "elapsed_seconds": 71.911079,
    "model": "gpt-4-0125-preview",
    "input_cost_per_token": 1e-05,
    "output_cost_per_token": 3e-05,
    "total_input_tokens": 9842,
    "total_output_tokens": 2749,
    "total_tokens": 12591,
    "total_cost": 0.18089000000000005
}