{
    "commit": "a28d055dd02cb8a3a00e1c4932cdd3b438f0f2ca",
    "start_epoch": 1760728736.320702,
    "end_epoch": 1760728827.541326,
    "elapsed_seconds": 91.220624,
    "model": "gpt-4-0125-preview",
    "input_cost_per_token": 1e-05,
    "output_cost_per_token": 3e-05,
    "total_input_tokens": 20996,
    "total_output_tokens": 3082,
    "total_tokens": 24078,
    "total_cost": 0.30242
}