{
    "commit": "03f83e8d39f55ae33518b37e61db8f759e35103a",
    "start_epoch": 1760745060.915991,
    "end_epoch": 1760745104.438949,
    "elapsed_seconds": 43.522958,
    "model": "gpt-4-0125-preview",
    "input_cost_per_token": 1e-05,
    "output_cost_per_token": 3e-05,
    "total_input_tokens": 9328,
    "total_output_tokens": 1549,
    "total_tokens": 10877,
    "total_cost": 0.13975
}