{
    "commit": "ba17024f5150ff959fdfd6ecfe1c4aa366450bfe",
    "start_epoch": 1760508317.929711,
    "end_epoch": 1760508363.134355,
    "elapsed_seconds": 45.204644,
    "model": "gpt-4-0125-preview",
    "input_cost_per_token": 1e-05,
    "output_cost_per_token": 3e-05,
    "total_input_tokens": 9431,
    "total_output_tokens": 1527,
    "total_tokens": 10958,
    "total_cost": 0.14012000000000002
}