{
    "commit": "2c198c066fdf4ef37e3835d46cb13d2ad09b8c0e",
    "start_epoch": 1760805281.8578,
    "end_epoch": 1760805393.135156,
    "elapsed_seconds": 111.277356,
    "model": "gpt-4-0125-preview",
    "input_cost_per_token": 1e-05,
    "output_cost_per_token": 3e-05,
    "total_input_tokens": 27205,
    "total_output_tokens": 4267,
    "total_tokens": 31472,
    "total_cost": 0.40005999999999997
}