{
    "commit": "6392b980fbfceee9d0eeaec6d923e138058a449d",
    "start_epoch": 1760545201.97273,
    "end_epoch": 1760545250.361141,
    "elapsed_seconds": 48.388411,
    "model": "gpt-4-0125-preview",
    "input_cost_per_token": 1e-05,
    "output_cost_per_token": 3e-05,
    "total_input_tokens": 6445,
    "total_output_tokens": 1485,
    "total_tokens": 7930,
    "total_cost": 0.10900000000000001
}