{
    "commit": "694327fc7648829db6e96ff202e71c5fb57e3a47",
    "start_epoch": 1760816846.112425,
    "end_epoch": 1760816911.343091,
    "elapsed_seconds": 65.230666,
    "model": "gpt-4-0125-preview",
    "input_cost_per_token": 1e-05,
    "output_cost_per_token": 3e-05,
    "total_input_tokens": 6884,
    "total_output_tokens": 2082,
    "total_tokens": 8966,
    "total_cost": 0.1313
}