{
    "commit": "b53b96d0cbf0a2d2774f9c88cefbf19846549775",
    "start_epoch": 1760803216.242208,
    "end_epoch": 1760803376.235449,
    "elapsed_seconds": 159.993241,
    "model": "gpt-4-0125-preview",
    "input_cost_per_token": 1e-05,
    "output_cost_per_token": 3e-05,
    "total_input_tokens": 13959,
    "total_output_tokens": 3564,
    "total_tokens": 17523,
    "total_cost": 0.24651
}