{
    "commit": "a221162036355bc09ba240ad18f7188031b9a3ce",
    "start_epoch": 1760764150.971099,
    "end_epoch": 1760764212.466682,
    "elapsed_seconds": 61.495583,
    "model": "gpt-4-0125-preview",
    "input_cost_per_token": 1e-05,
    "output_cost_per_token": 3e-05,
    "total_input_tokens": 8812,
    "total_output_tokens": 2187,
    "total_tokens": 10999,
    "total_cost": 0.15373000000000003
}