{
    "commit": "f1ba65c81c442744c5e80345b27b7b8024188b67",
    "start_epoch": 1760764749.132957,
    "end_epoch": 1760764788.9509,
    "elapsed_seconds": 39.817943,
    "model": "gpt-4-0125-preview",
    "input_cost_per_token": 1e-05,
    "output_cost_per_token": 3e-05,
    "total_input_tokens": 7549,
    "total_output_tokens": 1408,
    "total_tokens": 8957,
    "total_cost": 0.11773
}