{
    "commit": "f8902d05e2fb8af5549a449dc21c9ca039e76375",
    "start_epoch": 1760550945.816355,
    "end_epoch": 1760550996.019004,
    "elapsed_seconds": 50.202649,
    "model": "gpt-4-0125-preview",
    "input_cost_per_token": 1e-05,
    "output_cost_per_token": 3e-05,
    "total_input_tokens": 7773,
    "total_output_tokens": 1740,
    "total_tokens": 9513,
    "total_cost": 0.12993000000000002
}