{
    "commit": "4f8d3609fd4cb4aa8ea6c18b121d1de213b55d28",
    "start_epoch": 1760542994.946077,
    "end_epoch": 1760543034.696306,
    "elapsed_seconds": 39.750229,
    "model": "gpt-4-0125-preview",
    "input_cost_per_token": 1e-05,
    "output_cost_per_token": 3e-05,
    "total_input_tokens": 7506,
    "total_output_tokens": 1199,
    "total_tokens": 8705,
    "total_cost": 0.11103
}