{
    "commit": "764c6e9237612d80f9bbf42a614e49bf1f210b21",
    "start_epoch": 1760793397.670746,
    "end_epoch": 1760793442.083801,
    "elapsed_seconds": 44.413055,
    "model": "gpt-4-0125-preview",
    "input_cost_per_token": 1e-05,
    "output_cost_per_token": 3e-05,
    "total_input_tokens": 7144,
    "total_output_tokens": 1536,
    "total_tokens": 8680,
    "total_cost": 0.11752
}