{
    "commit": "5009ea7642d2aaa4ad0ed46252b884ff99264db9",
    "start_epoch": 1760530266.240811,
    "end_epoch": 1760530395.099756,
    "elapsed_seconds": 128.858945,
    "model": "gpt-4-0125-preview",
    "input_cost_per_token": 1e-05,
    "output_cost_per_token": 3e-05,
    "total_input_tokens": 24497,
    "total_output_tokens": 4842,
    "total_tokens": 29339,
    "total_cost": 0.39022999999999997
}