{
    "commit": "85d000d942034a3b66a817958d897831a0d7dc33",
    "start_epoch": 1760558963.360685,
    "end_epoch": 1760559092.122698,
    "elapsed_seconds": 128.762013,
    "model": "gpt-4-0125-preview",
    "input_cost_per_token": 1e-05,
    "output_cost_per_token": 3e-05,
    "total_input_tokens": 23931,
    "total_output_tokens": 4645,
    "total_tokens": 28576,
    "total_cost": 0.37866
}