{
    "commit": "ed2b7b1a629a3d36b4e0686c4c75798324467bfe",
    "start_epoch": 1760549194.169494,
    "end_epoch": 1760549235.529947,
    "elapsed_seconds": 41.360453,
    "model": "gpt-4-0125-preview",
    "input_cost_per_token": 1e-05,
    "output_cost_per_token": 3e-05,
    "total_input_tokens": 5317,
    "total_output_tokens": 1338,
    "total_tokens": 6655,
    "total_cost": 0.09331
}