{
    "commit": "93753e3a426ffe4e6157cb8bf19ff0919b58925a",
    "start_epoch": 1760777090.416191,
    "end_epoch": 1760777202.276273,
    "elapsed_seconds": 111.860082,
    "model": "gpt-4-0125-preview",
    "input_cost_per_token": 1e-05,
    "output_cost_per_token": 3e-05,
    "total_input_tokens": 99225,
    "total_output_tokens": 3338,
    "total_tokens": 102563,
    "total_cost": 1.0923900000000002
}