{
    "commit": "abbca825a3c65806ca33bd0d0b9f22b1bcf9c7df",
    "start_epoch": 1760724771.931307,
    "end_epoch": 1760724936.229638,
    "elapsed_seconds": 164.298331,
    "model": "gpt-4-0125-preview",
    "input_cost_per_token": 1e-05,
    "output_cost_per_token": 3e-05,
    "total_input_tokens": 23547,
    "total_output_tokens": 5672,
    "total_tokens": 29219,
    "total_cost": 0.40563000000000005
}