{
    "commit": "7bad98871d4a8fe1f8f72833d223a0c65a5947fa",
    "start_epoch": 1760804852.132464,
    "end_epoch": 1760804917.144611,
    "elapsed_seconds": 65.012147,
    "model": "gpt-4-0125-preview",
    "input_cost_per_token": 1e-05,
    "output_cost_per_token": 3e-05,
    "total_input_tokens": 7312,
    "total_output_tokens": 2467,
    "total_tokens": 9779,
    "total_cost": 0.14713
}