{
    "commit": "b4bdb9feae4112ca0cfdd4092557e82a60e5e829",
    "start_epoch": 1760767859.935465,
    "end_epoch": 1760767977.70523,
    "elapsed_seconds": 117.769765,
    "model": "gpt-4-0125-preview",
    "input_cost_per_token": 1e-05,
    "output_cost_per_token": 3e-05,
    "total_input_tokens": 17826,
    "total_output_tokens": 4818,
    "total_tokens": 22644,
    "total_cost": 0.32280000000000003
}