{
    "commit": "66fb6e6eceaef8e3d2453f360e32ed989bbc38f7",
    "start_epoch": 1760514039.099462,
    "end_epoch": 1760514097.737077,
    "elapsed_seconds": 58.637615,
    "model": "gpt-4-0125-preview",
    "input_cost_per_token": 1e-05,
    "output_cost_per_token": 3e-05,
    "total_input_tokens": 12239,
    "total_output_tokens": 1944,
    "total_tokens": 14183,
    "total_cost": 0.18071
}