{
    "commit": "2d3246c700ff5b3bc54248245604fd9912bc6eeb",
    "start_epoch": 1760556876.65729,
    "end_epoch": 1760556914.17098,
    "elapsed_seconds": 37.51369,
    "model": "gpt-4-0125-preview",
    "input_cost_per_token": 1e-05,
    "output_cost_per_token": 3e-05,
    "total_input_tokens": 6488,
    "total_output_tokens": 1287,
    "total_tokens": 7775,
    "total_cost": 0.10349000000000001
}