{
    "commit": "aca7f3ad548b67cdecaadec89a2b1a66dc43bb45",
    "start_epoch": 1760756416.975917,
    "end_epoch": 1760756518.23469,
    "elapsed_seconds": 101.258773,
    "model": "gpt-4-0125-preview",
    "input_cost_per_token": 1e-05,
    "output_cost_per_token": 3e-05,
    "total_input_tokens": 30141,
    "total_output_tokens": 3796,
    "total_tokens": 33937,
    "total_cost": 0.41529000000000005
}