{
    "commit": "460946055ef40ca98bc5addabb291247df327880",
    "start_epoch": 1760744409.786967,
    "end_epoch": 1760744505.398948,
    "elapsed_seconds": 95.611981,
    "model": "gpt-4-0125-preview",
    "input_cost_per_token": 1e-05,
    "output_cost_per_token": 3e-05,
    "total_input_tokens": 10370,
    "total_output_tokens": 3978,
    "total_tokens": 14348,
    "total_cost": 0.22304000000000002
}