{
    "commit": "482f9df65b953cb1c5d7b1ca0e3edb8b48410a85",
    "start_epoch": 1760548627.578549,
    "end_epoch": 1760548685.238611,
    "elapsed_seconds": 57.660062,
    "model": "gpt-4-0125-preview",
    "input_cost_per_token": 1e-05,
    "output_cost_per_token": 3e-05,
    "total_input_tokens": 33641,
    "total_output_tokens": 1302,
    "total_tokens": 34943,
    "total_cost": 0.37547
}