{
    "commit": "22ccece9b2443442baf84bd365505edaae8e45cd",
    "start_epoch": 1760747126.212651,
    "end_epoch": 1760747196.273629,
    "elapsed_seconds": 70.060978,
    "model": "gpt-4-0125-preview",
    "input_cost_per_token": 1e-05,
    "output_cost_per_token": 3e-05,
    "total_input_tokens": 8368,
    "total_output_tokens": 2419,
    "total_tokens": 10787,
    "total_cost": 0.15625
}