{
    "commit": "a0e7929e7de627d362d7e855de232f185677e7c4",
    "start_epoch": 1760550111.288629,
    "end_epoch": 1760550175.673671,
    "elapsed_seconds": 64.385042,
    "model": "gpt-4-0125-preview",
    "input_cost_per_token": 1e-05,
    "output_cost_per_token": 3e-05,
    "total_input_tokens": 5342,
    "total_output_tokens": 1992,
    "total_tokens": 7334,
    "total_cost": 0.11318
}