{
    "commit": "83e8e26d5ca5cc5a93009795e3bd9b4988172441",
    "start_epoch": 1760779784.997894,
    "end_epoch": 1760779860.777936,
    "elapsed_seconds": 75.780042,
    "model": "gpt-4-0125-preview",
    "input_cost_per_token": 1e-05,
    "output_cost_per_token": 3e-05,
    "total_input_tokens": 16863,
    "total_output_tokens": 2413,
    "total_tokens": 19276,
    "total_cost": 0.24102000000000004
}