{
    "commit": "30d8030fd5c4e3248ecd2a3a48317272ca72e1ab",
    "start_epoch": 1760781220.378048,
    "end_epoch": 1760781301.84102,
    "elapsed_seconds": 81.462972,
    "model": "gpt-4-0125-preview",
    "input_cost_per_token": 1e-05,
    "output_cost_per_token": 3e-05,
    "total_input_tokens": 12062,
    "total_output_tokens": 3532,
    "total_tokens": 15594,
    "total_cost": 0.22658
}