{
    "commit": "e759eacb92a66be9535dc8089b4c9a4bbe032ed7",
    "start_epoch": 1760523331.482642,
    "end_epoch": 1760523392.329592,
    "elapsed_seconds": 60.84695,
    "model": "gpt-4-0125-preview",
    "input_cost_per_token": 1e-05,
    "output_cost_per_token": 3e-05,
    "total_input_tokens": 7830,
    "total_output_tokens": 1951,
    "total_tokens": 9781,
    "total_cost": 0.13683
}