{
    "commit": "f546ce27891f46ed4a5048618a085c0ee9c544fa",
    "start_epoch": 1760704939.143909,
    "end_epoch": 1760704994.327869,
    "elapsed_seconds": 55.18396,
    "model": "gpt-4-0125-preview",
    "input_cost_per_token": 1e-05,
    "output_cost_per_token": 3e-05,
    "total_input_tokens": 7035,
    "total_output_tokens": 2197,
    "total_tokens": 9232,
    "total_cost": 0.13626
}