{
    "commit": "37889b03b695ac25ecdb37d447da23df16dd2c34",
    "start_epoch": 1760501305.013041,
    "end_epoch": 1760501381.268778,
    "elapsed_seconds": 76.255737,
    "model": "gpt-4-0125-preview",
    "input_cost_per_token": 1e-05,
    "output_cost_per_token": 3e-05,
    "total_input_tokens": 15402,
    "total_output_tokens": 2950,
    "total_tokens": 18352,
    "total_cost": 0.24252
}