{
    "commit": "99fef73f745408a2c610e8535fd3b822c5bfe247",
    "start_epoch": 1760514097.988098,
    "end_epoch": 1760514138.77632,
    "elapsed_seconds": 40.788222,
    "model": "gpt-4-0125-preview",
    "input_cost_per_token": 1e-05,
    "output_cost_per_token": 3e-05,
    "total_input_tokens": 4070,
    "total_output_tokens": 1073,
    "total_tokens": 5143,
    "total_cost": 0.07289000000000001
}