{
    "commit": "be7b28b994e49390efe3fa313ab6167998f6fd58",
    "start_epoch": 1760585956.956352,
    "end_epoch": 1760586054.326678,
    "elapsed_seconds": 97.370326,
    "model": "gpt-4-0125-preview",
    "input_cost_per_token": 1e-05,
    "output_cost_per_token": 3e-05,
    "total_input_tokens": 44018,
    "total_output_tokens": 3131,
    "total_tokens": 47149,
    "total_cost": 0.5341099999999999
}