{
    "commit": "419c3a433ca82ce078089e348bd13d2751b3c123",
    "start_epoch": 1760564114.367672,
    "end_epoch": 1760564184.581003,
    "elapsed_seconds": 70.213331,
    "model": "gpt-4-0125-preview",
    "input_cost_per_token": 1e-05,
    "output_cost_per_token": 3e-05,
    "total_input_tokens": 9491,
    "total_output_tokens": 2458,
    "total_tokens": 11949,
    "total_cost": 0.16865000000000002
}