{
    "commit": "a65c8619f17f191e509091464007fd5a60f45e23",
    "start_epoch": 1760576454.714334,
    "end_epoch": 1760576503.019228,
    "elapsed_seconds": 48.304894,
    "model": "gpt-4-0125-preview",
    "input_cost_per_token": 1e-05,
    "output_cost_per_token": 3e-05,
    "total_input_tokens": 6994,
    "total_output_tokens": 1824,
    "total_tokens": 8818,
    "total_cost": 0.12466
}