{
    "commit": "e29d5d0daa87cf54138f16c1861b8a0fbc6e1ce9",
    "start_epoch": 1760761227.85649,
    "end_epoch": 1760761272.68811,
    "elapsed_seconds": 44.83162,
    "model": "gpt-4-0125-preview",
    "input_cost_per_token": 1e-05,
    "output_cost_per_token": 3e-05,
    "total_input_tokens": 7511,
    "total_output_tokens": 1607,
    "total_tokens": 9118,
    "total_cost": 0.12332
}