{
    "commit": "2ebe8803f017818a2c50dedfb5750e85a80b241d",
    "start_epoch": 1760736331.528281,
    "end_epoch": 1760736667.577623,
    "elapsed_seconds": 336.049342,
    "model": "gpt-4-0125-preview",
    "input_cost_per_token": 1e-05,
    "output_cost_per_token": 3e-05,
    "total_input_tokens": 15655,
    "total_output_tokens": 3399,
    "total_tokens": 19054,
    "total_cost": 0.25852
}