{
    "commit": "d5da6c695ffc3784c5752d59f6f8b2cc1f31f49d",
    "start_epoch": 1760708503.233839,
    "end_epoch": 1760708595.472252,
    "elapsed_seconds": 92.238413,
    "model": "gpt-4-0125-preview",
    "input_cost_per_token": 1e-05,
    "output_cost_per_token": 3e-05,
    "total_input_tokens": 18372,
    "total_output_tokens": 3438,
    "total_tokens": 21810,
    "total_cost": 0.28686
}