{
    "commit": "6afdf9abc9f6a83cec45456cd2d821d3a96d6fc6",
    "start_epoch": 1760707697.351075,
    "end_epoch": 1760707851.044349,
    "elapsed_seconds": 153.693274,
    "model": "gpt-4-0125-preview",
    "input_cost_per_token": 1e-05,
    "output_cost_per_token": 3e-05,
    "total_input_tokens": 24911,
    "total_output_tokens": 5952,
    "total_tokens": 30863,
    "total_cost": 0.42767000000000005
}