{
    "commit": "aee04dc87ec732ab2edc85ac754f75e6a9fc5341",
    "start_epoch": 1760583265.840516,
    "end_epoch": 1760583340.512613,
    "elapsed_seconds": 74.672097,
    "model": "gpt-4-0125-preview",
    "input_cost_per_token": 1e-05,
    "output_cost_per_token": 3e-05,
    "total_input_tokens": 22457,
    "total_output_tokens": 2170,
    "total_tokens": 24627,
    "total_cost": 0.28967
}