{
    "commit": "98580b7cd7cb280e9d6d96e8f3a407c5ed1a51ff",
    "start_epoch": 1760740648.120298,
    "end_epoch": 1760740717.068103,
    "elapsed_seconds": 68.947805,
    "model": "gpt-4-0125-preview",
    "input_cost_per_token": 1e-05,
    "output_cost_per_token": 3e-05,
    "total_input_tokens": 27395,
    "total_output_tokens": 2697,
    "total_tokens": 30092,
    "total_cost": 0.35485999999999995
}