{
    "commit": "04f4afb81adadf2e92a0ad6a056e6f8e4b57e059",
    "start_epoch": 1760794145.289474,
    "end_epoch": 1760794244.348567,
    "elapsed_seconds": 99.059093,
    "model": "gpt-4-0125-preview",
    "input_cost_per_token": 1e-05,
    "output_cost_per_token": 3e-05,
    "total_input_tokens": 19952,
    "total_output_tokens": 3958,
    "total_tokens": 23910,
    "total_cost": 0.31826000000000004
}