{
    "commit": "321cd46a020a678cf0852e47ede5ff6465a771d8",
    "start_epoch": 1760763251.84936,
    "end_epoch": 1760763311.34311,
    "elapsed_seconds": 59.49375,
    "model": "gpt-4-0125-preview",
    "input_cost_per_token": 1e-05,
    "output_cost_per_token": 3e-05,
    "total_input_tokens": 13015,
    "total_output_tokens": 2242,
    "total_tokens": 15257,
    "total_cost": 0.19741000000000003
}