{
    "commit": "b38de9642c87127e5cd26c990f28f6363e898321",
    "start_epoch": 1760713787.58153,
    "end_epoch": 1760713892.587008,
    "elapsed_seconds": 105.005478,
    "model": "gpt-4-0125-preview",
    "input_cost_per_token": 1e-05,
    "output_cost_per_token": 3e-05,
    "total_input_tokens": 11556,
    "total_output_tokens": 3877,
    "total_tokens": 15433,
    "total_cost": 0.23187000000000002
}