{
    "commit": "42a52dbaad9c24fdc6d0c0fc82a400fec02af58d",
    "start_epoch": 1760785013.075303,
    "end_epoch": 1760785180.529697,
    "elapsed_seconds": 167.454394,
    "model": "gpt-4-0125-preview",
    "input_cost_per_token": 1e-05,
    "output_cost_per_token": 3e-05,
    "total_input_tokens": 39439,
    "total_output_tokens": 6727,
    "total_tokens": 46166,
    "total_cost": 0.5962000000000001
}