{
    "commit": "b8f7270b240cd908ed0979659b42e1ec6fc1d54a",
    "start_epoch": 1760697562.217115,
    "end_epoch": 1760697643.211713,
    "elapsed_seconds": 80.994598,
    "model": "gpt-4-0125-preview",
    "input_cost_per_token": 1e-05,
    "output_cost_per_token": 3e-05,
    "total_input_tokens": 17361,
    "total_output_tokens": 3029,
    "total_tokens": 20390,
    "total_cost": 0.26448
}