{
    "commit": "8c91f2529804bd2dd306c4c593e93298ce448cdd",
    "start_epoch": 1760530395.288736,
    "end_epoch": 1760530500.397944,
    "elapsed_seconds": 105.109208,
    "model": "gpt-4-0125-preview",
    "input_cost_per_token": 1e-05,
    "output_cost_per_token": 3e-05,
    "total_input_tokens": 10011,
    "total_output_tokens": 4023,
    "total_tokens": 14034,
    "total_cost": 0.22079999999999997
}