{
    "commit": "f1b923140b155a1465acc644cee89527e26b9e46",
    "start_epoch": 1760731370.341903,
    "end_epoch": 1760731441.670344,
    "elapsed_seconds": 71.328441,
    "model": "gpt-4-0125-preview",
    "input_cost_per_token": 1e-05,
    "output_cost_per_token": 3e-05,
    "total_input_tokens": 6346,
    "total_output_tokens": 2435,
    "total_tokens": 8781,
    "total_cost": 0.13651
}