{
    "commit": "73ddd120482b744802403c693ba149cf4f05b499",
    "start_epoch": 1760720140.853715,
    "end_epoch": 1760720181.295519,
    "elapsed_seconds": 40.441804,
    "model": "gpt-4-0125-preview",
    "input_cost_per_token": 1e-05,
    "output_cost_per_token": 3e-05,
    "total_input_tokens": 5823,
    "total_output_tokens": 1441,
    "total_tokens": 7264,
    "total_cost": 0.10146
}