{
    "commit": "4d782782561dd74059193f69143a036b5369aed4",
    "start_epoch": 1760787567.974388,
    "end_epoch": 1760787659.074213,
    "elapsed_seconds": 91.099825,
    "model": "gpt-4-0125-preview",
    "input_cost_per_token": 1e-05,
    "output_cost_per_token": 3e-05,
    "total_input_tokens": 12813,
    "total_output_tokens": 3707,
    "total_tokens": 16520,
    "total_cost": 0.23933999999999997
}