{
    "commit": "859fbdd1f1d5d9d437519ec94eac79967d5a200a",
    "start_epoch": 1760562195.062505,
    "end_epoch": 1760562240.152004,
    "elapsed_seconds": 45.089499,
    "model": "gpt-4-0125-preview",
    "input_cost_per_token": 1e-05,
    "output_cost_per_token": 3e-05,
    "total_input_tokens": 6183,
    "total_output_tokens": 1588,
    "total_tokens": 7771,
    "total_cost": 0.10947000000000001
}