{
    "commit": "1e497491c410d6b43e9cf784d54fc0122167aa80",
    "start_epoch": 1760578693.373708,
    "end_epoch": 1760578742.131871,
    "elapsed_seconds": 48.758163,
    "model": "gpt-4-0125-preview",
    "input_cost_per_token": 1e-05,
    "output_cost_per_token": 3e-05,
    "total_input_tokens": 6727,
    "total_output_tokens": 1746,
    "total_tokens": 8473,
    "total_cost": 0.11964999999999999
}