{
    "commit": "0ef3463ae31cab405bec26e1000da9ab2e8e1a0f",
    "start_epoch": 1760576503.173405,
    "end_epoch": 1760576577.671339,
    "elapsed_seconds": 74.497934,
    "model": "gpt-4-0125-preview",
    "input_cost_per_token": 1e-05,
    "output_cost_per_token": 3e-05,
    "total_input_tokens": 14802,
    "total_output_tokens": 2783,
    "total_tokens": 17585,
    "total_cost": 0.23151000000000002
}