{
    "commit": "825c5e2eba6a68fc509f03643d3fca3ee16f01d0",
    "start_epoch": 1760539338.005455,
    "end_epoch": 1760539394.189788,
    "elapsed_seconds": 56.184333,
    "model": "gpt-4-0125-preview",
    "input_cost_per_token": 1e-05,
    "output_cost_per_token": 3e-05,
    "total_input_tokens": 6801,
    "total_output_tokens": 1530,
    "total_tokens": 8331,
    "total_cost": 0.11391
}