{
    "commit": "b7ba613a6ae0b8ff5efb6b5acceec1c0aaedfe65",
    "start_epoch": 1760819266.816137,
    "end_epoch": 1760819338.823348,
    "elapsed_seconds": 72.007211,
    "model": "gpt-4-0125-preview",
    "input_cost_per_token": 1e-05,
    "output_cost_per_token": 3e-05,
    "total_input_tokens": 15893,
    "total_output_tokens": 2418,
    "total_tokens": 18311,
    "total_cost": 0.23147000000000004
}