{
    "commit": "061f0080ea696a8dd5de0cfb8d537777f8cb9ae8",
    "start_epoch": 1760559565.466233,
    "end_epoch": 1760559614.199031,
    "elapsed_seconds": 48.732798,
    "model": "gpt-4-0125-preview",
    "input_cost_per_token": 1e-05,
    "output_cost_per_token": 3e-05,
    "total_input_tokens": 9723,
    "total_output_tokens": 1583,
    "total_tokens": 11306,
    "total_cost": 0.14472000000000002
}