{
    "commit": "6886821227a1445a3ef6dbc6b9270ff4c5713c1d",
    "start_epoch": 1760543628.042556,
    "end_epoch": 1760543695.29454,
    "elapsed_seconds": 67.251984,
    "model": "gpt-4-0125-preview",
    "input_cost_per_token": 1e-05,
    "output_cost_per_token": 3e-05,
    "total_input_tokens": 7343,
    "total_output_tokens": 1968,
    "total_tokens": 9311,
    "total_cost": 0.13247
}