{
    "commit": "cbdf0279c256fd9c8584d1e86a62a892ea4c4906",
    "start_epoch": 1760563342.837633,
    "end_epoch": 1760563411.594399,
    "elapsed_seconds": 68.756766,
    "model": "gpt-4-0125-preview",
    "input_cost_per_token": 1e-05,
    "output_cost_per_token": 3e-05,
    "total_input_tokens": 15463,
    "total_output_tokens": 2586,
    "total_tokens": 18049,
    "total_cost": 0.23221
}