{
    "commit": "6ffa7d097cf3459ee8b0f672c10ac855df35405a",
    "start_epoch": 1760803537.132853,
    "end_epoch": 1760803735.730845,
    "elapsed_seconds": 198.597992,
    "model": "gpt-4-0125-preview",
    "input_cost_per_token": 1e-05,
    "output_cost_per_token": 3e-05,
    "total_input_tokens": 19411,
    "total_output_tokens": 4632,
    "total_tokens": 24043,
    "total_cost": 0.33307
}