{
    "commit": "bcd98ff994e1ec33b37bab8bfbae586bfd6e5b50",
    "start_epoch": 1760521466.188926,
    "end_epoch": 1760521631.341949,
    "elapsed_seconds": 165.153023,
    "model": "gpt-4-0125-preview",
    "input_cost_per_token": 1e-05,
    "output_cost_per_token": 3e-05,
    "total_input_tokens": 24277,
    "total_output_tokens": 5462,
    "total_tokens": 29739,
    "total_cost": 0.40663000000000005
}