{
    "commit": "584456dfeb6882cadf471e6a34d8a34e83171174",
    "start_epoch": 1760568257.134959,
    "end_epoch": 1760568352.484174,
    "elapsed_seconds": 95.349215,
    "model": "gpt-4-0125-preview",
    "input_cost_per_token": 1e-05,
    "output_cost_per_token": 3e-05,
    "total_input_tokens": 17541,
    "total_output_tokens": 3843,
    "total_tokens": 21384,
    "total_cost": 0.2907
}