{
    "commit": "45cf4358f31af1ac9d7f782c0cdad496131328b2",
    "start_epoch": 1760515102.283409,
    "end_epoch": 1760515143.832072,
    "elapsed_seconds": 41.548663,
    "model": "gpt-4-0125-preview",
    "input_cost_per_token": 1e-05,
    "output_cost_per_token": 3e-05,
    "total_input_tokens": 5849,
    "total_output_tokens": 1211,
    "total_tokens": 7060,
    "total_cost": 0.09482
}