{
    "commit": "fa0bfda551fd4471b17e5a6b002f80124809bb1f",
    "start_epoch": 1760560095.244811,
    "end_epoch": 1760560219.722397,
    "elapsed_seconds": 124.477586,
    "model": "gpt-4-0125-preview",
    "input_cost_per_token": 1e-05,
    "output_cost_per_token": 3e-05,
    "total_input_tokens": 20089,
    "total_output_tokens": 4296,
    "total_tokens": 24385,
    "total_cost": 0.32977000000000006
}