{
    "commit": "8511d60d62091a56e981b93ea96a1fe04d5d8c76",
    "start_epoch": 1760731080.454468,
    "end_epoch": 1760731197.839011,
    "elapsed_seconds": 117.384543,
    "model": "gpt-4-0125-preview",
    "input_cost_per_token": 1e-05,
    "output_cost_per_token": 3e-05,
    "total_input_tokens": 22957,
    "total_output_tokens": 3944,
    "total_tokens": 26901,
    "total_cost": 0.34789000000000003
}