{
    "commit": "8d26ff297d0ebe67283c31206f6a920e50eb7879",
    "start_epoch": 1760517211.690627,
    "end_epoch": 1760517320.281781,
    "elapsed_seconds": 108.591154,
    "model": "gpt-4-0125-preview",
    "input_cost_per_token": 1e-05,
    "output_cost_per_token": 3e-05,
    "total_input_tokens": 22436,
    "total_output_tokens": 3238,
    "total_tokens": 25674,
    "total_cost": 0.3215
}