{
    "commit": "b8385b136f3bb5c9278a191a03e6d8e7a99457af",
    "start_epoch": 1760801398.251834,
    "end_epoch": 1760801440.602414,
    "elapsed_seconds": 42.35058,
    "model": "gpt-4-0125-preview",
    "input_cost_per_token": 1e-05,
    "output_cost_per_token": 3e-05,
    "total_input_tokens": 5238,
    "total_output_tokens": 1510,
    "total_tokens": 6748,
    "total_cost": 0.09768
}