{
    "commit": "64047cb65825a7aa902958122e535465b089fe82",
    "start_epoch": 1760762031.940718,
    "end_epoch": 1760762168.247138,
    "elapsed_seconds": 136.30642,
    "model": "gpt-4-0125-preview",
    "input_cost_per_token": 1e-05,
    "output_cost_per_token": 3e-05,
    "total_input_tokens": 28604,
    "total_output_tokens": 5751,
    "total_tokens": 34355,
    "total_cost": 0.45857000000000003
}