{
    "commit": "0550decbc202b2d8a1b28727f87ffe8232d31da5",
    "start_epoch": 1760730590.298793,
    "end_epoch": 1760730693.177363,
    "elapsed_seconds": 102.87857,
    "model": "gpt-4-0125-preview",
    "input_cost_per_token": 1e-05,
    "output_cost_per_token": 3e-05,
    "total_input_tokens": 9526,
    "total_output_tokens": 2985,
    "total_tokens": 12511,
    "total_cost": 0.18481
}