{
    "commit": "205941b0697920a36aae9c3bc50585882aab4f00",
    "start_epoch": 1760758262.754206,
    "end_epoch": 1760758345.572426,
    "elapsed_seconds": 82.81822,
    "model": "gpt-4-0125-preview",
    "input_cost_per_token": 1e-05,
    "output_cost_per_token": 3e-05,
    "total_input_tokens": 18552,
    "total_output_tokens": 3397,
    "total_tokens": 21949,
    "total_cost": 0.28742999999999996
}