{
    "commit": "7203a5f2e0d46afa8cb110bca0d832e9c5528978",
    "start_epoch": 1760698435.562484,
    "end_epoch": 1760698508.04719,
    "elapsed_seconds": 72.484706,
    "model": "gpt-4-0125-preview",
    "input_cost_per_token": 1e-05,
    "output_cost_per_token": 3e-05,
    "total_input_tokens": 13588,
    "total_output_tokens": 2956,
    "total_tokens": 16544,
    "total_cost": 0.22456
}