{
    "commit": "866a4b887c8c2dd15b2ddd1000d66f6b4ca407f2",
    "start_epoch": 1760522074.66588,
    "end_epoch": 1760522239.15547,
    "elapsed_seconds": 164.48959,
    "model": "gpt-4-0125-preview",
    "input_cost_per_token": 1e-05,
    "output_cost_per_token": 3e-05,
    "total_input_tokens": 29323,
    "total_output_tokens": 4959,
    "total_tokens": 34282,
    "total_cost": 0.442
}