{
    "commit": "7f4cd1eaecc7b2f02766e4de7b2e112e3a4bb5cb",
    "start_epoch": 1760794692.443991,
    "end_epoch": 1760794738.490532,
    "elapsed_seconds": 46.046541,
    "model": "gpt-4-0125-preview",
    "input_cost_per_token": 1e-05,
    "output_cost_per_token": 3e-05,
    "total_input_tokens": 9461,
    "total_output_tokens": 1746,
    "total_tokens": 11207,
    "total_cost": 0.14699
}