{
    "commit": "5e9ef5ab6d14678cd2f73fc55fa7ce57b8ee5dbe",
    "start_epoch": 1760725000.082633,
    "end_epoch": 1760725151.452916,
    "elapsed_seconds": 151.370283,
    "model": "gpt-4-0125-preview",
    "input_cost_per_token": 1e-05,
    "output_cost_per_token": 3e-05,
    "total_input_tokens": 15256,
    "total_output_tokens": 4175,
    "total_tokens": 19431,
    "total_cost": 0.27781
}