{
    "commit": "18623ea889559c44a7eb552f1ad5e5ba83faba33",
    "start_epoch": 1760563786.230431,
    "end_epoch": 1760563904.545184,
    "elapsed_seconds": 118.314753,
    "model": "gpt-4-0125-preview",
    "input_cost_per_token": 1e-05,
    "output_cost_per_token": 3e-05,
    "total_input_tokens": 34889,
    "total_output_tokens": 4219,
    "total_tokens": 39108,
    "total_cost": 0.47546000000000005
}