{
    "commit": "6ec0b39f0f2d3d98e570078f3687cdce1c9e683a",
    "start_epoch": 1760701359.451602,
    "end_epoch": 1760701400.878589,
    "elapsed_seconds": 41.426987,
    "model": "gpt-4-0125-preview",
    "input_cost_per_token": 1e-05,
    "output_cost_per_token": 3e-05,
    "total_input_tokens": 5610,
    "total_output_tokens": 1472,
    "total_tokens": 7082,
    "total_cost": 0.10026
}