{
    "commit": "5a1ad8d0c82ec77db552336f9ed88ab393ceb853",
    "start_epoch": 1760566326.945592,
    "end_epoch": 1760566421.471892,
    "elapsed_seconds": 94.5263,
    "model": "gpt-4-0125-preview",
    "input_cost_per_token": 1e-05,
    "output_cost_per_token": 3e-05,
    "total_input_tokens": 10915,
    "total_output_tokens": 3803,
    "total_tokens": 14718,
    "total_cost": 0.22324000000000002
}