{
    "commit": "f0aeb9529f6b1c340e38647260e21c86d001f755",
    "start_epoch": 1760820540.416342,
    "end_epoch": 1760820662.007595,
    "elapsed_seconds": 121.591253,
    "model": "gpt-4-0125-preview",
    "input_cost_per_token": 1e-05,
    "output_cost_per_token": 3e-05,
    "total_input_tokens": 35851,
    "total_output_tokens": 4319,
    "total_tokens": 40170,
    "total_cost": 0.48808
}