{
    "commit": "5f871733611ebabbb9ac9e491770f54dfb20ebd2",
    "start_epoch": 1760555440.036928,
    "end_epoch": 1760555563.136766,
    "elapsed_seconds": 123.099838,
    "model": "gpt-4-0125-preview",
    "input_cost_per_token": 1e-05,
    "output_cost_per_token": 3e-05,
    "total_input_tokens": 13098,
    "total_output_tokens": 4736,
    "total_tokens": 17834,
    "total_cost": 0.27306
}