{
    "commit": "810446eebae6fa1e3240dece8a61cd62120f6189",
    "start_epoch": 1760812542.476018,
    "end_epoch": 1760812665.742171,
    "elapsed_seconds": 123.266153,
    "model": "gpt-4-0125-preview",
    "input_cost_per_token": 1e-05,
    "output_cost_per_token": 3e-05,
    "total_input_tokens": 36922,
    "total_output_tokens": 4641,
    "total_tokens": 41563,
    "total_cost": 0.5084500000000001
}