{
    "commit": "b615b0a8ba35962aaad7bd5ef34e3422892cd92d",
    "start_epoch": 1760549665.47474,
    "end_epoch": 1760549713.927991,
    "elapsed_seconds": 48.453251,
    "model": "gpt-4-0125-preview",
    "input_cost_per_token": 1e-05,
    "output_cost_per_token": 3e-05,
    "total_input_tokens": 5872,
    "total_output_tokens": 1784,
    "total_tokens": 7656,
    "total_cost": 0.11224000000000002
}