{
    "commit": "14ce1f84f891d88d782f3e3635b0d27b6c835a56",
    "start_epoch": 1760754511.768439,
    "end_epoch": 1760754554.595796,
    "elapsed_seconds": 42.827357,
    "model": "gpt-4-0125-preview",
    "input_cost_per_token": 1e-05,
    "output_cost_per_token": 3e-05,
    "total_input_tokens": 11982,
    "total_output_tokens": 1500,
    "total_tokens": 13482,
    "total_cost": 0.16482000000000002
}