{
    "commit": "35488b02b3535e99bb48238f7df0072cea37ab66",
    "start_epoch": 1760580856.675677,
    "end_epoch": 1760580918.536248,
    "elapsed_seconds": 61.860571,
    "model": "gpt-4-0125-preview",
    "input_cost_per_token": 1e-05,
    "output_cost_per_token": 3e-05,
    "total_input_tokens": 5687,
    "total_output_tokens": 1952,
    "total_tokens": 7639,
    "total_cost": 0.11543
}