{
    "commit": "2cf317fd0c345ee66d4198ef13a51663168f989c",
    "start_epoch": 1760789100.282718,
    "end_epoch": 1760789219.088754,
    "elapsed_seconds": 118.806036,
    "model": "gpt-4-0125-preview",
    "input_cost_per_token": 1e-05,
    "output_cost_per_token": 3e-05,
    "total_input_tokens": 12401,
    "total_output_tokens": 4751,
    "total_tokens": 17152,
    "total_cost": 0.26654
}