{
    "commit": "746549393dc8636171346a5ea0c85267f96dee08",
    "start_epoch": 1760513965.440567,
    "end_epoch": 1760514038.948529,
    "elapsed_seconds": 73.507962,
    "model": "gpt-4-0125-preview",
    "input_cost_per_token": 1e-05,
    "output_cost_per_token": 3e-05,
    "total_input_tokens": 5611,
    "total_output_tokens": 2265,
    "total_tokens": 7876,
    "total_cost": 0.12406
}