{
    "commit": "4e29341edbfb560a80496d54019dc5f4c0784041",
    "start_epoch": 1760501652.640947,
    "end_epoch": 1760501694.51831,
    "elapsed_seconds": 41.877363,
    "model": "gpt-4-0125-preview",
    "input_cost_per_token": 1e-05,
    "output_cost_per_token": 3e-05,
    "total_input_tokens": 4825,
    "total_output_tokens": 1511,
    "total_tokens": 6336,
    "total_cost": 0.09358
}