{
    "commit": "f3da4b5604a290104ad27ebd742ffd4a6ada913a",
    "start_epoch": 1760774668.587436,
    "end_epoch": 1760774723.404824,
    "elapsed_seconds": 54.817388,
    "model": "gpt-4-0125-preview",
    "input_cost_per_token": 1e-05,
    "output_cost_per_token": 3e-05,
    "total_input_tokens": 5221,
    "total_output_tokens": 1758,
    "total_tokens": 6979,
    "total_cost": 0.10495000000000002
}