{
    "commit": "2fb67053347aad4b99525c769596c765e0b747d9",
    "start_epoch": 1760701041.470278,
    "end_epoch": 1760701078.965237,
    "elapsed_seconds": 37.494959,
    "model": "gpt-4-0125-preview",
    "input_cost_per_token": 1e-05,
    "output_cost_per_token": 3e-05,
    "total_input_tokens": 5368,
    "total_output_tokens": 1413,
    "total_tokens": 6781,
    "total_cost": 0.09607
}