{
    "commit": "54d6bbd6d65dce6886b1150ffb4718db3c45e0a4",
    "start_epoch": 1760821449.881177,
    "end_epoch": 1760821548.054356,
    "elapsed_seconds": 98.173179,
    "model": "gpt-4-0125-preview",
    "input_cost_per_token": 1e-05,
    "output_cost_per_token": 3e-05,
    "total_input_tokens": 16020,
    "total_output_tokens": 2678,
    "total_tokens": 18698,
    "total_cost": 0.24054
}