{
    "commit": "4af37c8e0247570f818d891c6b4cb73fc29f52fe",
    "start_epoch": 1760558763.358649,
    "end_epoch": 1760558812.553814,
    "elapsed_seconds": 49.195165,
    "model": "gpt-4-0125-preview",
    "input_cost_per_token": 1e-05,
    "output_cost_per_token": 3e-05,
    "total_input_tokens": 6933,
    "total_output_tokens": 1573,
    "total_tokens": 8506,
    "total_cost": 0.11652000000000001
}