{
    "commit": "3930350fb2eeff24da946c5fd7bacacd30998e42",
    "start_epoch": 1760524998.933825,
    "end_epoch": 1760525091.582472,
    "elapsed_seconds": 92.648647,
    "model": "gpt-4-0125-preview",
    "input_cost_per_token": 1e-05,
    "output_cost_per_token": 3e-05,
    "total_input_tokens": 14858,
    "total_output_tokens": 3182,
    "total_tokens": 18040,
    "total_cost": 0.24403999999999998
}