{
    "commit": "e12ebb9dc0ff022910af949e31c687119d4af0dc",
    "start_epoch": 1760516880.030955,
    "end_epoch": 1760516970.857572,
    "elapsed_seconds": 90.826617,
    "model": "gpt-4-0125-preview",
    "input_cost_per_token": 1e-05,
    "output_cost_per_token": 3e-05,
    "total_input_tokens": 18795,
    "total_output_tokens": 2762,
    "total_tokens": 21557,
    "total_cost": 0.27081
}