{
    "commit": "b98f789baca0843a68eba18d255f9de753e9276e",
    "start_epoch": 1760715365.377329,
    "end_epoch": 1760715446.711515,
    "elapsed_seconds": 81.334186,
    "model": "gpt-4-0125-preview",
    "input_cost_per_token": 1e-05,
    "output_cost_per_token": 3e-05,
    "total_input_tokens": 22092,
    "total_output_tokens": 2871,
    "total_tokens": 24963,
    "total_cost": 0.30705000000000005
}