{
    "commit": "b295163ceb8e85a7ad2bd00ff127b5028a08322d",
    "start_epoch": 1760503775.551232,
    "end_epoch": 1760503826.839642,
    "elapsed_seconds": 51.28841,
    "model": "gpt-4-0125-preview",
    "input_cost_per_token": 1e-05,
    "output_cost_per_token": 3e-05,
    "total_input_tokens": 6959,
    "total_output_tokens": 1952,
    "total_tokens": 8911,
    "total_cost": 0.12815000000000001
}