{
    "commit": "9aa7d29bd9139471552e9fbb099d5f7a5c9f511f",
    "start_epoch": 1760567415.551656,
    "end_epoch": 1760567734.745062,
    "elapsed_seconds": 319.193406,
    "model": "gpt-4-0125-preview",
    "input_cost_per_token": 1e-05,
    "output_cost_per_token": 3e-05,
    "total_input_tokens": 132180,
    "total_output_tokens": 9232,
    "total_tokens": 141412,
    "total_cost": 1.598760000000002
}