{
    "commit": "38de732cfd56f0b7671427791f6652a8f4e8b7ec",
    "start_epoch": 1760578957.577967,
    "end_epoch": 1760579306.83735,
    "elapsed_seconds": 349.259383,
    "model": "gpt-4-0125-preview",
    "input_cost_per_token": 1e-05,
    "output_cost_per_token": 3e-05,
    "total_input_tokens": 75151,
    "total_output_tokens": 7147,
    "total_tokens": 82298,
    "total_cost": 0.9659199999999998
}