{
    "commit": "125eeaa3a93b7b3cf52d879cdc5d7710e0259a70",
    "start_epoch": 1760746856.988949,
    "end_epoch": 1760746995.421315,
    "elapsed_seconds": 138.432366,
    "model": "gpt-4-0125-preview",
    "input_cost_per_token": 1e-05,
    "output_cost_per_token": 3e-05,
    "total_input_tokens": 21807,
    "total_output_tokens": 5882,
    "total_tokens": 27689,
    "total_cost": 0.3945300000000001
}