{
    "commit": "074eae88b1b29517d353d65f842d4faa782178ea",
    "start_epoch": 1760696710.010224,
    "end_epoch": 1760696763.079184,
    "elapsed_seconds": 53.06896,
    "model": "gpt-4-0125-preview",
    "input_cost_per_token": 1e-05,
    "output_cost_per_token": 3e-05,
    "total_input_tokens": 6304,
    "total_output_tokens": 1858,
    "total_tokens": 8162,
    "total_cost": 0.11878
}