{
    "commit": "37583dacc28e4976d458a460dd3a70aca74f0805",
    "start_epoch": 1760508146.226886,
    "end_epoch": 1760508202.95521,
    "elapsed_seconds": 56.728324,
    "model": "gpt-4-0125-preview",
    "input_cost_per_token": 1e-05,
    "output_cost_per_token": 3e-05,
    "total_input_tokens": 11290,
    "total_output_tokens": 1855,
    "total_tokens": 13145,
    "total_cost": 0.16855000000000003
}