{
    "commit": "05e498b047eb846fc5fb7450f2e2414400874763",
    "start_epoch": 1760724462.86453,
    "end_epoch": 1760724554.715286,
    "elapsed_seconds": 91.850756,
    "model": "gpt-4-0125-preview",
    "input_cost_per_token": 1e-05,
    "output_cost_per_token": 3e-05,
    "total_input_tokens": 14903,
    "total_output_tokens": 3035,
    "total_tokens": 17938,
    "total_cost": 0.24008000000000002
}