{
    "commit": "0547184cb797c4857a9979701b4ba56387d2f73f",
    "start_epoch": 1760527448.571873,
    "end_epoch": 1760527560.553707,
    "elapsed_seconds": 111.981834,
    "model": "gpt-4-0125-preview",
    "input_cost_per_token": 1e-05,
    "output_cost_per_token": 3e-05,
    "total_input_tokens": 14096,
    "total_output_tokens": 4427,
    "total_tokens": 18523,
    "total_cost": 0.27376999999999996
}