{
    "commit": "93264949b766b0f14d56bff5ac3866f438ac2f88",
    "start_epoch": 1760711694.367695,
    "end_epoch": 1760711782.34808,
    "elapsed_seconds": 87.980385,
    "model": "gpt-4-0125-preview",
    "input_cost_per_token": 1e-05,
    "output_cost_per_token": 3e-05,
    "total_input_tokens": 14971,
    "total_output_tokens": 3121,
    "total_tokens": 18092,
    "total_cost": 0.24334000000000003
}