{
    "commit": "298b6ddb560003b1f2a63665dae47834bee54475",
    "start_epoch": 1760749337.396076,
    "end_epoch": 1760749483.573958,
    "elapsed_seconds": 146.177882,
    "model": "gpt-4-0125-preview",
    "input_cost_per_token": 1e-05,
    "output_cost_per_token": 3e-05,
    "total_input_tokens": 39650,
    "total_output_tokens": 5403,
    "total_tokens": 45053,
    "total_cost": 0.55859
}