{
    "commit": "1737b33623ea7947adf4799dfda11f4031b38e48",
    "start_epoch": 1760757581.466072,
    "end_epoch": 1760757663.845028,
    "elapsed_seconds": 82.378956,
    "model": "gpt-4-0125-preview",
    "input_cost_per_token": 1e-05,
    "output_cost_per_token": 3e-05,
    "total_input_tokens": 24531,
    "total_output_tokens": 3334,
    "total_tokens": 27865,
    "total_cost": 0.34533
}