{
    "commit": "cb0eca5077c135f69c9ec1f9446a416e55c0a507",
    "start_epoch": 1760727247.581585,
    "end_epoch": 1760727296.472193,
    "elapsed_seconds": 48.890608,
    "model": "gpt-4-0125-preview",
    "input_cost_per_token": 1e-05,
    "output_cost_per_token": 3e-05,
    "total_input_tokens": 5418,
    "total_output_tokens": 1659,
    "total_tokens": 7077,
    "total_cost": 0.10395
}