{
    "commit": "e6a294f1f2b3b37dbc42bae5c4317b487e18abf8",
    "start_epoch": 1760723021.557806,
    "end_epoch": 1760723104.183531,
    "elapsed_seconds": 82.625725,
    "model": "gpt-4-0125-preview",
    "input_cost_per_token": 1e-05,
    "output_cost_per_token": 3e-05,
    "total_input_tokens": 14057,
    "total_output_tokens": 3147,
    "total_tokens": 17204,
    "total_cost": 0.23498000000000002
}