{
    "commit": "bdca9f8dc866432d6d90e54fdc681d59bd680d42",
    "start_epoch": 1760582052.738753,
    "end_epoch": 1760582123.619764,
    "elapsed_seconds": 70.881011,
    "model": "gpt-4-0125-preview",
    "input_cost_per_token": 1e-05,
    "output_cost_per_token": 3e-05,
    "total_input_tokens": 10463,
    "total_output_tokens": 2462,
    "total_tokens": 12925,
    "total_cost": 0.17849
}