{
    "commit": "cfb083bbaf86617ca01765262fc582691d8a5550",
    "start_epoch": 1760713270.716946,
    "end_epoch": 1760713312.970177,
    "elapsed_seconds": 42.253231,
    "model": "gpt-4-0125-preview",
    "input_cost_per_token": 1e-05,
    "output_cost_per_token": 3e-05,
    "total_input_tokens": 5881,
    "total_output_tokens": 1223,
    "total_tokens": 7104,
    "total_cost": 0.0955
}