{
    "commit": "e50fb70e2ea9d3043406e5f5e516d85fa3c02ba2",
    "start_epoch": 1760546058.088192,
    "end_epoch": 1760546376.02417,
    "elapsed_seconds": 317.935978,
    "model": "gpt-4-0125-preview",
    "input_cost_per_token": 1e-05,
    "output_cost_per_token": 3e-05,
    "total_input_tokens": 91605,
    "total_output_tokens": 10746,
    "total_tokens": 102351,
    "total_cost": 1.2384300000000001
}