{
    "commit": "f9eb6dcb9c427ea1e2b40ffe24b222f1d9a13693",
    "start_epoch": 1760563499.414175,
    "end_epoch": 1760563606.270132,
    "elapsed_seconds": 106.855957,
    "model": "gpt-4-0125-preview",
    "input_cost_per_token": 1e-05,
    "output_cost_per_token": 3e-05,
    "total_input_tokens": 21698,
    "total_output_tokens": 4256,
    "total_tokens": 25954,
    "total_cost": 0.3446600000000001
}