{
    "commit": "32e668e1a28f23d447cccccdae5c4c76424372f9",
    "start_epoch": 1760774269.530531,
    "end_epoch": 1760774332.740883,
    "elapsed_seconds": 63.210352,
    "model": "gpt-4-0125-preview",
    "input_cost_per_token": 1e-05,
    "output_cost_per_token": 3e-05,
    "total_input_tokens": 6401,
    "total_output_tokens": 2102,
    "total_tokens": 8503,
    "total_cost": 0.12707000000000002
}