{
    "commit": "aef72e3196b301eef28e9f22c74f9a6488ae683c",
    "start_epoch": 1760774098.716969,
    "end_epoch": 1760774165.345535,
    "elapsed_seconds": 66.628566,
    "model": "gpt-4-0125-preview",
    "input_cost_per_token": 1e-05,
    "output_cost_per_token": 3e-05,
    "total_input_tokens": 6646,
    "total_output_tokens": 2132,
    "total_tokens": 8778,
    "total_cost": 0.13041999999999998
}