{
    "commit": "ab298c90dad9e91602593e77334055d753525f91",
    "start_epoch": 1760820867.562143,
    "end_epoch": 1760821004.377963,
    "elapsed_seconds": 136.81582,
    "model": "gpt-4-0125-preview",
    "input_cost_per_token": 1e-05,
    "output_cost_per_token": 3e-05,
    "total_input_tokens": 24355,
    "total_output_tokens": 4806,
    "total_tokens": 29161,
    "total_cost": 0.3877300000000001
}