{
    "commit": "62dcfcb66b81245df902e5ce40c10e9e2ab9c422",
    "start_epoch": 1760699837.487989,
    "end_epoch": 1760699899.911763,
    "elapsed_seconds": 62.423774,
    "model": "gpt-4-0125-preview",
    "input_cost_per_token": 1e-05,
    "output_cost_per_token": 3e-05,
    "total_input_tokens": 10929,
    "total_output_tokens": 2231,
    "total_tokens": 13160,
    "total_cost": 0.17622
}