{
    "commit": "9d0d1180765cfb9e1b6b42d88145848359b228f1",
    "start_epoch": 1760503268.750214,
    "end_epoch": 1760503352.756631,
    "elapsed_seconds": 84.006417,
    "model": "gpt-4-0125-preview",
    "input_cost_per_token": 1e-05,
    "output_cost_per_token": 3e-05,
    "total_input_tokens": 13325,
    "total_output_tokens": 2950,
    "total_tokens": 16275,
    "total_cost": 0.22175000000000003
}