{
    "commit": "bd9938553e966381a16eb468deaeb486e8523382",
    "start_epoch": 1760545348.395072,
    "end_epoch": 1760545394.985474,
    "elapsed_seconds": 46.590402,
    "model": "gpt-4-0125-preview",
    "input_cost_per_token": 1e-05,
    "output_cost_per_token": 3e-05,
    "total_input_tokens": 7606,
    "total_output_tokens": 1599,
    "total_tokens": 9205,
    "total_cost": 0.12403
}