{
    "commit": "7e65eb99247f21baa8ee58efd125c1a8620b8796",
    "start_epoch": 1760774332.875983,
    "end_epoch": 1760774411.534303,
    "elapsed_seconds": 78.65832,
    "model": "gpt-4-0125-preview",
    "input_cost_per_token": 1e-05,
    "output_cost_per_token": 3e-05,
    "total_input_tokens": 11268,
    "total_output_tokens": 2532,
    "total_tokens": 13800,
    "total_cost": 0.18864000000000003
}