{
    "commit": "3f72ec96015ba8add06740721fb94170574aecf9",
    "start_epoch": 1760710236.338535,
    "end_epoch": 1760710335.658642,
    "elapsed_seconds": 99.320107,
    "model": "gpt-4-0125-preview",
    "input_cost_per_token": 1e-05,
    "output_cost_per_token": 3e-05,
    "total_input_tokens": 22525,
    "total_output_tokens": 3600,
    "total_tokens": 26125,
    "total_cost": 0.33325
}