{
    "commit": "4e4b76a121cb6ae1bae169d86927c2681c2e0fcf",
    "start_epoch": 1760575247.172109,
    "end_epoch": 1760575280.953893,
    "elapsed_seconds": 33.781784,
    "model": "gpt-4-0125-preview",
    "input_cost_per_token": 1e-05,
    "output_cost_per_token": 3e-05,
    "total_input_tokens": 5282,
    "total_output_tokens": 1207,
    "total_tokens": 6489,
    "total_cost": 0.08903000000000001
}