{
    "commit": "a133804536b203fb118aa956446415ea5dda2a47",
    "start_epoch": 1760550485.462435,
    "end_epoch": 1760550533.334403,
    "elapsed_seconds": 47.871968,
    "model": "gpt-4-0125-preview",
    "input_cost_per_token": 1e-05,
    "output_cost_per_token": 3e-05,
    "total_input_tokens": 6067,
    "total_output_tokens": 1708,
    "total_tokens": 7775,
    "total_cost": 0.11191
}