{
    "commit": "53e3fa6225ef1c29f643c6fb5d3e2dc1aa4abe51",
    "start_epoch": 1760741474.678709,
    "end_epoch": 1760741521.6669,
    "elapsed_seconds": 46.988191,
    "model": "gpt-4-0125-preview",
    "input_cost_per_token": 1e-05,
    "output_cost_per_token": 3e-05,
    "total_input_tokens": 5953,
    "total_output_tokens": 1892,
    "total_tokens": 7845,
    "total_cost": 0.11629
}