{
    "commit": "52aef38b489b5dfae004904b3ceb662b41d56b62",
    "start_epoch": 1760547276.267077,
    "end_epoch": 1760547322.541654,
    "elapsed_seconds": 46.274577,
    "model": "gpt-4-0125-preview",
    "input_cost_per_token": 1e-05,
    "output_cost_per_token": 3e-05,
    "total_input_tokens": 6145,
    "total_output_tokens": 1548,
    "total_tokens": 7693,
    "total_cost": 0.10789
}