{
    "commit": "9d3f8f25820541b2af25f834a53254924af4a566",
    "start_epoch": 1760763990.436098,
    "end_epoch": 1760764099.303229,
    "elapsed_seconds": 108.867131,
    "model": "gpt-4-0125-preview",
    "input_cost_per_token": 1e-05,
    "output_cost_per_token": 3e-05,
    "total_input_tokens": 24726,
    "total_output_tokens": 3994,
    "total_tokens": 28720,
    "total_cost": 0.3670800000000001
}