{
    "commit": "91cd282b297e9c6eaebca96fde0eb1c8265bcc12",
    "start_epoch": 1760762904.735845,
    "end_epoch": 1760763012.240083,
    "elapsed_seconds": 107.504238,
    "model": "gpt-4-0125-preview",
    "input_cost_per_token": 1e-05,
    "output_cost_per_token": 3e-05,
    "total_input_tokens": 17910,
    "total_output_tokens": 3941,
    "total_tokens": 21851,
    "total_cost": 0.29733000000000004
}