{
    "commit": "21a0a9b84f8b84f4034e5dee6c4d94ceb939fda0",
    "start_epoch": 1760766110.560954,
    "end_epoch": 1760766198.26863,
    "elapsed_seconds": 87.707676,
    "model": "gpt-4-0125-preview",
    "input_cost_per_token": 1e-05,
    "output_cost_per_token": 3e-05,
    "total_input_tokens": 15383,
    "total_output_tokens": 3433,
    "total_tokens": 18816,
    "total_cost": 0.25682000000000005
}