{
    "commit": "57fecad3cd8484bd388b9a2dea3ead17366e7104",
    "start_epoch": 1760788687.851769,
    "end_epoch": 1760788824.364129,
    "elapsed_seconds": 136.51236,
    "model": "gpt-4-0125-preview",
    "input_cost_per_token": 1e-05,
    "output_cost_per_token": 3e-05,
    "total_input_tokens": 21339,
    "total_output_tokens": 5296,
    "total_tokens": 26635,
    "total_cost": 0.37227000000000005
}