{
    "commit": "156ac19bd464a7c596b88d9a2ca353e07ecc415c",
    "start_epoch": 1760705495.266057,
    "end_epoch": 1760705566.470502,
    "elapsed_seconds": 71.204445,
    "model": "gpt-4-0125-preview",
    "input_cost_per_token": 1e-05,
    "output_cost_per_token": 3e-05,
    "total_input_tokens": 5919,
    "total_output_tokens": 2364,
    "total_tokens": 8283,
    "total_cost": 0.13011
}