{
    "commit": "919d5df8177acf19d2e7881a168c109b962f3606",
    "start_epoch": 1760748239.329998,
    "end_epoch": 1760748287.710237,
    "elapsed_seconds": 48.380239,
    "model": "gpt-4-0125-preview",
    "input_cost_per_token": 1e-05,
    "output_cost_per_token": 3e-05,
    "total_input_tokens": 5642,
    "total_output_tokens": 1624,
    "total_tokens": 7266,
    "total_cost": 0.10514000000000001
}