{
    "commit": "06dd261e4971aa4f52372c0b0cbb213d984d5d8d",
    "start_epoch": 1760575052.738482,
    "end_epoch": 1760575153.766637,
    "elapsed_seconds": 101.028155,
    "model": "gpt-4-0125-preview",
    "input_cost_per_token": 1e-05,
    "output_cost_per_token": 3e-05,
    "total_input_tokens": 9112,
    "total_output_tokens": 3691,
    "total_tokens": 12803,
    "total_cost": 0.20185
}