{
    "commit": "be8f4cc0d9ad3599aa6c59412d21d77486204126",
    "start_epoch": 1760702712.33638,
    "end_epoch": 1760702833.108004,
    "elapsed_seconds": 120.771624,
    "model": "gpt-4-0125-preview",
    "input_cost_per_token": 1e-05,
    "output_cost_per_token": 3e-05,
    "total_input_tokens": 25587,
    "total_output_tokens": 4237,
    "total_tokens": 29824,
    "total_cost": 0.38298000000000004
}