{
    "commit": "d5971a5bd429743cbaf5305a4e1cd2c5e9df85b5",
    "start_epoch": 1760753293.876133,
    "end_epoch": 1760753347.786454,
    "elapsed_seconds": 53.910321,
    "model": "gpt-4-0125-preview",
    "input_cost_per_token": 1e-05,
    "output_cost_per_token": 3e-05,
    "total_input_tokens": 7999,
    "total_output_tokens": 2207,
    "total_tokens": 10206,
    "total_cost": 0.1462
}