{
    "commit": "9fea1a52f46ec874656db148ea61a2668ab8c202",
    "start_epoch": 1760543292.77162,
    "end_epoch": 1760543356.71116,
    "elapsed_seconds": 63.93954,
    "model": "gpt-4-0125-preview",
    "input_cost_per_token": 1e-05,
    "output_cost_per_token": 3e-05,
    "total_input_tokens": 7371,
    "total_output_tokens": 1924,
    "total_tokens": 9295,
    "total_cost": 0.13143
}