{
    "commit": "5f1bfa5d2a1f275fa62044de16a25a68bd2b640a",
    "start_epoch": 1760501264.294585,
    "end_epoch": 1760501304.794563,
    "elapsed_seconds": 40.499978,
    "model": "gpt-4-0125-preview",
    "input_cost_per_token": 1e-05,
    "output_cost_per_token": 3e-05,
    "total_input_tokens": 5821,
    "total_output_tokens": 1475,
    "total_tokens": 7296,
    "total_cost": 0.10246000000000001
}