{
    "commit": "a7e2929d2c22728c3c5ab0bb8949099a9bbcc003",
    "start_epoch": 1760764584.745562,
    "end_epoch": 1760764676.9911,
    "elapsed_seconds": 92.245538,
    "model": "gpt-4-0125-preview",
    "input_cost_per_token": 1e-05,
    "output_cost_per_token": 3e-05,
    "total_input_tokens": 16595,
    "total_output_tokens": 3799,
    "total_tokens": 20394,
    "total_cost": 0.27992
}