{
    "commit": "761c83dbc477f5807f8523a6cdbdb870a9b94f97",
    "start_epoch": 1760503401.736727,
    "end_epoch": 1760503510.095998,
    "elapsed_seconds": 108.359271,
    "model": "gpt-4-0125-preview",
    "input_cost_per_token": 1e-05,
    "output_cost_per_token": 3e-05,
    "total_input_tokens": 13187,
    "total_output_tokens": 3812,
    "total_tokens": 16999,
    "total_cost": 0.24623000000000003
}