{
    "commit": "3b94489086e44093ef556ebf1816b0648c5fd2c7",
    "start_epoch": 1760816184.973258,
    "end_epoch": 1760816291.890544,
    "elapsed_seconds": 106.917286,
    "model": "gpt-4-0125-preview",
    "input_cost_per_token": 1e-05,
    "output_cost_per_token": 3e-05,
    "total_input_tokens": 19353,
    "total_output_tokens": 3680,
    "total_tokens": 23033,
    "total_cost": 0.30393000000000003
}