{
    "commit": "76c48efe84c9da94f10d0524935e0e77e9133d7a",
    "start_epoch": 1760506596.377577,
    "end_epoch": 1760506640.875883,
    "elapsed_seconds": 44.498306,
    "model": "gpt-4-0125-preview",
    "input_cost_per_token": 1e-05,
    "output_cost_per_token": 3e-05,
    "total_input_tokens": 7284,
    "total_output_tokens": 1520,
    "total_tokens": 8804,
    "total_cost": 0.11844
}