{
    "commit": "d2c15ced6ea828402476ef8f90607ebcfbc823d5",
    "start_epoch": 1760552815.349946,
    "end_epoch": 1760552911.199103,
    "elapsed_seconds": 95.849157,
    "model": "gpt-4-0125-preview",
    "input_cost_per_token": 1e-05,
    "output_cost_per_token": 3e-05,
    "total_input_tokens": 14900,
    "total_output_tokens": 3447,
    "total_tokens": 18347,
    "total_cost": 0.25241
}