{
    "commit": "f93059a7898f5d553d3a332f3f18c89d3ecda411",
    "start_epoch": 1760498308.303503,
    "end_epoch": 1760498412.075689,
    "elapsed_seconds": 103.772186,
    "model": "gpt-4-0125-preview",
    "input_cost_per_token": 1e-05,
    "output_cost_per_token": 3e-05,
    "total_input_tokens": 16107,
    "total_output_tokens": 3854,
    "total_tokens": 19961,
    "total_cost": 0.27669
}