{
    "commit": "d0e7a9a660570106b80b440abcbc4bc85ef7f8c8",
    "start_epoch": 1760551145.861741,
    "end_epoch": 1760551249.322782,
    "elapsed_seconds": 103.461041,
    "model": "gpt-4-0125-preview",
    "input_cost_per_token": 1e-05,
    "output_cost_per_token": 3e-05,
    "total_input_tokens": 11428,
    "total_output_tokens": 3646,
    "total_tokens": 15074,
    "total_cost": 0.22366000000000003
}