{
    "commit": "41c476743bcb94f9931f8205895b51ad615623a9",
    "start_epoch": 1760547853.363649,
    "end_epoch": 1760547901.849625,
    "elapsed_seconds": 48.485976,
    "model": "gpt-4-0125-preview",
    "input_cost_per_token": 1e-05,
    "output_cost_per_token": 3e-05,
    "total_input_tokens": 11159,
    "total_output_tokens": 1557,
    "total_tokens": 12716,
    "total_cost": 0.15830000000000002
}