{
    "commit": "f317e12601f5a3ced8212078852f177f088ac22f",
    "start_epoch": 1760720322.776315,
    "end_epoch": 1760720386.263459,
    "elapsed_seconds": 63.487144,
    "model": "gpt-4-0125-preview",
    "input_cost_per_token": 1e-05,
    "output_cost_per_token": 3e-05,
    "total_input_tokens": 16279,
    "total_output_tokens": 2299,
    "total_tokens": 18578,
    "total_cost": 0.23176000000000002
}