{
    "commit": "780267d68bebf34a66b91029418b06b038c9aa64",
    "start_epoch": 1760758345.676556,
    "end_epoch": 1760758663.504732,
    "elapsed_seconds": 317.828176,
    "model": "gpt-4-0125-preview",
    "input_cost_per_token": 1e-05,
    "output_cost_per_token": 3e-05,
    "total_input_tokens": 174335,
    "total_output_tokens": 10164,
    "total_tokens": 184499,
    "total_cost": 2.048270000000001
}