{
    "commit": "a33791bb1e7b824f7a0203863263cc1458226bb9",
    "start_epoch": 1760729526.117809,
    "end_epoch": 1760729633.015735,
    "elapsed_seconds": 106.897926,
    "model": "gpt-4-0125-preview",
    "input_cost_per_token": 1e-05,
    "output_cost_per_token": 3e-05,
    "total_input_tokens": 18596,
    "total_output_tokens": 3180,
    "total_tokens": 21776,
    "total_cost": 0.28136
}