{
    "commit": "b3ec3523d235cb6ad584e8d5ad4b2d283e2a498f",
    "start_epoch": 1760803871.33214,
    "end_epoch": 1760803912.263479,
    "elapsed_seconds": 40.931339,
    "model": "gpt-4-0125-preview",
    "input_cost_per_token": 1e-05,
    "output_cost_per_token": 3e-05,
    "total_input_tokens": 7019,
    "total_output_tokens": 1666,
    "total_tokens": 8685,
    "total_cost": 0.12017
}