{
    "commit": "638de57e8d15e36338f528e4d00016e91ce0993a",
    "start_epoch": 1760742106.548955,
    "end_epoch": 1760742199.716239,
    "elapsed_seconds": 93.167284,
    "model": "gpt-4-0125-preview",
    "input_cost_per_token": 1e-05,
    "output_cost_per_token": 3e-05,
    "total_input_tokens": 17741,
    "total_output_tokens": 3694,
    "total_tokens": 21435,
    "total_cost": 0.28823
}