{
    "commit": "dbde3a980ce5c3df3a23bc053e1d241fe28af051",
    "start_epoch": 1760721658.012122,
    "end_epoch": 1760721724.854836,
    "elapsed_seconds": 66.842714,
    "model": "gpt-4-0125-preview",
    "input_cost_per_token": 1e-05,
    "output_cost_per_token": 3e-05,
    "total_input_tokens": 15307,
    "total_output_tokens": 2422,
    "total_tokens": 17729,
    "total_cost": 0.22573000000000001
}