{
    "commit": "a2a49bc06bc006b4195c4d86c47f00b8cc485de1",
    "start_epoch": 1760587209.5842,
    "end_epoch": 1760587255.176253,
    "elapsed_seconds": 45.592053,
    "model": "gpt-4-0125-preview",
    "input_cost_per_token": 1e-05,
    "output_cost_per_token": 3e-05,
    "total_input_tokens": 4120,
    "total_output_tokens": 1305,
    "total_tokens": 5425,
    "total_cost": 0.08035
}