{
    "commit": "e50ca077a7a84d792a6a720db5591c4e8955b35c",
    "start_epoch": 1760496601.205244,
    "end_epoch": 1760496693.050939,
    "elapsed_seconds": 91.845695,
    "model": "gpt-4-0125-preview",
    "input_cost_per_token": 1e-05,
    "output_cost_per_token": 3e-05,
    "total_input_tokens": 12535,
    "total_output_tokens": 3272,
    "total_tokens": 15807,
    "total_cost": 0.22351000000000001
}