{
    "commit": "64722865d4019e2ee58ac5b91342b7efd3c3ebcd",
    "start_epoch": 1760741026.280793,
    "end_epoch": 1760741118.906437,
    "elapsed_seconds": 92.625644,
    "model": "gpt-4-0125-preview",
    "input_cost_per_token": 1e-05,
    "output_cost_per_token": 3e-05,
    "total_input_tokens": 9049,
    "total_output_tokens": 3586,
    "total_tokens": 12635,
    "total_cost": 0.19807000000000002
}