{
    "commit": "a7406df0eab9a560f6d7f838c4b8fdb7a6c6166f",
    "start_epoch": 1760553724.171477,
    "end_epoch": 1760553801.718341,
    "elapsed_seconds": 77.546864,
    "model": "gpt-4-0125-preview",
    "input_cost_per_token": 1e-05,
    "output_cost_per_token": 3e-05,
    "total_input_tokens": 12613,
    "total_output_tokens": 2816,
    "total_tokens": 15429,
    "total_cost": 0.21061000000000002
}