{
    "commit": "482c2400e481e885b00c1cf31340ec6a7b001d13",
    "start_epoch": 1760498725.627168,
    "end_epoch": 1760498780.221719,
    "elapsed_seconds": 54.594551,
    "model": "gpt-4-0125-preview",
    "input_cost_per_token": 1e-05,
    "output_cost_per_token": 3e-05,
    "total_input_tokens": 13602,
    "total_output_tokens": 2103,
    "total_tokens": 15705,
    "total_cost": 0.19910999999999998
}