{
    "commit": "84d44c477258552b5229ab8f9110517683680c11",
    "start_epoch": 1760775300.705536,
    "end_epoch": 1760775344.235691,
    "elapsed_seconds": 43.530155,
    "model": "gpt-4-0125-preview",
    "input_cost_per_token": 1e-05,
    "output_cost_per_token": 3e-05,
    "total_input_tokens": 5540,
    "total_output_tokens": 1342,
    "total_tokens": 6882,
    "total_cost": 0.09566
}