{
    "commit": "7a3129082c447a5ced5f60dccf421379860b1d83",
    "start_epoch": 1760705128.431206,
    "end_epoch": 1760705185.534602,
    "elapsed_seconds": 57.103396,
    "model": "gpt-4-0125-preview",
    "input_cost_per_token": 1e-05,
    "output_cost_per_token": 3e-05,
    "total_input_tokens": 9360,
    "total_output_tokens": 2148,
    "total_tokens": 11508,
    "total_cost": 0.15804
}