{
    "commit": "1de1c36ddd8e5b315977975a2017cc151ee463d5",
    "start_epoch": 1760781067.767751,
    "end_epoch": 1760781138.044945,
    "elapsed_seconds": 70.277194,
    "model": "gpt-4-0125-preview",
    "input_cost_per_token": 1e-05,
    "output_cost_per_token": 3e-05,
    "total_input_tokens": 10886,
    "total_output_tokens": 2414,
    "total_tokens": 13300,
    "total_cost": 0.18128
}