{
    "commit": "9a65dbc6d0692e26cb33ef770753e10b6a603017",
    "start_epoch": 1760742997.276384,
    "end_epoch": 1760743048.434893,
    "elapsed_seconds": 51.158509,
    "model": "gpt-4-0125-preview",
    "input_cost_per_token": 1e-05,
    "output_cost_per_token": 3e-05,
    "total_input_tokens": 7931,
    "total_output_tokens": 1894,
    "total_tokens": 9825,
    "total_cost": 0.13613
}