{
    "commit": "5a99b7684bbb6d79ad0e852f2a1aea4dcac4f8cb",
    "start_epoch": 1760547544.572409,
    "end_epoch": 1760547602.380091,
    "elapsed_seconds": 57.807682,
    "model": "gpt-4-0125-preview",
    "input_cost_per_token": 1e-05,
    "output_cost_per_token": 3e-05,
    "total_input_tokens": 10111,
    "total_output_tokens": 1997,
    "total_tokens": 12108,
    "total_cost": 0.16102
}