{
    "commit": "28ae068fe9a0a47a4c7eadb595a16d07fd5d4e3d",
    "start_epoch": 1760808313.118228,
    "end_epoch": 1760808406.265693,
    "elapsed_seconds": 93.147465,
    "model": "gpt-4-0125-preview",
    "input_cost_per_token": 1e-05,
    "output_cost_per_token": 3e-05,
    "total_input_tokens": 16305,
    "total_output_tokens": 3664,
    "total_tokens": 19969,
    "total_cost": 0.27297
}