{
    "commit": "9436d5083a988e347468a4066dda6fc2460c1836",
    "start_epoch": 1760960518.478361,
    "end_epoch": 1760960607.225096,
    "elapsed_seconds": 88.746735,
    "model": "gpt-4-0125-preview",
    "input_cost_per_token": 1e-05,
    "output_cost_per_token": 3e-05,
    "total_input_tokens": 10635,
    "total_output_tokens": 3409,
    "total_tokens": 14044,
    "total_cost": 0.20862
}