{
    "commit": "1ef23d202521d262059c4a8ea87eb575220d23ce",
    "start_epoch": 1760565658.635589,
    "end_epoch": 1760565750.193514,
    "elapsed_seconds": 91.557925,
    "model": "gpt-4-0125-preview",
    "input_cost_per_token": 1e-05,
    "output_cost_per_token": 3e-05,
    "total_input_tokens": 45847,
    "total_output_tokens": 3046,
    "total_tokens": 48893,
    "total_cost": 0.5498500000000001
}