{
    "commit": "47a2d71a507eb5c7fa07f453706d496944affff9",
    "start_epoch": 1760718698.986089,
    "end_epoch": 1760718902.195148,
    "elapsed_seconds": 203.209059,
    "model": "gpt-4-0125-preview",
    "input_cost_per_token": 1e-05,
    "output_cost_per_token": 3e-05,
    "total_input_tokens": 57224,
    "total_output_tokens": 6982,
    "total_tokens": 64206,
    "total_cost": 0.7817
}