{
    "commit": "445db6d940edf40937a55dd7454a005270584ce1",
    "start_epoch": 1760568632.08708,
    "end_epoch": 1760568719.316284,
    "elapsed_seconds": 87.229204,
    "model": "gpt-4-0125-preview",
    "input_cost_per_token": 1e-05,
    "output_cost_per_token": 3e-05,
    "total_input_tokens": 13036,
    "total_output_tokens": 3645,
    "total_tokens": 16681,
    "total_cost": 0.23970999999999998
}