{
    "commit": "694a43d23ac7f3972c3f4cf974a5f69c23284409",
    "start_epoch": 1760732515.145026,
    "end_epoch": 1760732636.8758,
    "elapsed_seconds": 121.730774,
    "model": "gpt-4-0125-preview",
    "input_cost_per_token": 1e-05,
    "output_cost_per_token": 3e-05,
    "total_input_tokens": 31791,
    "total_output_tokens": 4127,
    "total_tokens": 35918,
    "total_cost": 0.44172
}