{
    "commit": "0e510701ebb421c85a07d2fa15daf43da9f68347",
    "start_epoch": 1760764449.521669,
    "end_epoch": 1760764537.202031,
    "elapsed_seconds": 87.680362,
    "model": "gpt-4-0125-preview",
    "input_cost_per_token": 1e-05,
    "output_cost_per_token": 3e-05,
    "total_input_tokens": 14201,
    "total_output_tokens": 3296,
    "total_tokens": 17497,
    "total_cost": 0.24089000000000002
}