{
    "commit": "06a267566ce34674dc3b76719ea60320cee3c3df",
    "start_epoch": 1760785455.228667,
    "end_epoch": 1760785499.610281,
    "elapsed_seconds": 44.381614,
    "model": "gpt-4-0125-preview",
    "input_cost_per_token": 1e-05,
    "output_cost_per_token": 3e-05,
    "total_input_tokens": 5252,
    "total_output_tokens": 1454,
    "total_tokens": 6706,
    "total_cost": 0.09614
}