{
    "commit": "b526bc4ee915465a02374885cd2abdeb632c9bd8",
    "start_epoch": 1760569757.566014,
    "end_epoch": 1760569805.836586,
    "elapsed_seconds": 48.270572,
    "model": "gpt-4-0125-preview",
    "input_cost_per_token": 1e-05,
    "output_cost_per_token": 3e-05,
    "total_input_tokens": 7710,
    "total_output_tokens": 1949,
    "total_tokens": 9659,
    "total_cost": 0.13557000000000002
}