{
    "commit": "209ce5fa5932f8fdf5b3c98778523680f467f22a",
    "start_epoch": 1760797581.779576,
    "end_epoch": 1760797659.138666,
    "elapsed_seconds": 77.35909,
    "model": "gpt-4-0125-preview",
    "input_cost_per_token": 1e-05,
    "output_cost_per_token": 3e-05,
    "total_input_tokens": 20475,
    "total_output_tokens": 2923,
    "total_tokens": 23398,
    "total_cost": 0.29244000000000003
}