{
    "commit": "9627fd2b38cca51c251bf94239173137e60298ed",
    "start_epoch": 1760547229.736488,
    "end_epoch": 1760547276.081758,
    "elapsed_seconds": 46.34527,
    "model": "gpt-4-0125-preview",
    "input_cost_per_token": 1e-05,
    "output_cost_per_token": 3e-05,
    "total_input_tokens": 9237,
    "total_output_tokens": 1733,
    "total_tokens": 10970,
    "total_cost": 0.14436000000000002
}