{
    "commit": "a149d43f81d86401248b0859d03b9ea817c39dde",
    "start_epoch": 1760567379.838465,
    "end_epoch": 1760567415.436729,
    "elapsed_seconds": 35.598264,
    "model": "gpt-4-0125-preview",
    "input_cost_per_token": 1e-05,
    "output_cost_per_token": 3e-05,
    "total_input_tokens": 5870,
    "total_output_tokens": 1068,
    "total_tokens": 6938,
    "total_cost": 0.09074000000000002
}