{
    "commit": "03215a8d846c92264ac677c4464b7a54db3a6acf",
    "start_epoch": 1760772995.423653,
    "end_epoch": 1760773072.551397,
    "elapsed_seconds": 77.127744,
    "model": "gpt-4-0125-preview",
    "input_cost_per_token": 1e-05,
    "output_cost_per_token": 3e-05,
    "total_input_tokens": 14737,
    "total_output_tokens": 2972,
    "total_tokens": 17709,
    "total_cost": 0.23653
}