{
    "commit": "c4b80b1e07115288cd26c3cc104db8f2c6f5b78d",
    "start_epoch": 1760722003.734712,
    "end_epoch": 1760722110.07447,
    "elapsed_seconds": 106.339758,
    "model": "gpt-4-0125-preview",
    "input_cost_per_token": 1e-05,
    "output_cost_per_token": 3e-05,
    "total_input_tokens": 20137,
    "total_output_tokens": 3722,
    "total_tokens": 23859,
    "total_cost": 0.31303
}