{
    "commit": "e438b399f3868c79a8d90495029d748853e5f11d",
    "start_epoch": 1760535860.379539,
    "end_epoch": 1760535968.521039,
    "elapsed_seconds": 108.1415,
    "model": "gpt-4-0125-preview",
    "input_cost_per_token": 1e-05,
    "output_cost_per_token": 3e-05,
    "total_input_tokens": 12881,
    "total_output_tokens": 3525,
    "total_tokens": 16406,
    "total_cost": 0.23456000000000002
}