{
    "commit": "104b8a852fdb431a3880e972c44167c8ce1f12d1",
    "start_epoch": 1760745243.8477,
    "end_epoch": 1760745289.976627,
    "elapsed_seconds": 46.128927,
    "model": "gpt-4-0125-preview",
    "input_cost_per_token": 1e-05,
    "output_cost_per_token": 3e-05,
    "total_input_tokens": 6210,
    "total_output_tokens": 1776,
    "total_tokens": 7986,
    "total_cost": 0.11538000000000001
}