{
    "commit": "a52f689cf0a86addfd3b300707beb46ac456e056",
    "start_epoch": 1760775677.612811,
    "end_epoch": 1760775748.009778,
    "elapsed_seconds": 70.396967,
    "model": "gpt-4-0125-preview",
    "input_cost_per_token": 1e-05,
    "output_cost_per_token": 3e-05,
    "total_input_tokens": 13395,
    "total_output_tokens": 2418,
    "total_tokens": 15813,
    "total_cost": 0.20649
}