{
    "commit": "eceb02cdb230eb23b09103f8d3ec66f69f9de93a",
    "start_epoch": 1760553508.174528,
    "end_epoch": 1760553544.970295,
    "elapsed_seconds": 36.795767,
    "model": "gpt-4-0125-preview",
    "input_cost_per_token": 1e-05,
    "output_cost_per_token": 3e-05,
    "total_input_tokens": 5062,
    "total_output_tokens": 1390,
    "total_tokens": 6452,
    "total_cost": 0.09232
}