{
    "commit": "f82b48046ddc7c34cac573ced197d45eea216fe5",
    "start_epoch": 1760693653.307311,
    "end_epoch": 1760693707.508438,
    "elapsed_seconds": 54.201127,
    "model": "gpt-4-0125-preview",
    "input_cost_per_token": 1e-05,
    "output_cost_per_token": 3e-05,
    "total_input_tokens": 16310,
    "total_output_tokens": 1823,
    "total_tokens": 18133,
    "total_cost": 0.21779000000000004
}