{
    "commit": "9bd43b9e9a7754aa91fc2588de274c9b93381faf",
    "start_epoch": 1760517571.934142,
    "end_epoch": 1760517662.944586,
    "elapsed_seconds": 91.010444,
    "model": "gpt-4-0125-preview",
    "input_cost_per_token": 1e-05,
    "output_cost_per_token": 3e-05,
    "total_input_tokens": 10122,
    "total_output_tokens": 2814,
    "total_tokens": 12936,
    "total_cost": 0.18564000000000003
}