{
    "commit": "7ef89a86dcc2b58373f3ff5cf8866ff87182b583",
    "start_epoch": 1760787424.257986,
    "end_epoch": 1760787473.491534,
    "elapsed_seconds": 49.233548,
    "model": "gpt-4-0125-preview",
    "input_cost_per_token": 1e-05,
    "output_cost_per_token": 3e-05,
    "total_input_tokens": 6502,
    "total_output_tokens": 1895,
    "total_tokens": 8397,
    "total_cost": 0.12187
}