{
    "commit": "15c3923f9f073dc4c245cdf87596f741c46f2ecf",
    "start_epoch": 1760693707.664899,
    "end_epoch": 1760693757.934869,
    "elapsed_seconds": 50.26997,
    "model": "gpt-4-0125-preview",
    "input_cost_per_token": 1e-05,
    "output_cost_per_token": 3e-05,
    "total_input_tokens": 16039,
    "total_output_tokens": 1795,
    "total_tokens": 17834,
    "total_cost": 0.21424000000000004
}