{
    "commit": "5ab4950ccf7755e8605f6833dd016a4e376fbec1",
    "start_epoch": 1760553293.517164,
    "end_epoch": 1760553394.362068,
    "elapsed_seconds": 100.844904,
    "model": "gpt-4-0125-preview",
    "input_cost_per_token": 1e-05,
    "output_cost_per_token": 3e-05,
    "total_input_tokens": 11446,
    "total_output_tokens": 3608,
    "total_tokens": 15054,
    "total_cost": 0.2227
}