{
    "commit": "40e59554342548fc07e4083acbf872b4ae413b22",
    "start_epoch": 1760531454.314438,
    "end_epoch": 1760531549.892545,
    "elapsed_seconds": 95.578107,
    "model": "gpt-4-0125-preview",
    "input_cost_per_token": 1e-05,
    "output_cost_per_token": 3e-05,
    "total_input_tokens": 23164,
    "total_output_tokens": 3419,
    "total_tokens": 26583,
    "total_cost": 0.33421
}