{
    "commit": "25f64859f10e985813eb357f9251e87e06416ced",
    "start_epoch": 1760723682.998635,
    "end_epoch": 1760723768.19375,
    "elapsed_seconds": 85.195115,
    "model": "gpt-4-0125-preview",
    "input_cost_per_token": 1e-05,
    "output_cost_per_token": 3e-05,
    "total_input_tokens": 20527,
    "total_output_tokens": 3163,
    "total_tokens": 23690,
    "total_cost": 0.30016000000000004
}