{
    "commit": "ff2b8f1a4ec0bb01ca7f2a3952129b13baf3e978",
    "start_epoch": 1760517089.951728,
    "end_epoch": 1760517211.589747,
    "elapsed_seconds": 121.638019,
    "model": "gpt-4-0125-preview",
    "input_cost_per_token": 1e-05,
    "output_cost_per_token": 3e-05,
    "total_input_tokens": 9904,
    "total_output_tokens": 3076,
    "total_tokens": 12980,
    "total_cost": 0.19132000000000002
}