{
    "commit": "18b9fab0e4e3d94cacbe385eaa4eaa9bd33bbc56",
    "start_epoch": 1760735193.019574,
    "end_epoch": 1760735273.349603,
    "elapsed_seconds": 80.330029,
    "model": "gpt-4-0125-preview",
    "input_cost_per_token": 1e-05,
    "output_cost_per_token": 3e-05,
    "total_input_tokens": 8356,
    "total_output_tokens": 2418,
    "total_tokens": 10774,
    "total_cost": 0.15610000000000002
}