{
    "commit": "72742cf1dfec49722e4e877861966ffefa418ac2",
    "start_epoch": 1760583837.703445,
    "end_epoch": 1760583899.576116,
    "elapsed_seconds": 61.872671,
    "model": "gpt-4-0125-preview",
    "input_cost_per_token": 1e-05,
    "output_cost_per_token": 3e-05,
    "total_input_tokens": 7659,
    "total_output_tokens": 1956,
    "total_tokens": 9615,
    "total_cost": 0.13527
}