{
    "commit": "bf0bdb50d8f0bfc89590dc9ed64e733696eb348d",
    "start_epoch": 1760711932.719961,
    "end_epoch": 1760712008.686796,
    "elapsed_seconds": 75.966835,
    "model": "gpt-4-0125-preview",
    "input_cost_per_token": 1e-05,
    "output_cost_per_token": 3e-05,
    "total_input_tokens": 10064,
    "total_output_tokens": 2037,
    "total_tokens": 12101,
    "total_cost": 0.16175
}