{
    "commit": "94b90f51d79b87d8dc8fcbb546c29b16f554df6d",
    "start_epoch": 1760570993.410738,
    "end_epoch": 1760571070.110869,
    "elapsed_seconds": 76.700131,
    "model": "gpt-4-0125-preview",
    "input_cost_per_token": 1e-05,
    "output_cost_per_token": 3e-05,
    "total_input_tokens": 13117,
    "total_output_tokens": 3064,
    "total_tokens": 16181,
    "total_cost": 0.22309
}