{
    "commit": "b0bb675ad42aa7decf863d00a6f4e3b6192d4414",
    "start_epoch": 1760695356.980775,
    "end_epoch": 1760695487.256747,
    "elapsed_seconds": 130.275972,
    "model": "gpt-4-0125-preview",
    "input_cost_per_token": 1e-05,
    "output_cost_per_token": 3e-05,
    "total_input_tokens": 21742,
    "total_output_tokens": 4816,
    "total_tokens": 26558,
    "total_cost": 0.36190000000000005
}