{
    "commit": "86d5e6391565bcd03953f3d777096e3ba7368d30",
    "start_epoch": 1760704532.020115,
    "end_epoch": 1760704588.999099,
    "elapsed_seconds": 56.978984,
    "model": "gpt-4-0125-preview",
    "input_cost_per_token": 1e-05,
    "output_cost_per_token": 3e-05,
    "total_input_tokens": 9789,
    "total_output_tokens": 2080,
    "total_tokens": 11869,
    "total_cost": 0.16029000000000002
}