{
    "commit": "9fc1d6e2fa5210d7d9b0970dac1205ac43551dd0",
    "start_epoch": 1760570478.824583,
    "end_epoch": 1760570584.078721,
    "elapsed_seconds": 105.254138,
    "model": "gpt-4-0125-preview",
    "input_cost_per_token": 1e-05,
    "output_cost_per_token": 3e-05,
    "total_input_tokens": 25231,
    "total_output_tokens": 4093,
    "total_tokens": 29324,
    "total_cost": 0.3751
}