{
    "commit": "56b750af936526a6dd31175ec07065b8d268f98f",
    "start_epoch": 1760734651.18487,
    "end_epoch": 1760734730.515516,
    "elapsed_seconds": 79.330646,
    "model": "gpt-4-0125-preview",
    "input_cost_per_token": 1e-05,
    "output_cost_per_token": 3e-05,
    "total_input_tokens": 13775,
    "total_output_tokens": 2817,
    "total_tokens": 16592,
    "total_cost": 0.22226
}