{
    "commit": "2910fe2b03ddb616d4ed5926447f45eeda91a48a",
    "start_epoch": 1760743455.25655,
    "end_epoch": 1760743543.039352,
    "elapsed_seconds": 87.782802,
    "model": "gpt-4-0125-preview",
    "input_cost_per_token": 1e-05,
    "output_cost_per_token": 3e-05,
    "total_input_tokens": 51981,
    "total_output_tokens": 3161,
    "total_tokens": 55142,
    "total_cost": 0.6146400000000001
}