{
    "commit": "b223098be42bac2cf240ff2963c50395fb4aff7a",
    "start_epoch": 1760504783.821892,
    "end_epoch": 1760504897.615405,
    "elapsed_seconds": 113.793513,
    "model": "gpt-4-0125-preview",
    "input_cost_per_token": 1e-05,
    "output_cost_per_token": 3e-05,
    "total_input_tokens": 13169,
    "total_output_tokens": 4132,
    "total_tokens": 17301,
    "total_cost": 0.25565000000000004
}