{
    "commit": "af31740bd61510822bf8108546919c484c39478d",
    "start_epoch": 1760527132.807032,
    "end_epoch": 1760527180.415711,
    "elapsed_seconds": 47.608679,
    "model": "gpt-4-0125-preview",
    "input_cost_per_token": 1e-05,
    "output_cost_per_token": 3e-05,
    "total_input_tokens": 11057,
    "total_output_tokens": 1414,
    "total_tokens": 12471,
    "total_cost": 0.15299000000000001
}