{
    "commit": "4799808d299e58ba839a90c5ff9d7bb410ddc230",
    "start_epoch": 1760511290.102267,
    "end_epoch": 1760511362.166898,
    "elapsed_seconds": 72.064631,
    "model": "gpt-4-0125-preview",
    "input_cost_per_token": 1e-05,
    "output_cost_per_token": 3e-05,
    "total_input_tokens": 8204,
    "total_output_tokens": 2754,
    "total_tokens": 10958,
    "total_cost": 0.16466
}