{
    "commit": "7bfc2d881024c3bc4ef7d86c81f0dd2703156eb6",
    "start_epoch": 1760558247.742024,
    "end_epoch": 1760558337.805612,
    "elapsed_seconds": 90.063588,
    "model": "gpt-4-0125-preview",
    "input_cost_per_token": 1e-05,
    "output_cost_per_token": 3e-05,
    "total_input_tokens": 13514,
    "total_output_tokens": 3026,
    "total_tokens": 16540,
    "total_cost": 0.22591999999999998
}