{
    "commit": "cbabf6ab2bdb6859aaf52a63f331419c867dd406",
    "start_epoch": 1760703742.066887,
    "end_epoch": 1760703840.08983,
    "elapsed_seconds": 98.022943,
    "model": "gpt-4-0125-preview",
    "input_cost_per_token": 1e-05,
    "output_cost_per_token": 3e-05,
    "total_input_tokens": 13223,
    "total_output_tokens": 2926,
    "total_tokens": 16149,
    "total_cost": 0.22001
}