{
    "commit": "9862c2b7b343c5dbf5d2f113166582e3c5fc306e",
    "start_epoch": 1760702254.14484,
    "end_epoch": 1760702296.265236,
    "elapsed_seconds": 42.120396,
    "model": "gpt-4-0125-preview",
    "input_cost_per_token": 1e-05,
    "output_cost_per_token": 3e-05,
    "total_input_tokens": 7480,
    "total_output_tokens": 1643,
    "total_tokens": 9123,
    "total_cost": 0.12409
}