{
    "commit": "ffcc39625d43aef10e730c93ab335b461630dcae",
    "start_epoch": 1760810369.863559,
    "end_epoch": 1760810715.864405,
    "elapsed_seconds": 346.000846,
    "model": "gpt-4-0125-preview",
    "input_cost_per_token": 1e-05,
    "output_cost_per_token": 3e-05,
    "total_input_tokens": 116829,
    "total_output_tokens": 9014,
    "total_tokens": 125843,
    "total_cost": 1.4387100000000004
}