{
    "commit": "42e78c424bf2f1e77b5481804b4f30347063977c",
    "start_epoch": 1760513390.391156,
    "end_epoch": 1760513473.012304,
    "elapsed_seconds": 82.621148,
    "model": "gpt-4-0125-preview",
    "input_cost_per_token": 1e-05,
    "output_cost_per_token": 3e-05,
    "total_input_tokens": 25623,
    "total_output_tokens": 2542,
    "total_tokens": 28165,
    "total_cost": 0.33249
}