{
    "commit": "67e60047ee7e48c2dc9c403d07af2f1035fc8006",
    "start_epoch": 1760744726.274966,
    "end_epoch": 1760744827.116394,
    "elapsed_seconds": 100.841428,
    "model": "gpt-4-0125-preview",
    "input_cost_per_token": 1e-05,
    "output_cost_per_token": 3e-05,
    "total_input_tokens": 11716,
    "total_output_tokens": 4199,
    "total_tokens": 15915,
    "total_cost": 0.24313
}