{
    "commit": "fa78eaae9fc24602bbd98ef26c957196cd0087da",
    "start_epoch": 1760724222.20391,
    "end_epoch": 1760724323.503949,
    "elapsed_seconds": 101.300039,
    "model": "gpt-4-0125-preview",
    "input_cost_per_token": 1e-05,
    "output_cost_per_token": 3e-05,
    "total_input_tokens": 14738,
    "total_output_tokens": 3849,
    "total_tokens": 18587,
    "total_cost": 0.26285000000000003
}