{
    "commit": "1e550850aaa7e92295479e788394ec9766d0f56c",
    "start_epoch": 1760760206.214889,
    "end_epoch": 1760760274.579763,
    "elapsed_seconds": 68.364874,
    "model": "gpt-4-0125-preview",
    "input_cost_per_token": 1e-05,
    "output_cost_per_token": 3e-05,
    "total_input_tokens": 15929,
    "total_output_tokens": 2332,
    "total_tokens": 18261,
    "total_cost": 0.22925
}