{
    "commit": "e1bc9f37c0536f9548f52e59f840dd016081bc87",
    "start_epoch": 1760747274.006291,
    "end_epoch": 1760747313.41506,
    "elapsed_seconds": 39.408769,
    "model": "gpt-4-0125-preview",
    "input_cost_per_token": 1e-05,
    "output_cost_per_token": 3e-05,
    "total_input_tokens": 4988,
    "total_output_tokens": 1346,
    "total_tokens": 6334,
    "total_cost": 0.09026
}