{
    "commit": "932b185c5f8425f16f8c67b52846379d09f351f0",
    "start_epoch": 1760819223.459375,
    "end_epoch": 1760819266.649792,
    "elapsed_seconds": 43.190417,
    "model": "gpt-4-0125-preview",
    "input_cost_per_token": 1e-05,
    "output_cost_per_token": 3e-05,
    "total_input_tokens": 5538,
    "total_output_tokens": 1344,
    "total_tokens": 6882,
    "total_cost": 0.09570000000000001
}