{
    "commit": "ed5dcdc3e60f4c81a78f92dfb85ea5cf0540838b",
    "start_epoch": 1760783795.5418,
    "end_epoch": 1760783828.975021,
    "elapsed_seconds": 33.433221,
    "model": "gpt-4-0125-preview",
    "input_cost_per_token": 1e-05,
    "output_cost_per_token": 3e-05,
    "total_input_tokens": 7573,
    "total_output_tokens": 1109,
    "total_tokens": 8682,
    "total_cost": 0.109
}