{
    "commit": "6577f5388d69e723830da6d9817f7b11c5ca94e0",
    "start_epoch": 1760793770.18903,
    "end_epoch": 1760793865.748411,
    "elapsed_seconds": 95.559381,
    "model": "gpt-4-0125-preview",
    "input_cost_per_token": 1e-05,
    "output_cost_per_token": 3e-05,
    "total_input_tokens": 12614,
    "total_output_tokens": 3556,
    "total_tokens": 16170,
    "total_cost": 0.23281999999999997
}