{
    "commit": "42228b78ae806d0d611c839707ac2e4aaaee1ab7",
    "start_epoch": 1760525845.97003,
    "end_epoch": 1760525945.163738,
    "elapsed_seconds": 99.193708,
    "model": "gpt-4-0125-preview",
    "input_cost_per_token": 1e-05,
    "output_cost_per_token": 3e-05,
    "total_input_tokens": 20229,
    "total_output_tokens": 3542,
    "total_tokens": 23771,
    "total_cost": 0.30855
}