{
    "commit": "2f19c86ab856e7b8d7dd8302e25d12ccd390d35c",
    "start_epoch": 1760716659.250436,
    "end_epoch": 1760716750.035298,
    "elapsed_seconds": 90.784862,
    "model": "gpt-4-0125-preview",
    "input_cost_per_token": 1e-05,
    "output_cost_per_token": 3e-05,
    "total_input_tokens": 17640,
    "total_output_tokens": 3165,
    "total_tokens": 20805,
    "total_cost": 0.27135000000000004
}