{
    "commit": "da5ff35ef22e0c7c63cfa402934a58358842eaef",
    "start_epoch": 1760576013.627084,
    "end_epoch": 1760576180.932781,
    "elapsed_seconds": 167.305697,
    "model": "gpt-4-0125-preview",
    "input_cost_per_token": 1e-05,
    "output_cost_per_token": 3e-05,
    "total_input_tokens": 85319,
    "total_output_tokens": 5400,
    "total_tokens": 90719,
    "total_cost": 1.01519
}