{
    "commit": "3f5cd7b705f0e7e8f70c475987629db4c481c843",
    "start_epoch": 1760795398.996149,
    "end_epoch": 1760795482.446696,
    "elapsed_seconds": 83.450547,
    "model": "gpt-4-0125-preview",
    "input_cost_per_token": 1e-05,
    "output_cost_per_token": 3e-05,
    "total_input_tokens": 20119,
    "total_output_tokens": 3042,
    "total_tokens": 23161,
    "total_cost": 0.29245000000000004
}