{
    "commit": "36e1f4d3b65df4b5d0a865b327b4eee540359c18",
    "start_epoch": 1760766560.904054,
    "end_epoch": 1760766681.687551,
    "elapsed_seconds": 120.783497,
    "model": "gpt-4-0125-preview",
    "input_cost_per_token": 1e-05,
    "output_cost_per_token": 3e-05,
    "total_input_tokens": 40614,
    "total_output_tokens": 4833,
    "total_tokens": 45447,
    "total_cost": 0.55113
}