{
    "commit": "c89ecc9381baabab1433c4e122eaa96a78a160b8",
    "start_epoch": 1760542169.041868,
    "end_epoch": 1760542268.819703,
    "elapsed_seconds": 99.777835,
    "model": "gpt-4-0125-preview",
    "input_cost_per_token": 1e-05,
    "output_cost_per_token": 3e-05,
    "total_input_tokens": 10789,
    "total_output_tokens": 3273,
    "total_tokens": 14062,
    "total_cost": 0.20608000000000004
}