{
    "commit": "3ee09d43bb7ce7c0e2642d0309aaf19fa2c9fff2",
    "start_epoch": 1760740324.050257,
    "end_epoch": 1760740605.400282,
    "elapsed_seconds": 281.350025,
    "model": "gpt-4-0125-preview",
    "input_cost_per_token": 1e-05,
    "output_cost_per_token": 3e-05,
    "total_input_tokens": 119671,
    "total_output_tokens": 7528,
    "total_tokens": 127199,
    "total_cost": 1.4225500000000002
}