{
    "commit": "d2566f9147db03d65671cad590d9cf984e89803b",
    "start_epoch": 1760566162.219286,
    "end_epoch": 1760566242.806761,
    "elapsed_seconds": 80.587475,
    "model": "gpt-4-0125-preview",
    "input_cost_per_token": 1e-05,
    "output_cost_per_token": 3e-05,
    "total_input_tokens": 11805,
    "total_output_tokens": 2899,
    "total_tokens": 14704,
    "total_cost": 0.20502
}