{
    "commit": "23d13966869369b35838d47bd4a5dd50a90ea66e",
    "start_epoch": 1760772183.163891,
    "end_epoch": 1760772327.437077,
    "elapsed_seconds": 144.273186,
    "model": "gpt-4-0125-preview",
    "input_cost_per_token": 1e-05,
    "output_cost_per_token": 3e-05,
    "total_input_tokens": 35122,
    "total_output_tokens": 5071,
    "total_tokens": 40193,
    "total_cost": 0.5033500000000001
}