{
    "commit": "5a9a8ce23ce41b0405d187bb132182de6ebdbb16",
    "start_epoch": 1760733925.418661,
    "end_epoch": 1760734187.013085,
    "elapsed_seconds": 261.594424,
    "model": "gpt-4-0125-preview",
    "input_cost_per_token": 1e-05,
    "output_cost_per_token": 3e-05,
    "total_input_tokens": 75560,
    "total_output_tokens": 4704,
    "total_tokens": 80264,
    "total_cost": 0.8967200000000001
}