{
    "commit": "5c3cad7e61b35ae983024f7795ed778c3b77a16f",
    "start_epoch": 1760511246.118967,
    "end_epoch": 1760511289.888242,
    "elapsed_seconds": 43.769275,
    "model": "gpt-4-0125-preview",
    "input_cost_per_token": 1e-05,
    "output_cost_per_token": 3e-05,
    "total_input_tokens": 7409,
    "total_output_tokens": 1508,
    "total_tokens": 8917,
    "total_cost": 0.11933
}