{
    "commit": "ec5fd8824325e5e4c8974d3ab28cb834e11a8feb",
    "start_epoch": 1760696432.346369,
    "end_epoch": 1760696478.175424,
    "elapsed_seconds": 45.829055,
    "model": "gpt-4-0125-preview",
    "input_cost_per_token": 1e-05,
    "output_cost_per_token": 3e-05,
    "total_input_tokens": 7270,
    "total_output_tokens": 1531,
    "total_tokens": 8801,
    "total_cost": 0.11863000000000001
}