{
    "commit": "d4ae885918c2a262dc7b4fa5e8fc7da15dadbefb",
    "start_epoch": 1760566822.312197,
    "end_epoch": 1760567000.871728,
    "elapsed_seconds": 178.559531,
    "model": "gpt-4-0125-preview",
    "input_cost_per_token": 1e-05,
    "output_cost_per_token": 3e-05,
    "total_input_tokens": 41460,
    "total_output_tokens": 6858,
    "total_tokens": 48318,
    "total_cost": 0.6203400000000001
}