{
    "commit": "2145319bbd764081639a54caf82c2c68d70678c7",
    "start_epoch": 1760803735.852847,
    "end_epoch": 1760803808.529829,
    "elapsed_seconds": 72.676982,
    "model": "gpt-4-0125-preview",
    "input_cost_per_token": 1e-05,
    "output_cost_per_token": 3e-05,
    "total_input_tokens": 7426,
    "total_output_tokens": 1840,
    "total_tokens": 9266,
    "total_cost": 0.12946000000000002
}