{
    "commit": "d71403b2856c9dd0912e90f68955e0dcb6bf63b3",
    "start_epoch": 1760535968.704937,
    "end_epoch": 1760536058.059196,
    "elapsed_seconds": 89.354259,
    "model": "gpt-4-0125-preview",
    "input_cost_per_token": 1e-05,
    "output_cost_per_token": 3e-05,
    "total_input_tokens": 10765,
    "total_output_tokens": 2230,
    "total_tokens": 12995,
    "total_cost": 0.17455
}