{
    "commit": "60fd9b7ab060751b5003638ac984e7ea68aa89e2",
    "start_epoch": 1760701127.039324,
    "end_epoch": 1760701184.002458,
    "elapsed_seconds": 56.963134,
    "model": "gpt-4-0125-preview",
    "input_cost_per_token": 1e-05,
    "output_cost_per_token": 3e-05,
    "total_input_tokens": 15338,
    "total_output_tokens": 2070,
    "total_tokens": 17408,
    "total_cost": 0.21548000000000003
}