{
    "commit": "5db1ba7cc090c2fd45729bda2410a13ae34d01f7",
    "start_epoch": 1760787375.79508,
    "end_epoch": 1760787424.076891,
    "elapsed_seconds": 48.281811,
    "model": "gpt-4-0125-preview",
    "input_cost_per_token": 1e-05,
    "output_cost_per_token": 3e-05,
    "total_input_tokens": 10942,
    "total_output_tokens": 1848,
    "total_tokens": 12790,
    "total_cost": 0.16486
}