{
    "commit": "b348e03d009f9ef2d1f417b80a9407a2f4570b38",
    "start_epoch": 1760581438.704727,
    "end_epoch": 1760581522.605851,
    "elapsed_seconds": 83.901124,
    "model": "gpt-4-0125-preview",
    "input_cost_per_token": 1e-05,
    "output_cost_per_token": 3e-05,
    "total_input_tokens": 6865,
    "total_output_tokens": 2150,
    "total_tokens": 9015,
    "total_cost": 0.13315
}