{
    "commit": "eba5a52546e0e765cc9851d1676eb6b7dcc9f1ce",
    "start_epoch": 1760821266.537907,
    "end_epoch": 1760821343.650493,
    "elapsed_seconds": 77.112586,
    "model": "gpt-4-0125-preview",
    "input_cost_per_token": 1e-05,
    "output_cost_per_token": 3e-05,
    "total_input_tokens": 10219,
    "total_output_tokens": 2529,
    "total_tokens": 12748,
    "total_cost": 0.17806
}