{
    "commit": "2c8c8dd335fc3610244eb24b3c8318665f333da5",
    "start_epoch": 1760505003.660695,
    "end_epoch": 1760505147.223347,
    "elapsed_seconds": 143.562652,
    "model": "gpt-4-0125-preview",
    "input_cost_per_token": 1e-05,
    "output_cost_per_token": 3e-05,
    "total_input_tokens": 20251,
    "total_output_tokens": 5153,
    "total_tokens": 25404,
    "total_cost": 0.3571
}