{
    "commit": "82187e9856ebec3716610785162681c93a3e242e",
    "start_epoch": 1760755898.174548,
    "end_epoch": 1760756107.578906,
    "elapsed_seconds": 209.404358,
    "model": "gpt-4-0125-preview",
    "input_cost_per_token": 1e-05,
    "output_cost_per_token": 3e-05,
    "total_input_tokens": 106775,
    "total_output_tokens": 7770,
    "total_tokens": 114545,
    "total_cost": 1.30085
}