{
    "commit": "851d172370d5fd5d741dd0ae87b1c6c01da0ef84",
    "start_epoch": 1760581679.911101,
    "end_epoch": 1760581736.045918,
    "elapsed_seconds": 56.134817,
    "model": "gpt-4-0125-preview",
    "input_cost_per_token": 1e-05,
    "output_cost_per_token": 3e-05,
    "total_input_tokens": 4909,
    "total_output_tokens": 1681,
    "total_tokens": 6590,
    "total_cost": 0.09952000000000001
}