{
    "commit": "388ab0c6e7c7d61d3e15fed46d7483b4cda6c081",
    "start_epoch": 1760699900.087801,
    "end_epoch": 1760699942.740334,
    "elapsed_seconds": 42.652533,
    "model": "gpt-4-0125-preview",
    "input_cost_per_token": 1e-05,
    "output_cost_per_token": 3e-05,
    "total_input_tokens": 5417,
    "total_output_tokens": 1535,
    "total_tokens": 6952,
    "total_cost": 0.10022
}