{
    "commit": "e25bf21e03e51e346a80a82bfacb6650db0b353f",
    "start_epoch": 1760762824.632588,
    "end_epoch": 1760762904.613841,
    "elapsed_seconds": 79.981253,
    "model": "gpt-4-0125-preview",
    "input_cost_per_token": 1e-05,
    "output_cost_per_token": 3e-05,
    "total_input_tokens": 12015,
    "total_output_tokens": 3204,
    "total_tokens": 15219,
    "total_cost": 0.21627
}