{
    "commit": "4c75e886b6756b6b636480ef4ba16342858ad1ee",
    "start_epoch": 1760555258.789432,
    "end_epoch": 1760555308.540285,
    "elapsed_seconds": 49.750853,
    "model": "gpt-4-0125-preview",
    "input_cost_per_token": 1e-05,
    "output_cost_per_token": 3e-05,
    "total_input_tokens": 7592,
    "total_output_tokens": 1684,
    "total_tokens": 9276,
    "total_cost": 0.12644
}