{
    "commit": "0494a3c522ceaf559964e6aa72198b914b30f756",
    "start_epoch": 1760565071.652859,
    "end_epoch": 1760565167.84111,
    "elapsed_seconds": 96.188251,
    "model": "gpt-4-0125-preview",
    "input_cost_per_token": 1e-05,
    "output_cost_per_token": 3e-05,
    "total_input_tokens": 14884,
    "total_output_tokens": 3373,
    "total_tokens": 18257,
    "total_cost": 0.25003000000000003
}