{
    "commit": "106a69462d3a342b2b6ed4624fa56ccef2c0db7a",
    "start_epoch": 1760821634.226534,
    "end_epoch": 1760821697.198668,
    "elapsed_seconds": 62.972134,
    "model": "gpt-4-0125-preview",
    "input_cost_per_token": 1e-05,
    "output_cost_per_token": 3e-05,
    "total_input_tokens": 9110,
    "total_output_tokens": 1841,
    "total_tokens": 10951,
    "total_cost": 0.14633
}