{
    "commit": "f85b26ebbf2ab84354e144cb946cf0ad8d40c05f",
    "start_epoch": 1760579689.546171,
    "end_epoch": 1760579792.75517,
    "elapsed_seconds": 103.208999,
    "model": "gpt-4-0125-preview",
    "input_cost_per_token": 1e-05,
    "output_cost_per_token": 3e-05,
    "total_input_tokens": 25786,
    "total_output_tokens": 3485,
    "total_tokens": 29271,
    "total_cost": 0.36241
}