{
    "commit": "3ae20d42f96122a7113989adc2341beef5052ff5",
    "start_epoch": 1760795482.576642,
    "end_epoch": 1760795584.741525,
    "elapsed_seconds": 102.164883,
    "model": "gpt-4-0125-preview",
    "input_cost_per_token": 1e-05,
    "output_cost_per_token": 3e-05,
    "total_input_tokens": 13739,
    "total_output_tokens": 3935,
    "total_tokens": 17674,
    "total_cost": 0.25544
}