{
    "commit": "c456cb7c928b01ba5ddca87b0b38767ab6256130",
    "start_epoch": 1760712896.213574,
    "end_epoch": 1760712965.020977,
    "elapsed_seconds": 68.807403,
    "model": "gpt-4-0125-preview",
    "input_cost_per_token": 1e-05,
    "output_cost_per_token": 3e-05,
    "total_input_tokens": 9122,
    "total_output_tokens": 2051,
    "total_tokens": 11173,
    "total_cost": 0.15275
}