{
    "commit": "ea699a492fa23ca75e3e8a112ba033b58e763453",
    "start_epoch": 1760764212.586687,
    "end_epoch": 1760764268.9268,
    "elapsed_seconds": 56.340113,
    "model": "gpt-4-0125-preview",
    "input_cost_per_token": 1e-05,
    "output_cost_per_token": 3e-05,
    "total_input_tokens": 10442,
    "total_output_tokens": 2080,
    "total_tokens": 12522,
    "total_cost": 0.16682000000000002
}