{
    "commit": "21043dd2f9ff4a013a7fe463958ee26399bfaf30",
    "start_epoch": 1760806728.230601,
    "end_epoch": 1760806812.407805,
    "elapsed_seconds": 84.177204,
    "model": "gpt-4-0125-preview",
    "input_cost_per_token": 1e-05,
    "output_cost_per_token": 3e-05,
    "total_input_tokens": 20207,
    "total_output_tokens": 3391,
    "total_tokens": 23598,
    "total_cost": 0.3038
}