{
    "commit": "f353b4c05bf1ba9dbda3590d60a07844eca08631",
    "start_epoch": 1760714119.201105,
    "end_epoch": 1760714207.824397,
    "elapsed_seconds": 88.623292,
    "model": "gpt-4-0125-preview",
    "input_cost_per_token": 1e-05,
    "output_cost_per_token": 3e-05,
    "total_input_tokens": 18533,
    "total_output_tokens": 3615,
    "total_tokens": 22148,
    "total_cost": 0.29378000000000004
}