{
    "commit": "0a4ee33305ad93c76752f9a74e84588fa4112b0c",
    "start_epoch": 1760559092.326502,
    "end_epoch": 1760559143.454401,
    "elapsed_seconds": 51.127899,
    "model": "gpt-4-0125-preview",
    "input_cost_per_token": 1e-05,
    "output_cost_per_token": 3e-05,
    "total_input_tokens": 5740,
    "total_output_tokens": 1790,
    "total_tokens": 7530,
    "total_cost": 0.1111
}