{
    "commit": "196ebbd186c5792741a8ee3f01c4514bff251f05",
    "start_epoch": 1760568352.591096,
    "end_epoch": 1760568392.322513,
    "elapsed_seconds": 39.731417,
    "model": "gpt-4-0125-preview",
    "input_cost_per_token": 1e-05,
    "output_cost_per_token": 3e-05,
    "total_input_tokens": 5935,
    "total_output_tokens": 1472,
    "total_tokens": 7407,
    "total_cost": 0.10351
}