{
    "commit": "9b529e93acf3d9f600561ae11dc0dd6237be914f",
    "start_epoch": 1760556794.915852,
    "end_epoch": 1760556842.451124,
    "elapsed_seconds": 47.535272,
    "model": "gpt-4-0125-preview",
    "input_cost_per_token": 1e-05,
    "output_cost_per_token": 3e-05,
    "total_input_tokens": 9201,
    "total_output_tokens": 1599,
    "total_tokens": 10800,
    "total_cost": 0.13998
}