{
    "commit": "734fd111914958b551dc781f63dca184c651b5c5",
    "start_epoch": 1760554377.404103,
    "end_epoch": 1760554603.048017,
    "elapsed_seconds": 225.643914,
    "model": "gpt-4-0125-preview",
    "input_cost_per_token": 1e-05,
    "output_cost_per_token": 3e-05,
    "total_input_tokens": 10247,
    "total_output_tokens": 3799,
    "total_tokens": 14046,
    "total_cost": 0.21644000000000002
}