{
    "commit": "76f2aced914005d273e2eeac842f48d9d7dcf57c",
    "start_epoch": 1760766681.801826,
    "end_epoch": 1760766763.051914,
    "elapsed_seconds": 81.250088,
    "model": "gpt-4-0125-preview",
    "input_cost_per_token": 1e-05,
    "output_cost_per_token": 3e-05,
    "total_input_tokens": 11096,
    "total_output_tokens": 3102,
    "total_tokens": 14198,
    "total_cost": 0.20402000000000003
}