{
    "commit": "7e7623732e24cbcd277a9e16b654d45885073096",
    "start_epoch": 1760707190.200646,
    "end_epoch": 1760707231.879928,
    "elapsed_seconds": 41.679282,
    "model": "gpt-4-0125-preview",
    "input_cost_per_token": 1e-05,
    "output_cost_per_token": 3e-05,
    "total_input_tokens": 4549,
    "total_output_tokens": 1429,
    "total_tokens": 5978,
    "total_cost": 0.08836
}