{
    "commit": "fd90c744d6f75e12887af2b06388cbe407b7bfd3",
    "start_epoch": 1760763727.616109,
    "end_epoch": 1760763831.485246,
    "elapsed_seconds": 103.869137,
    "model": "gpt-4-0125-preview",
    "input_cost_per_token": 1e-05,
    "output_cost_per_token": 3e-05,
    "total_input_tokens": 14911,
    "total_output_tokens": 3432,
    "total_tokens": 18343,
    "total_cost": 0.25207
}