{
    "commit": "e66ece7d5052ccc24ecbfe0d25539fca2973a536",
    "start_epoch": 1760532690.396327,
    "end_epoch": 1760532762.359855,
    "elapsed_seconds": 71.963528,
    "model": "gpt-4-0125-preview",
    "input_cost_per_token": 1e-05,
    "output_cost_per_token": 3e-05,
    "total_input_tokens": 10631,
    "total_output_tokens": 2286,
    "total_tokens": 12917,
    "total_cost": 0.17489000000000002
}