{
    "commit": "1122ea36dab6caa29baf70cb8bdd8a976117ec15",
    "start_epoch": 1760581260.3705,
    "end_epoch": 1760581370.955169,
    "elapsed_seconds": 110.584669,
    "model": "gpt-4-0125-preview",
    "input_cost_per_token": 1e-05,
    "output_cost_per_token": 3e-05,
    "total_input_tokens": 16226,
    "total_output_tokens": 3739,
    "total_tokens": 19965,
    "total_cost": 0.27443000000000006
}