{
    "commit": "c821320a30a7a6803d98c8b89e0f4a24030dafa3",
    "start_epoch": 1760529896.816844,
    "end_epoch": 1760529963.731911,
    "elapsed_seconds": 66.915067,
    "model": "gpt-4-0125-preview",
    "input_cost_per_token": 1e-05,
    "output_cost_per_token": 3e-05,
    "total_input_tokens": 11250,
    "total_output_tokens": 2429,
    "total_tokens": 13679,
    "total_cost": 0.18537000000000003
}