{
    "commit": "778c2504c1e22674f3a183d05026e1811ca421d6",
    "start_epoch": 1760506933.763801,
    "end_epoch": 1760507006.191667,
    "elapsed_seconds": 72.427866,
    "model": "gpt-4-0125-preview",
    "input_cost_per_token": 1e-05,
    "output_cost_per_token": 3e-05,
    "total_input_tokens": 15643,
    "total_output_tokens": 2737,
    "total_tokens": 18380,
    "total_cost": 0.23854000000000003
}