{
    "commit": "6e5d0ffcf32f8f036c34d1b7ba30e62624bc2d10",
    "start_epoch": 1760507321.592966,
    "end_epoch": 1760507437.821146,
    "elapsed_seconds": 116.22818,
    "model": "gpt-4-0125-preview",
    "input_cost_per_token": 1e-05,
    "output_cost_per_token": 3e-05,
    "total_input_tokens": 9328,
    "total_output_tokens": 1673,
    "total_tokens": 11001,
    "total_cost": 0.14347
}