{
    "commit": "8cc228cd5556982580421742baaf52130f2815c9",
    "start_epoch": 1760505866.876221,
    "end_epoch": 1760505907.328698,
    "elapsed_seconds": 40.452477,
    "model": "gpt-4-0125-preview",
    "input_cost_per_token": 1e-05,
    "output_cost_per_token": 3e-05,
    "total_input_tokens": 9581,
    "total_output_tokens": 1295,
    "total_tokens": 10876,
    "total_cost": 0.13466000000000003
}