{
    "commit": "d40eb107d8c3f9ca0fb73b5cf8c8ef1f7be812ab",
    "start_epoch": 1760723848.767585,
    "end_epoch": 1760723910.25885,
    "elapsed_seconds": 61.491265,
    "model": "gpt-4-0125-preview",
    "input_cost_per_token": 1e-05,
    "output_cost_per_token": 3e-05,
    "total_input_tokens": 10513,
    "total_output_tokens": 2020,
    "total_tokens": 12533,
    "total_cost": 0.16573000000000002
}