{
    "commit": "5829018af84f70db83fd6f6fd5d33953fba48ab6",
    "start_epoch": 1760510433.682014,
    "end_epoch": 1760510477.238806,
    "elapsed_seconds": 43.556792,
    "model": "gpt-4-0125-preview",
    "input_cost_per_token": 1e-05,
    "output_cost_per_token": 3e-05,
    "total_input_tokens": 6353,
    "total_output_tokens": 1457,
    "total_tokens": 7810,
    "total_cost": 0.10724
}