{
    "commit": "b257f6fa96dd7abdeeb6472e18ec6a3a1c0e2add",
    "start_epoch": 1760791981.840203,
    "end_epoch": 1760792028.55067,
    "elapsed_seconds": 46.710467,
    "model": "gpt-4-0125-preview",
    "input_cost_per_token": 1e-05,
    "output_cost_per_token": 3e-05,
    "total_input_tokens": 9388,
    "total_output_tokens": 1634,
    "total_tokens": 11022,
    "total_cost": 0.1429
}