{
    "commit": "ab91bd672e529b05fc1f83359170bb60d2a6af98",
    "start_epoch": 1760723420.106606,
    "end_epoch": 1760723471.564397,
    "elapsed_seconds": 51.457791,
    "model": "gpt-4-0125-preview",
    "input_cost_per_token": 1e-05,
    "output_cost_per_token": 3e-05,
    "total_input_tokens": 7703,
    "total_output_tokens": 1832,
    "total_tokens": 9535,
    "total_cost": 0.13199
}