{
    "commit": "5e2308d79803ef5da913ea6d717e027876947d68",
    "start_epoch": 1760744139.378564,
    "end_epoch": 1760744189.507465,
    "elapsed_seconds": 50.128901,
    "model": "gpt-4-0125-preview",
    "input_cost_per_token": 1e-05,
    "output_cost_per_token": 3e-05,
    "total_input_tokens": 7794,
    "total_output_tokens": 1802,
    "total_tokens": 9596,
    "total_cost": 0.132
}