{
    "commit": "11eec86a2f5a0199f99c816d08371509a5e8043c",
    "start_epoch": 1760755353.89399,
    "end_epoch": 1760755400.980232,
    "elapsed_seconds": 47.086242,
    "model": "gpt-4-0125-preview",
    "input_cost_per_token": 1e-05,
    "output_cost_per_token": 3e-05,
    "total_input_tokens": 7192,
    "total_output_tokens": 1697,
    "total_tokens": 8889,
    "total_cost": 0.12283000000000001
}