{
    "commit": "42f7715accf12cd6b60bafaccb8743c318edf686",
    "start_epoch": 1760548010.582766,
    "end_epoch": 1760548107.265606,
    "elapsed_seconds": 96.68284,
    "model": "gpt-4-0125-preview",
    "input_cost_per_token": 1e-05,
    "output_cost_per_token": 3e-05,
    "total_input_tokens": 13377,
    "total_output_tokens": 3120,
    "total_tokens": 16497,
    "total_cost": 0.22737000000000002
}