{
    "commit": "45467915c1809899710af0aebde16675247a71bf",
    "start_epoch": 1760498557.123128,
    "end_epoch": 1760498593.604814,
    "elapsed_seconds": 36.481686,
    "model": "gpt-4-0125-preview",
    "input_cost_per_token": 1e-05,
    "output_cost_per_token": 3e-05,
    "total_input_tokens": 4436,
    "total_output_tokens": 1204,
    "total_tokens": 5640,
    "total_cost": 0.08048
}