{
    "commit": "42f4818d5171401963a68dafc61f5c5b49397e52",
    "start_epoch": 1760514138.956962,
    "end_epoch": 1760514221.557612,
    "elapsed_seconds": 82.60065,
    "model": "gpt-4-0125-preview",
    "input_cost_per_token": 1e-05,
    "output_cost_per_token": 3e-05,
    "total_input_tokens": 29908,
    "total_output_tokens": 2770,
    "total_tokens": 32678,
    "total_cost": 0.38218
}