{
    "commit": "cdb5a8aebe35308e03327f20206271b2c6f6a52e",
    "start_epoch": 1760716950.761271,
    "end_epoch": 1760717110.38695,
    "elapsed_seconds": 159.625679,
    "model": "gpt-4-0125-preview",
    "input_cost_per_token": 1e-05,
    "output_cost_per_token": 3e-05,
    "total_input_tokens": 18306,
    "total_output_tokens": 3625,
    "total_tokens": 21931,
    "total_cost": 0.29180999999999996
}