{
    "commit": "478188ab276101dcb2213552a833deb4dca62d43",
    "start_epoch": 1760762409.767817,
    "end_epoch": 1760762514.319572,
    "elapsed_seconds": 104.551755,
    "model": "gpt-4-0125-preview",
    "input_cost_per_token": 1e-05,
    "output_cost_per_token": 3e-05,
    "total_input_tokens": 28451,
    "total_output_tokens": 3766,
    "total_tokens": 32217,
    "total_cost": 0.39748999999999995
}