{
    "commit": "f5c6db1ebfa0aaa4c30850f8a5ef6cc0f85c628b",
    "start_epoch": 1760545947.930502,
    "end_epoch": 1760546057.916683,
    "elapsed_seconds": 109.986181,
    "model": "gpt-4-0125-preview",
    "input_cost_per_token": 1e-05,
    "output_cost_per_token": 3e-05,
    "total_input_tokens": 12865,
    "total_output_tokens": 3987,
    "total_tokens": 16852,
    "total_cost": 0.24826
}