{
    "commit": "8d21585cb0ca685f4c6196b09a7aa09b04f6ec2b",
    "start_epoch": 1760786393.015169,
    "end_epoch": 1760786433.951466,
    "elapsed_seconds": 40.936297,
    "model": "gpt-4-0125-preview",
    "input_cost_per_token": 1e-05,
    "output_cost_per_token": 3e-05,
    "total_input_tokens": 5294,
    "total_output_tokens": 1490,
    "total_tokens": 6784,
    "total_cost": 0.09764
}