{
    "commit": "fcd910e8824c109fae538f6485862c30ee06b2b3",
    "start_epoch": 1760715446.830449,
    "end_epoch": 1760715486.58384,
    "elapsed_seconds": 39.753391,
    "model": "gpt-4-0125-preview",
    "input_cost_per_token": 1e-05,
    "output_cost_per_token": 3e-05,
    "total_input_tokens": 7426,
    "total_output_tokens": 1225,
    "total_tokens": 8651,
    "total_cost": 0.11101000000000001
}