{
    "commit": "2c8aa365ece4aa10ced4805bcc08fa4881b2f765",
    "start_epoch": 1760497816.733296,
    "end_epoch": 1760497861.355977,
    "elapsed_seconds": 44.622681,
    "model": "gpt-4-0125-preview",
    "input_cost_per_token": 1e-05,
    "output_cost_per_token": 3e-05,
    "total_input_tokens": 5065,
    "total_output_tokens": 1425,
    "total_tokens": 6490,
    "total_cost": 0.09340000000000001
}