{
    "commit": "23c565be7d69971260353d7a532870481cbb351b",
    "start_epoch": 1760780692.404465,
    "end_epoch": 1760780807.699002,
    "elapsed_seconds": 115.294537,
    "model": "gpt-4-0125-preview",
    "input_cost_per_token": 1e-05,
    "output_cost_per_token": 3e-05,
    "total_input_tokens": 37595,
    "total_output_tokens": 4750,
    "total_tokens": 42345,
    "total_cost": 0.5184500000000001
}