{
    "commit": "746d2dbcad11920e81111b96cb36001a686f8294",
    "start_epoch": 1760739199.819828,
    "end_epoch": 1760739274.829543,
    "elapsed_seconds": 75.009715,
    "model": "gpt-4-0125-preview",
    "input_cost_per_token": 1e-05,
    "output_cost_per_token": 3e-05,
    "total_input_tokens": 14481,
    "total_output_tokens": 2893,
    "total_tokens": 17374,
    "total_cost": 0.23160000000000003
}