{
    "commit": "9e5fd82ac449b485b1feb252ca93b1dadc62ef59",
    "start_epoch": 1760784791.329625,
    "end_epoch": 1760784848.30098,
    "elapsed_seconds": 56.971355,
    "model": "gpt-4-0125-preview",
    "input_cost_per_token": 1e-05,
    "output_cost_per_token": 3e-05,
    "total_input_tokens": 11378,
    "total_output_tokens": 1920,
    "total_tokens": 13298,
    "total_cost": 0.17137999999999998
}