{
    "commit": "99044595c029564d45597762bffc3f8b0685d2c3",
    "start_epoch": 1760741622.105353,
    "end_epoch": 1760741721.479843,
    "elapsed_seconds": 99.37449,
    "model": "gpt-4-0125-preview",
    "input_cost_per_token": 1e-05,
    "output_cost_per_token": 3e-05,
    "total_input_tokens": 18229,
    "total_output_tokens": 3243,
    "total_tokens": 21472,
    "total_cost": 0.27958
}