{
    "commit": "8d1a221ac51a16a4c15ef6ddf111f92b58e0b5c5",
    "start_epoch": 1760784927.60023,
    "end_epoch": 1760785012.89403,
    "elapsed_seconds": 85.2938,
    "model": "gpt-4-0125-preview",
    "input_cost_per_token": 1e-05,
    "output_cost_per_token": 3e-05,
    "total_input_tokens": 20117,
    "total_output_tokens": 2869,
    "total_tokens": 22986,
    "total_cost": 0.28724000000000005
}