{
    "commit": "4e3f189b21c74d4cdf08faedaec526c2be10091a",
    "start_epoch": 1760546475.455045,
    "end_epoch": 1760546533.82831,
    "elapsed_seconds": 58.373265,
    "model": "gpt-4-0125-preview",
    "input_cost_per_token": 1e-05,
    "output_cost_per_token": 3e-05,
    "total_input_tokens": 6447,
    "total_output_tokens": 1804,
    "total_tokens": 8251,
    "total_cost": 0.11859
}