{
    "commit": "3ee0b5ae909cd458ba78f5bd2af817fb54232caa",
    "start_epoch": 1760512005.287475,
    "end_epoch": 1760512102.180779,
    "elapsed_seconds": 96.893304,
    "model": "gpt-4-0125-preview",
    "input_cost_per_token": 1e-05,
    "output_cost_per_token": 3e-05,
    "total_input_tokens": 19623,
    "total_output_tokens": 3136,
    "total_tokens": 22759,
    "total_cost": 0.29031
}