{
    "commit": "6075172c10b46ff4e7418241db035bbddcaaf8f3",
    "start_epoch": 1760781540.876915,
    "end_epoch": 1760781620.040536,
    "elapsed_seconds": 79.163621,
    "model": "gpt-4-0125-preview",
    "input_cost_per_token": 1e-05,
    "output_cost_per_token": 3e-05,
    "total_input_tokens": 10256,
    "total_output_tokens": 3106,
    "total_tokens": 13362,
    "total_cost": 0.19574000000000003
}