{
    "commit": "5817f7beeb329ff9528a8ef50c2a5752838aedaf",
    "start_epoch": 1760704863.353337,
    "end_epoch": 1760704938.96461,
    "elapsed_seconds": 75.611273,
    "model": "gpt-4-0125-preview",
    "input_cost_per_token": 1e-05,
    "output_cost_per_token": 3e-05,
    "total_input_tokens": 7702,
    "total_output_tokens": 2828,
    "total_tokens": 10530,
    "total_cost": 0.16186
}