{
    "commit": "9427e101978a7b2dd120964d7d3656f65e8ab043",
    "start_epoch": 1760813069.872103,
    "end_epoch": 1760813292.111235,
    "elapsed_seconds": 222.239132,
    "model": "gpt-4-0125-preview",
    "input_cost_per_token": 1e-05,
    "output_cost_per_token": 3e-05,
    "total_input_tokens": 72651,
    "total_output_tokens": 7450,
    "total_tokens": 80101,
    "total_cost": 0.9500099999999999
}