{
    "commit": "f62809dd7f570fc82c95bba5552a7f8bf51b56e2",
    "start_epoch": 1760771266.842786,
    "end_epoch": 1760771377.038321,
    "elapsed_seconds": 110.195535,
    "model": "gpt-4-0125-preview",
    "input_cost_per_token": 1e-05,
    "output_cost_per_token": 3e-05,
    "total_input_tokens": 12412,
    "total_output_tokens": 4376,
    "total_tokens": 16788,
    "total_cost": 0.2554
}