{
    "commit": "fa75d208d8461c3936173d25c3c9520dbced20c0",
    "start_epoch": 1760539760.806303,
    "end_epoch": 1760539862.925635,
    "elapsed_seconds": 102.119332,
    "model": "gpt-4-0125-preview",
    "input_cost_per_token": 1e-05,
    "output_cost_per_token": 3e-05,
    "total_input_tokens": 35542,
    "total_output_tokens": 3004,
    "total_tokens": 38546,
    "total_cost": 0.44554000000000005
}