{
    "commit": "ae1e26a2443ca68031ae94bfc3917d1477a34ffd",
    "start_epoch": 1760768715.591586,
    "end_epoch": 1760768825.879963,
    "elapsed_seconds": 110.288377,
    "model": "gpt-4-0125-preview",
    "input_cost_per_token": 1e-05,
    "output_cost_per_token": 3e-05,
    "total_input_tokens": 13303,
    "total_output_tokens": 4557,
    "total_tokens": 17860,
    "total_cost": 0.26974000000000004
}