{
    "commit": "e965640980ae922a8412f62a240b54d6e8136998",
    "start_epoch": 1760522817.44239,
    "end_epoch": 1760522864.617592,
    "elapsed_seconds": 47.175202,
    "model": "gpt-4-0125-preview",
    "input_cost_per_token": 1e-05,
    "output_cost_per_token": 3e-05,
    "total_input_tokens": 4518,
    "total_output_tokens": 1367,
    "total_tokens": 5885,
    "total_cost": 0.08619
}