{
    "commit": "47d431b759e47828d7fb906174eef401f6e8cbd0",
    "start_epoch": 1760774521.883938,
    "end_epoch": 1760774579.81301,
    "elapsed_seconds": 57.929072,
    "model": "gpt-4-0125-preview",
    "input_cost_per_token": 1e-05,
    "output_cost_per_token": 3e-05,
    "total_input_tokens": 7827,
    "total_output_tokens": 1867,
    "total_tokens": 9694,
    "total_cost": 0.13427999999999998
}