{
    "commit": "065de5d0e23e609e39fedfe8474404449a8eb3f5",
    "start_epoch": 1760811032.226864,
    "end_epoch": 1760811111.496299,
    "elapsed_seconds": 79.269435,
    "model": "gpt-4-0125-preview",
    "input_cost_per_token": 1e-05,
    "output_cost_per_token": 3e-05,
    "total_input_tokens": 17630,
    "total_output_tokens": 3178,
    "total_tokens": 20808,
    "total_cost": 0.27164
}