{
    "commit": "4d1c97e592ac73e2c820b6d262d2f31840e36fd7",
    "start_epoch": 1760565356.19119,
    "end_epoch": 1760565468.159143,
    "elapsed_seconds": 111.967953,
    "model": "gpt-4-0125-preview",
    "input_cost_per_token": 1e-05,
    "output_cost_per_token": 3e-05,
    "total_input_tokens": 25519,
    "total_output_tokens": 4195,
    "total_tokens": 29714,
    "total_cost": 0.38104000000000005
}