{
    "commit": "8bde4c0c7e7b17db518961e9cc1ef75ec3554908",
    "start_epoch": 1760700623.741971,
    "end_epoch": 1760700700.595889,
    "elapsed_seconds": 76.853918,
    "model": "gpt-4-0125-preview",
    "input_cost_per_token": 1e-05,
    "output_cost_per_token": 3e-05,
    "total_input_tokens": 11357,
    "total_output_tokens": 2127,
    "total_tokens": 13484,
    "total_cost": 0.17738
}