{
    "commit": "8dd575f8a94d3a80a4a86af3f8325660c56f283f",
    "start_epoch": 1760804141.557148,
    "end_epoch": 1760804286.983798,
    "elapsed_seconds": 145.42665,
    "model": "gpt-4-0125-preview",
    "input_cost_per_token": 1e-05,
    "output_cost_per_token": 3e-05,
    "total_input_tokens": 17710,
    "total_output_tokens": 3068,
    "total_tokens": 20778,
    "total_cost": 0.26914000000000005
}