{
    "commit": "2da8984e79d71f9031367b18bd2d278dbf10c8cb",
    "start_epoch": 1760550326.08278,
    "end_epoch": 1760550391.540015,
    "elapsed_seconds": 65.457235,
    "model": "gpt-4-0125-preview",
    "input_cost_per_token": 1e-05,
    "output_cost_per_token": 3e-05,
    "total_input_tokens": 17938,
    "total_output_tokens": 2292,
    "total_tokens": 20230,
    "total_cost": 0.24814
}