{
    "commit": "ef1166111ada293ee5f996f165c79e48cd77923a",
    "start_epoch": 1760748767.946602,
    "end_epoch": 1760748818.25046,
    "elapsed_seconds": 50.303858,
    "model": "gpt-4-0125-preview",
    "input_cost_per_token": 1e-05,
    "output_cost_per_token": 3e-05,
    "total_input_tokens": 8530,
    "total_output_tokens": 1845,
    "total_tokens": 10375,
    "total_cost": 0.14065000000000003
}