{
    "commit": "831c613270b87a466df243ba1172e90ef6fe5ca8",
    "start_epoch": 1760757359.468067,
    "end_epoch": 1760757453.010963,
    "elapsed_seconds": 93.542896,
    "model": "gpt-4-0125-preview",
    "input_cost_per_token": 1e-05,
    "output_cost_per_token": 3e-05,
    "total_input_tokens": 14020,
    "total_output_tokens": 3662,
    "total_tokens": 17682,
    "total_cost": 0.25006000000000006
}