{
    "commit": "25e2cb06332ab7ac07e116feeb940f672c37447b",
    "start_epoch": 1760697037.271384,
    "end_epoch": 1760697359.292867,
    "elapsed_seconds": 322.021483,
    "model": "gpt-4-0125-preview",
    "input_cost_per_token": 1e-05,
    "output_cost_per_token": 3e-05,
    "total_input_tokens": 161484,
    "total_output_tokens": 9742,
    "total_tokens": 171226,
    "total_cost": 1.9071000000000007
}