{
    "commit": "7cf32e08f28b4f6a2af8d54ec557bf8145c7f3b2",
    "start_epoch": 1760729381.283585,
    "end_epoch": 1760729433.975074,
    "elapsed_seconds": 52.691489,
    "model": "gpt-4-0125-preview",
    "input_cost_per_token": 1e-05,
    "output_cost_per_token": 3e-05,
    "total_input_tokens": 9140,
    "total_output_tokens": 1577,
    "total_tokens": 10717,
    "total_cost": 0.13871
}