{
    "commit": "116ea6905366c0d99014cf777d3a07d7a1b634c4",
    "start_epoch": 1760704014.065559,
    "end_epoch": 1760704084.75436,
    "elapsed_seconds": 70.688801,
    "model": "gpt-4-0125-preview",
    "input_cost_per_token": 1e-05,
    "output_cost_per_token": 3e-05,
    "total_input_tokens": 8791,
    "total_output_tokens": 2576,
    "total_tokens": 11367,
    "total_cost": 0.16519000000000003
}