{
    "commit": "b64a110c102f7f098de198fc6cdb5b37e9f9b98c",
    "start_epoch": 1760793049.250251,
    "end_epoch": 1760793170.375496,
    "elapsed_seconds": 121.125245,
    "model": "gpt-4-0125-preview",
    "input_cost_per_token": 1e-05,
    "output_cost_per_token": 3e-05,
    "total_input_tokens": 26933,
    "total_output_tokens": 4873,
    "total_tokens": 31806,
    "total_cost": 0.41552
}