{
    "commit": "1dfb6fe210e839fe30d94ec2d207cd5c40380d2f",
    "start_epoch": 1760782146.075706,
    "end_epoch": 1760782470.932137,
    "elapsed_seconds": 324.856431,
    "model": "gpt-4-0125-preview",
    "input_cost_per_token": 1e-05,
    "output_cost_per_token": 3e-05,
    "total_input_tokens": 202634,
    "total_output_tokens": 8322,
    "total_tokens": 210956,
    "total_cost": 2.275999999999999
}