{
    "commit": "7768eea55bbbf04bf049dc88105e47055474b163",
    "start_epoch": 1760814094.834279,
    "end_epoch": 1760814159.512494,
    "elapsed_seconds": 64.678215,
    "model": "gpt-4-0125-preview",
    "input_cost_per_token": 1e-05,
    "output_cost_per_token": 3e-05,
    "total_input_tokens": 11980,
    "total_output_tokens": 2406,
    "total_tokens": 14386,
    "total_cost": 0.19198
}