{
    "commit": "a1bfd87bf5032380e396f3151092efd108a355cb",
    "start_epoch": 1760553461.582198,
    "end_epoch": 1760553507.981322,
    "elapsed_seconds": 46.399124,
    "model": "gpt-4-0125-preview",
    "input_cost_per_token": 1e-05,
    "output_cost_per_token": 3e-05,
    "total_input_tokens": 7740,
    "total_output_tokens": 1758,
    "total_tokens": 9498,
    "total_cost": 0.13014
}