{
    "commit": "5cd45fc79b8f6da474cec5d9f193ce9533fe9dc4",
    "start_epoch": 1760696838.912732,
    "end_epoch": 1760696931.857319,
    "elapsed_seconds": 92.944587,
    "model": "gpt-4-0125-preview",
    "input_cost_per_token": 1e-05,
    "output_cost_per_token": 3e-05,
    "total_input_tokens": 18767,
    "total_output_tokens": 3727,
    "total_tokens": 22494,
    "total_cost": 0.29948
}