{
    "commit": "7a70a0b779d7a4d3086ac87a259821999ab64402",
    "start_epoch": 1760520102.326745,
    "end_epoch": 1760520159.060213,
    "elapsed_seconds": 56.733468,
    "model": "gpt-4-0125-preview",
    "input_cost_per_token": 1e-05,
    "output_cost_per_token": 3e-05,
    "total_input_tokens": 4643,
    "total_output_tokens": 1612,
    "total_tokens": 6255,
    "total_cost": 0.09479000000000001
}