{
    "commit": "e6cbaaa53c1b41722c6c67ac33c4e5ccedeb36a6",
    "start_epoch": 1760510929.569712,
    "end_epoch": 1760511015.40073,
    "elapsed_seconds": 85.831018,
    "model": "gpt-4-0125-preview",
    "input_cost_per_token": 1e-05,
    "output_cost_per_token": 3e-05,
    "total_input_tokens": 13742,
    "total_output_tokens": 2938,
    "total_tokens": 16680,
    "total_cost": 0.22556
}