{
    "commit": "cf3a90c648102bf005b8e609772e4dcf067278b2",
    "start_epoch": 1760783585.253488,
    "end_epoch": 1760783628.066385,
    "elapsed_seconds": 42.812897,
    "model": "gpt-4-0125-preview",
    "input_cost_per_token": 1e-05,
    "output_cost_per_token": 3e-05,
    "total_input_tokens": 6991,
    "total_output_tokens": 1590,
    "total_tokens": 8581,
    "total_cost": 0.11761000000000002
}