{
    "commit": "3d8c3445f7a2df9d3e3dbcdd76eedc7f35fbbc21",
    "start_epoch": 1760694524.27172,
    "end_epoch": 1760694614.308844,
    "elapsed_seconds": 90.037124,
    "model": "gpt-4-0125-preview",
    "input_cost_per_token": 1e-05,
    "output_cost_per_token": 3e-05,
    "total_input_tokens": 17798,
    "total_output_tokens": 3408,
    "total_tokens": 21206,
    "total_cost": 0.28022
}