{
    "commit": "48e16adef5124c01f99d1d8897c05517957bfa81",
    "start_epoch": 1760528287.157511,
    "end_epoch": 1760528400.436646,
    "elapsed_seconds": 113.279135,
    "model": "gpt-4-0125-preview",
    "input_cost_per_token": 1e-05,
    "output_cost_per_token": 3e-05,
    "total_input_tokens": 12790,
    "total_output_tokens": 4265,
    "total_tokens": 17055,
    "total_cost": 0.25584999999999997
}