{
    "commit": "00f05b20bffd53fe30121845922a559878c6498f",
    "start_epoch": 1760783877.010695,
    "end_epoch": 1760783924.32117,
    "elapsed_seconds": 47.310475,
    "model": "gpt-4-0125-preview",
    "input_cost_per_token": 1e-05,
    "output_cost_per_token": 3e-05,
    "total_input_tokens": 10914,
    "total_output_tokens": 1903,
    "total_tokens": 12817,
    "total_cost": 0.16623000000000002
}