{
    "commit": "8432425fdc9551067455ce6de374ed1055a4546d",
    "start_epoch": 1760579485.568117,
    "end_epoch": 1760579689.395713,
    "elapsed_seconds": 203.827596,
    "model": "gpt-4-0125-preview",
    "input_cost_per_token": 1e-05,
    "output_cost_per_token": 3e-05,
    "total_input_tokens": 129032,
    "total_output_tokens": 5580,
    "total_tokens": 134612,
    "total_cost": 1.45772
}