{
    "commit": "bee0fe2f3bcd9f3e3f89b217c9256bbf3919f4aa",
    "start_epoch": 1760555022.887797,
    "end_epoch": 1760555080.269131,
    "elapsed_seconds": 57.381334,
    "model": "gpt-4-0125-preview",
    "input_cost_per_token": 1e-05,
    "output_cost_per_token": 3e-05,
    "total_input_tokens": 9053,
    "total_output_tokens": 2074,
    "total_tokens": 11127,
    "total_cost": 0.15275000000000002
}