{
    "commit": "42214662570ce1099b491817ad974344e6c700df",
    "start_epoch": 1760525374.340939,
    "end_epoch": 1760525481.651301,
    "elapsed_seconds": 107.310362,
    "model": "gpt-4-0125-preview",
    "input_cost_per_token": 1e-05,
    "output_cost_per_token": 3e-05,
    "total_input_tokens": 16162,
    "total_output_tokens": 3857,
    "total_tokens": 20019,
    "total_cost": 0.27733
}