{
    "commit": "15ec6c68b81d734fc4716c8a37c155b4ef399959",
    "start_epoch": 1760564184.681865,
    "end_epoch": 1760564264.346596,
    "elapsed_seconds": 79.664731,
    "model": "gpt-4-0125-preview",
    "input_cost_per_token": 1e-05,
    "output_cost_per_token": 3e-05,
    "total_input_tokens": 12439,
    "total_output_tokens": 3033,
    "total_tokens": 15472,
    "total_cost": 0.21538000000000002
}