{
    "commit": "b45068499d25acfda5267cbcf707a697b3002ac5",
    "start_epoch": 1760791214.779042,
    "end_epoch": 1760791260.044891,
    "elapsed_seconds": 45.265849,
    "model": "gpt-4-0125-preview",
    "input_cost_per_token": 1e-05,
    "output_cost_per_token": 3e-05,
    "total_input_tokens": 5708,
    "total_output_tokens": 1455,
    "total_tokens": 7163,
    "total_cost": 0.10073
}