{
    "commit": "a72c86b085a8a32cd8f43ab881477697cfd49d96",
    "start_epoch": 1760814159.625605,
    "end_epoch": 1760814283.817378,
    "elapsed_seconds": 124.191773,
    "model": "gpt-4-0125-preview",
    "input_cost_per_token": 1e-05,
    "output_cost_per_token": 3e-05,
    "total_input_tokens": 20966,
    "total_output_tokens": 4778,
    "total_tokens": 25744,
    "total_cost": 0.353
}