{
    "commit": "d091102f5fbff683b4c19295cb43a80e94d3b838",
    "start_epoch": 1760818451.19072,
    "end_epoch": 1760818511.284295,
    "elapsed_seconds": 60.093575,
    "model": "gpt-4-0125-preview",
    "input_cost_per_token": 1e-05,
    "output_cost_per_token": 3e-05,
    "total_input_tokens": 8581,
    "total_output_tokens": 2165,
    "total_tokens": 10746,
    "total_cost": 0.15076
}