{
    "commit": "2ba39bdb6832fc4a0301576f4c01eb950f05a057",
    "start_epoch": 1760708595.65356,
    "end_epoch": 1760708745.100625,
    "elapsed_seconds": 149.447065,
    "model": "gpt-4-0125-preview",
    "input_cost_per_token": 1e-05,
    "output_cost_per_token": 3e-05,
    "total_input_tokens": 24630,
    "total_output_tokens": 5097,
    "total_tokens": 29727,
    "total_cost": 0.39921
}