{
    "commit": "49b6a07e9b4bf729c0e3133ec305d454081a4a28",
    "start_epoch": 1760815291.179565,
    "end_epoch": 1760815361.309819,
    "elapsed_seconds": 70.130254,
    "model": "gpt-4-0125-preview",
    "input_cost_per_token": 1e-05,
    "output_cost_per_token": 3e-05,
    "total_input_tokens": 17014,
    "total_output_tokens": 2367,
    "total_tokens": 19381,
    "total_cost": 0.24115
}