{
    "commit": "ee84f24a3dab6dabee9fe4c6f041c7d3022205ef",
    "start_epoch": 1760518524.549515,
    "end_epoch": 1760518623.584302,
    "elapsed_seconds": 99.034787,
    "model": "gpt-4-0125-preview",
    "input_cost_per_token": 1e-05,
    "output_cost_per_token": 3e-05,
    "total_input_tokens": 18286,
    "total_output_tokens": 3270,
    "total_tokens": 21556,
    "total_cost": 0.28096000000000004
}