{
    "commit": "92b8838535a1a62b415d2520ca11b439482fe4fe",
    "start_epoch": 1760533150.742009,
    "end_epoch": 1760533211.465757,
    "elapsed_seconds": 60.723748,
    "model": "gpt-4-0125-preview",
    "input_cost_per_token": 1e-05,
    "output_cost_per_token": 3e-05,
    "total_input_tokens": 12837,
    "total_output_tokens": 2057,
    "total_tokens": 14894,
    "total_cost": 0.19008
}