{
    "commit": "5e27944f30ccaa36131c012f3c70c28aa65667bf",
    "start_epoch": 1760499222.981396,
    "end_epoch": 1760499273.258135,
    "elapsed_seconds": 50.276739,
    "model": "gpt-4-0125-preview",
    "input_cost_per_token": 1e-05,
    "output_cost_per_token": 3e-05,
    "total_input_tokens": 10242,
    "total_output_tokens": 1854,
    "total_tokens": 12096,
    "total_cost": 0.15804
}