{
    "commit": "d1b7ea52238f60ee95f9a01650d4acfb6c989d7d",
    "start_epoch": 1760503352.932531,
    "end_epoch": 1760503401.49077,
    "elapsed_seconds": 48.558239,
    "model": "gpt-4-0125-preview",
    "input_cost_per_token": 1e-05,
    "output_cost_per_token": 3e-05,
    "total_input_tokens": 5969,
    "total_output_tokens": 1828,
    "total_tokens": 7797,
    "total_cost": 0.11453000000000002
}