{
    "commit": "c8b9b906ce494d66904c0b943eb8a59bb46da43a",
    "start_epoch": 1760506047.873426,
    "end_epoch": 1760506088.704282,
    "elapsed_seconds": 40.830856,
    "model": "gpt-4-0125-preview",
    "input_cost_per_token": 1e-05,
    "output_cost_per_token": 3e-05,
    "total_input_tokens": 6273,
    "total_output_tokens": 1606,
    "total_tokens": 7879,
    "total_cost": 0.11091000000000001
}