{
    "commit": "e87bcf83ce8835c436b4ab8f9d766847ddb77dd0",
    "start_epoch": 1760787771.406657,
    "end_epoch": 1760787870.472924,
    "elapsed_seconds": 99.066267,
    "model": "gpt-4-0125-preview",
    "input_cost_per_token": 1e-05,
    "output_cost_per_token": 3e-05,
    "total_input_tokens": 13576,
    "total_output_tokens": 4088,
    "total_tokens": 17664,
    "total_cost": 0.2584
}