{
    "commit": "328e031cb6392ab0d6cda4091e4e18f08d29595f",
    "start_epoch": 1760743819.281827,
    "end_epoch": 1760743887.485003,
    "elapsed_seconds": 68.203176,
    "model": "gpt-4-0125-preview",
    "input_cost_per_token": 1e-05,
    "output_cost_per_token": 3e-05,
    "total_input_tokens": 15144,
    "total_output_tokens": 2621,
    "total_tokens": 17765,
    "total_cost": 0.23007000000000002
}