{
    "commit": "16f5ec4e685e8c4ed06f175862bf4fa57fec3932",
    "start_epoch": 1760518069.966102,
    "end_epoch": 1760518122.638799,
    "elapsed_seconds": 52.672697,
    "model": "gpt-4-0125-preview",
    "input_cost_per_token": 1e-05,
    "output_cost_per_token": 3e-05,
    "total_input_tokens": 5416,
    "total_output_tokens": 1623,
    "total_tokens": 7039,
    "total_cost": 0.10285
}