{
    "commit": "0688bcf0130fcf5b27a2aadc5d614ed49f6c4435",
    "start_epoch": 1760812344.571176,
    "end_epoch": 1760812439.088478,
    "elapsed_seconds": 94.517302,
    "model": "gpt-4-0125-preview",
    "input_cost_per_token": 1e-05,
    "output_cost_per_token": 3e-05,
    "total_input_tokens": 12504,
    "total_output_tokens": 3815,
    "total_tokens": 16319,
    "total_cost": 0.23949000000000004
}