{
    "commit": "34d7ee403d4b344461e4f4148f78e270ba1dce50",
    "start_epoch": 1760526080.795258,
    "end_epoch": 1760526131.1469,
    "elapsed_seconds": 50.351642,
    "model": "gpt-4-0125-preview",
    "input_cost_per_token": 1e-05,
    "output_cost_per_token": 3e-05,
    "total_input_tokens": 17714,
    "total_output_tokens": 1774,
    "total_tokens": 19488,
    "total_cost": 0.23036
}