{
    "commit": "1a7e817b20a5ba9e4c05fa3eae7acda266a2b60a",
    "start_epoch": 1760572283.647285,
    "end_epoch": 1760572384.676786,
    "elapsed_seconds": 101.029501,
    "model": "gpt-4-0125-preview",
    "input_cost_per_token": 1e-05,
    "output_cost_per_token": 3e-05,
    "total_input_tokens": 16868,
    "total_output_tokens": 3937,
    "total_tokens": 20805,
    "total_cost": 0.28679000000000004
}