{
    "commit": "4a7f538b5700d4024d96ca15cc2da6b7bd3d3743",
    "start_epoch": 1760721110.662073,
    "end_epoch": 1760721191.457417,
    "elapsed_seconds": 80.795344,
    "model": "gpt-4-0125-preview",
    "input_cost_per_token": 1e-05,
    "output_cost_per_token": 3e-05,
    "total_input_tokens": 10622,
    "total_output_tokens": 2932,
    "total_tokens": 13554,
    "total_cost": 0.19418000000000002
}