{
    "commit": "76b84b32f7b8cc3d31bb5f7d8f3483d1b0b6fcd8",
    "start_epoch": 1760518722.578945,
    "end_epoch": 1760518845.567851,
    "elapsed_seconds": 122.988906,
    "model": "gpt-4-0125-preview",
    "input_cost_per_token": 1e-05,
    "output_cost_per_token": 3e-05,
    "total_input_tokens": 19354,
    "total_output_tokens": 3783,
    "total_tokens": 23137,
    "total_cost": 0.30703
}