{
    "commit": "166fa75b9459eda09cec8925513270049ca48715",
    "start_epoch": 1760508815.558866,
    "end_epoch": 1760509234.881895,
    "elapsed_seconds": 419.323029,
    "model": "gpt-4-0125-preview",
    "input_cost_per_token": 1e-05,
    "output_cost_per_token": 3e-05,
    "total_input_tokens": 219736,
    "total_output_tokens": 12725,
    "total_tokens": 232461,
    "total_cost": 2.5791099999999982
}