{
    "commit": "4a12e3ae5158b1f9af1ee0a702056c8eb9408d86",
    "start_epoch": 1760520642.746418,
    "end_epoch": 1760520800.789855,
    "elapsed_seconds": 158.043437,
    "model": "gpt-4-0125-preview",
    "input_cost_per_token": 1e-05,
    "output_cost_per_token": 3e-05,
    "total_input_tokens": 24814,
    "total_output_tokens": 5120,
    "total_tokens": 29934,
    "total_cost": 0.40174000000000004
}