{
    "commit": "13fac6c29ff34714bc62bb2ae95a3fbf348d3455",
    "start_epoch": 1760586605.683529,
    "end_epoch": 1760586693.717276,
    "elapsed_seconds": 88.033747,
    "model": "gpt-4-0125-preview",
    "input_cost_per_token": 1e-05,
    "output_cost_per_token": 3e-05,
    "total_input_tokens": 27750,
    "total_output_tokens": 3095,
    "total_tokens": 30845,
    "total_cost": 0.37035
}