{
    "commit": "6e9c2d2dfbd4cf25e7cb8fdc4c1e1d7f40f96080",
    "start_epoch": 1760563653.512523,
    "end_epoch": 1760563786.127001,
    "elapsed_seconds": 132.614478,
    "model": "gpt-4-0125-preview",
    "input_cost_per_token": 1e-05,
    "output_cost_per_token": 3e-05,
    "total_input_tokens": 31699,
    "total_output_tokens": 4974,
    "total_tokens": 36673,
    "total_cost": 0.4662100000000001
}