{
    "commit": "0e7d183ed9e3a036345c771cc813f093ae5dba13",
    "start_epoch": 1760578623.811531,
    "end_epoch": 1760578693.247144,
    "elapsed_seconds": 69.435613,
    "model": "gpt-4-0125-preview",
    "input_cost_per_token": 1e-05,
    "output_cost_per_token": 3e-05,
    "total_input_tokens": 10685,
    "total_output_tokens": 2414,
    "total_tokens": 13099,
    "total_cost": 0.17927
}