{
    "commit": "ea0c854dacf50d37155c7edac8365f24119b9943",
    "start_epoch": 1760780415.268179,
    "end_epoch": 1760780512.000159,
    "elapsed_seconds": 96.73198,
    "model": "gpt-4-0125-preview",
    "input_cost_per_token": 1e-05,
    "output_cost_per_token": 3e-05,
    "total_input_tokens": 19243,
    "total_output_tokens": 3948,
    "total_tokens": 23191,
    "total_cost": 0.31087000000000004
}