{
    "commit": "0f287e9360bd2d972febcb313a3f19d38d86e081",
    "start_epoch": 1760563451.4695,
    "end_epoch": 1760563499.293587,
    "elapsed_seconds": 47.824087,
    "model": "gpt-4-0125-preview",
    "input_cost_per_token": 1e-05,
    "output_cost_per_token": 3e-05,
    "total_input_tokens": 9062,
    "total_output_tokens": 1886,
    "total_tokens": 10948,
    "total_cost": 0.14720000000000003
}