{
    "commit": "2e785663b62dfebb678487311395ce54ae333cb0",
    "start_epoch": 1760705645.613927,
    "end_epoch": 1760705803.681171,
    "elapsed_seconds": 158.067244,
    "model": "gpt-4-0125-preview",
    "input_cost_per_token": 1e-05,
    "output_cost_per_token": 3e-05,
    "total_input_tokens": 26049,
    "total_output_tokens": 5958,
    "total_tokens": 32007,
    "total_cost": 0.43923000000000006
}