{
    "commit": "aab3476e191e8eb34a5feabd1752ae6d9d173781",
    "start_epoch": 1760563228.626967,
    "end_epoch": 1760563294.223296,
    "elapsed_seconds": 65.596329,
    "model": "gpt-4-0125-preview",
    "input_cost_per_token": 1e-05,
    "output_cost_per_token": 3e-05,
    "total_input_tokens": 11209,
    "total_output_tokens": 2468,
    "total_tokens": 13677,
    "total_cost": 0.18613
}