{
    "commit": "01070e5a5dddd55b5d0f13d3d32130023f4eae4e",
    "start_epoch": 1760809774.178375,
    "end_epoch": 1760809873.645034,
    "elapsed_seconds": 99.466659,
    "model": "gpt-4-0125-preview",
    "input_cost_per_token": 1e-05,
    "output_cost_per_token": 3e-05,
    "total_input_tokens": 16646,
    "total_output_tokens": 3827,
    "total_tokens": 20473,
    "total_cost": 0.28126999999999996
}