{
    "commit": "8c96ca5b8f5ca6b37aa756eea20279afc4b4a0d4",
    "start_epoch": 1760699067.64654,
    "end_epoch": 1760699120.023534,
    "elapsed_seconds": 52.376994,
    "model": "gpt-4-0125-preview",
    "input_cost_per_token": 1e-05,
    "output_cost_per_token": 3e-05,
    "total_input_tokens": 11276,
    "total_output_tokens": 1939,
    "total_tokens": 13215,
    "total_cost": 0.17093000000000003
}