{
    "commit": "3924430ee401ab60a305785f95d647b260d000a5",
    "start_epoch": 1760554890.977981,
    "end_epoch": 1760554967.847048,
    "elapsed_seconds": 76.869067,
    "model": "gpt-4-0125-preview",
    "input_cost_per_token": 1e-05,
    "output_cost_per_token": 3e-05,
    "total_input_tokens": 10179,
    "total_output_tokens": 2621,
    "total_tokens": 12800,
    "total_cost": 0.18042
}