{
    "commit": "7e3e6abd1d402c8ae293191a31911171dbfcc5cb",
    "start_epoch": 1760821806.595995,
    "end_epoch": 1760821924.543966,
    "elapsed_seconds": 117.947971,
    "model": "gpt-4-0125-preview",
    "input_cost_per_token": 1e-05,
    "output_cost_per_token": 3e-05,
    "total_input_tokens": 22720,
    "total_output_tokens": 3716,
    "total_tokens": 26436,
    "total_cost": 0.33868
}