{
    "commit": "dd7c855bbac4e277aaa48af1475d87faf4f22e2d",
    "start_epoch": 1760816117.612855,
    "end_epoch": 1760816184.820802,
    "elapsed_seconds": 67.207947,
    "model": "gpt-4-0125-preview",
    "input_cost_per_token": 1e-05,
    "output_cost_per_token": 3e-05,
    "total_input_tokens": 8093,
    "total_output_tokens": 2159,
    "total_tokens": 10252,
    "total_cost": 0.1457
}