{
    "commit": "e6a8f4a66a60367ec2df7276f5d6cd05f8f211ed",
    "start_epoch": 1760796516.603524,
    "end_epoch": 1760796609.003251,
    "elapsed_seconds": 92.399727,
    "model": "gpt-4-0125-preview",
    "input_cost_per_token": 1e-05,
    "output_cost_per_token": 3e-05,
    "total_input_tokens": 28011,
    "total_output_tokens": 3660,
    "total_tokens": 31671,
    "total_cost": 0.38991000000000003
}