{
    "commit": "57bb8a5f2d0599888e0070c9a0dbb32d11b8e8fe",
    "start_epoch": 1760571144.937109,
    "end_epoch": 1760571186.727141,
    "elapsed_seconds": 41.790032,
    "model": "gpt-4-0125-preview",
    "input_cost_per_token": 1e-05,
    "output_cost_per_token": 3e-05,
    "total_input_tokens": 10777,
    "total_output_tokens": 1676,
    "total_tokens": 12453,
    "total_cost": 0.15805
}