{
    "commit": "4635c3872b219563f92ef850f2d4b79da158dfad",
    "start_epoch": 1760819164.398472,
    "end_epoch": 1760819223.226673,
    "elapsed_seconds": 58.828201,
    "model": "gpt-4-0125-preview",
    "input_cost_per_token": 1e-05,
    "output_cost_per_token": 3e-05,
    "total_input_tokens": 8637,
    "total_output_tokens": 1969,
    "total_tokens": 10606,
    "total_cost": 0.14543999999999999
}