{
    "commit": "581b20afa30a86b3aa0a9edf9b7a5c21d2e40b2b",
    "start_epoch": 1760806582.320017,
    "end_epoch": 1760806686.879112,
    "elapsed_seconds": 104.559095,
    "model": "gpt-4-0125-preview",
    "input_cost_per_token": 1e-05,
    "output_cost_per_token": 3e-05,
    "total_input_tokens": 16383,
    "total_output_tokens": 4162,
    "total_tokens": 20545,
    "total_cost": 0.28869000000000006
}