{
    "commit": "a095ab6c76b396903fa2472b232ab5ff1cb43d00",
    "start_epoch": 1760711449.760681,
    "end_epoch": 1760711552.820922,
    "elapsed_seconds": 103.060241,
    "model": "gpt-4-0125-preview",
    "input_cost_per_token": 1e-05,
    "output_cost_per_token": 3e-05,
    "total_input_tokens": 27797,
    "total_output_tokens": 3539,
    "total_tokens": 31336,
    "total_cost": 0.38414000000000004
}