{
    "commit": "9f1be21ab44e7e1d76df44eae1de69d5cd4855be",
    "start_epoch": 1760505719.9136,
    "end_epoch": 1760505762.025447,
    "elapsed_seconds": 42.111847,
    "model": "gpt-4-0125-preview",
    "input_cost_per_token": 1e-05,
    "output_cost_per_token": 3e-05,
    "total_input_tokens": 6070,
    "total_output_tokens": 1430,
    "total_tokens": 7500,
    "total_cost": 0.10360000000000001
}