{
    "commit": "299bcb7d9e2a6c4449147560d48838ad3a5043ca",
    "start_epoch": 1760808448.641189,
    "end_epoch": 1760808499.274093,
    "elapsed_seconds": 50.632904,
    "model": "gpt-4-0125-preview",
    "input_cost_per_token": 1e-05,
    "output_cost_per_token": 3e-05,
    "total_input_tokens": 6567,
    "total_output_tokens": 2038,
    "total_tokens": 8605,
    "total_cost": 0.12681
}