{
    "commit": "9bb12740550de2383fcd43c1ce3a3bcc1beabf45",
    "start_epoch": 1760575388.712767,
    "end_epoch": 1760575484.9958,
    "elapsed_seconds": 96.283033,
    "model": "gpt-4-0125-preview",
    "input_cost_per_token": 1e-05,
    "output_cost_per_token": 3e-05,
    "total_input_tokens": 10557,
    "total_output_tokens": 3860,
    "total_tokens": 14417,
    "total_cost": 0.22137000000000004
}