{
    "commit": "6efd3d73f289d12ce7e48d1beba260fe6114f103",
    "start_epoch": 1760502881.227856,
    "end_epoch": 1760502911.784339,
    "elapsed_seconds": 30.556483,
    "model": "gpt-4-0125-preview",
    "input_cost_per_token": 1e-05,
    "output_cost_per_token": 3e-05,
    "total_input_tokens": 3653,
    "total_output_tokens": 877,
    "total_tokens": 4530,
    "total_cost": 0.06284000000000001
}