{
    "commit": "b56f86eb3ca8c8da9ccf1e1b535ff51f3b8fb359",
    "start_epoch": 1760774579.941463,
    "end_epoch": 1760774668.459881,
    "elapsed_seconds": 88.518418,
    "model": "gpt-4-0125-preview",
    "input_cost_per_token": 1e-05,
    "output_cost_per_token": 3e-05,
    "total_input_tokens": 16735,
    "total_output_tokens": 2907,
    "total_tokens": 19642,
    "total_cost": 0.25456
}