{
    "commit": "daf4735e5d2a2287cb0e3140403dca643b43a8ee",
    "start_epoch": 1760733081.416026,
    "end_epoch": 1760733127.536383,
    "elapsed_seconds": 46.120357,
    "model": "gpt-4-0125-preview",
    "input_cost_per_token": 1e-05,
    "output_cost_per_token": 3e-05,
    "total_input_tokens": 4356,
    "total_output_tokens": 1271,
    "total_tokens": 5627,
    "total_cost": 0.08169
}