{
    "commit": "6f626f8752f3ea6e4da36afdf82b92d93ab3fd6e",
    "start_epoch": 1760581736.172375,
    "end_epoch": 1760581809.973185,
    "elapsed_seconds": 73.80081,
    "model": "gpt-4-0125-preview",
    "input_cost_per_token": 1e-05,
    "output_cost_per_token": 3e-05,
    "total_input_tokens": 16945,
    "total_output_tokens": 2451,
    "total_tokens": 19396,
    "total_cost": 0.24298000000000003
}