{
    "commit": "c15a327cdf08dc913eb2c251c21a728373872e38",
    "start_epoch": 1760698317.79998,
    "end_epoch": 1760698435.377132,
    "elapsed_seconds": 117.577152,
    "model": "gpt-4-0125-preview",
    "input_cost_per_token": 1e-05,
    "output_cost_per_token": 3e-05,
    "total_input_tokens": 22256,
    "total_output_tokens": 4666,
    "total_tokens": 26922,
    "total_cost": 0.36254000000000003
}