{
    "commit": "dfa1e512f9aa3dcfef190a66d0060e57654b086b",
    "start_epoch": 1760818217.270703,
    "end_epoch": 1760818451.053738,
    "elapsed_seconds": 233.783035,
    "model": "gpt-4-0125-preview",
    "input_cost_per_token": 1e-05,
    "output_cost_per_token": 3e-05,
    "total_input_tokens": 147151,
    "total_output_tokens": 5950,
    "total_tokens": 153101,
    "total_cost": 1.6500100000000004
}