{
    "commit": "70098a8592671d8965befe07a0501a2a517f49be",
    "start_epoch": 1760761272.813673,
    "end_epoch": 1760761343.95083,
    "elapsed_seconds": 71.137157,
    "model": "gpt-4-0125-preview",
    "input_cost_per_token": 1e-05,
    "output_cost_per_token": 3e-05,
    "total_input_tokens": 11670,
    "total_output_tokens": 2778,
    "total_tokens": 14448,
    "total_cost": 0.20004
}