{
    "commit": "085a8a1d9ae15cba8cd58da1eb45850b000cdbf8",
    "start_epoch": 1760535809.584308,
    "end_epoch": 1760535860.228539,
    "elapsed_seconds": 50.644231,
    "model": "gpt-4-0125-preview",
    "input_cost_per_token": 1e-05,
    "output_cost_per_token": 3e-05,
    "total_input_tokens": 8693,
    "total_output_tokens": 1542,
    "total_tokens": 10235,
    "total_cost": 0.13319
}