{
    "commit": "1802d68181dde016c30a8f45dbcfa2f1dc52bd42",
    "start_epoch": 1760793523.487004,
    "end_epoch": 1760793722.79408,
    "elapsed_seconds": 199.307076,
    "model": "gpt-4-0125-preview",
    "input_cost_per_token": 1e-05,
    "output_cost_per_token": 3e-05,
    "total_input_tokens": 43835,
    "total_output_tokens": 7270,
    "total_tokens": 51105,
    "total_cost": 0.65645
}