{
    "commit": "40be7dd158cf3d37ece739eb0798d51d908a2cb1",
    "start_epoch": 1760536461.131495,
    "end_epoch": 1760536537.117026,
    "elapsed_seconds": 75.985531,
    "model": "gpt-4-0125-preview",
    "input_cost_per_token": 1e-05,
    "output_cost_per_token": 3e-05,
    "total_input_tokens": 10794,
    "total_output_tokens": 2360,
    "total_tokens": 13154,
    "total_cost": 0.17874
}