{
    "commit": "9c0eeecbe27937a0a3f6bcf1b7ac66e83933a0bb",
    "start_epoch": 1760538187.950388,
    "end_epoch": 1760538248.30954,
    "elapsed_seconds": 60.359152,
    "model": "gpt-4-0125-preview",
    "input_cost_per_token": 1e-05,
    "output_cost_per_token": 3e-05,
    "total_input_tokens": 6672,
    "total_output_tokens": 1815,
    "total_tokens": 8487,
    "total_cost": 0.12117000000000001
}