{
    "commit": "000c3e9ed0b78ef102f1bf84074c3a243881fd10",
    "start_epoch": 1760820090.149888,
    "end_epoch": 1760820168.941835,
    "elapsed_seconds": 78.791947,
    "model": "gpt-4-0125-preview",
    "input_cost_per_token": 1e-05,
    "output_cost_per_token": 3e-05,
    "total_input_tokens": 37862,
    "total_output_tokens": 2700,
    "total_tokens": 40562,
    "total_cost": 0.45962000000000003
}