{
    "commit": "e01e059aab732efcfed29ab8d2382d8ae7ca6444",
    "start_epoch": 1760575539.365312,
    "end_epoch": 1760575616.080774,
    "elapsed_seconds": 76.715462,
    "model": "gpt-4-0125-preview",
    "input_cost_per_token": 1e-05,
    "output_cost_per_token": 3e-05,
    "total_input_tokens": 21011,
    "total_output_tokens": 2874,
    "total_tokens": 23885,
    "total_cost": 0.29633
}