{
    "commit": "8f73129fde3ecd9a1df2fec044a127d6249ef6f4",
    "start_epoch": 1760541185.001961,
    "end_epoch": 1760541270.495595,
    "elapsed_seconds": 85.493634,
    "model": "gpt-4-0125-preview",
    "input_cost_per_token": 1e-05,
    "output_cost_per_token": 3e-05,
    "total_input_tokens": 19625,
    "total_output_tokens": 2631,
    "total_tokens": 22256,
    "total_cost": 0.27518000000000004
}