{
    "commit": "2ad884cf3387f1d498c0a15588eda82e22a3c14b",
    "start_epoch": 1760554603.275381,
    "end_epoch": 1760554665.780717,
    "elapsed_seconds": 62.505336,
    "model": "gpt-4-0125-preview",
    "input_cost_per_token": 1e-05,
    "output_cost_per_token": 3e-05,
    "total_input_tokens": 9265,
    "total_output_tokens": 1833,
    "total_tokens": 11098,
    "total_cost": 0.14764
}