{
    "commit": "4561435c3a14ffeb73b5299e6ff84af2b4e159eb",
    "start_epoch": 1760500038.740762,
    "end_epoch": 1760500090.764337,
    "elapsed_seconds": 52.023575,
    "model": "gpt-4-0125-preview",
    "input_cost_per_token": 1e-05,
    "output_cost_per_token": 3e-05,
    "total_input_tokens": 9185,
    "total_output_tokens": 1965,
    "total_tokens": 11150,
    "total_cost": 0.15080000000000002
}