{
    "commit": "371d9cb5377d6918ee3a663d7e5d1bfbe5a982f2",
    "start_epoch": 1760742199.904591,
    "end_epoch": 1760742246.36419,
    "elapsed_seconds": 46.459599,
    "model": "gpt-4-0125-preview",
    "input_cost_per_token": 1e-05,
    "output_cost_per_token": 3e-05,
    "total_input_tokens": 8036,
    "total_output_tokens": 1476,
    "total_tokens": 9512,
    "total_cost": 0.12464000000000001
}