{
    "commit": "05f6f8586ae11d134f4af31f1892d41176ab540a",
    "start_epoch": 1760566104.738772,
    "end_epoch": 1760566162.097319,
    "elapsed_seconds": 57.358547,
    "model": "gpt-4-0125-preview",
    "input_cost_per_token": 1e-05,
    "output_cost_per_token": 3e-05,
    "total_input_tokens": 9945,
    "total_output_tokens": 1930,
    "total_tokens": 11875,
    "total_cost": 0.15735000000000002
}