{
    "commit": "b6008aa166143776d1018b5a45f3ec03472ddbe2",
    "start_epoch": 1760515582.404837,
    "end_epoch": 1760515689.511955,
    "elapsed_seconds": 107.107118,
    "model": "gpt-4-0125-preview",
    "input_cost_per_token": 1e-05,
    "output_cost_per_token": 3e-05,
    "total_input_tokens": 13996,
    "total_output_tokens": 4124,
    "total_tokens": 18120,
    "total_cost": 0.26368
}