{
    "commit": "6b9b964c35614eb09e2e04a52b9456279ff4e118",
    "start_epoch": 1760809672.372405,
    "end_epoch": 1760809773.990204,
    "elapsed_seconds": 101.617799,
    "model": "gpt-4-0125-preview",
    "input_cost_per_token": 1e-05,
    "output_cost_per_token": 3e-05,
    "total_input_tokens": 20497,
    "total_output_tokens": 3944,
    "total_tokens": 24441,
    "total_cost": 0.32329
}