{
    "commit": "63cd3102c3368248a0852d08652cb430c0c1cb4b",
    "start_epoch": 1760809564.436099,
    "end_epoch": 1760809672.204867,
    "elapsed_seconds": 107.768768,
    "model": "gpt-4-0125-preview",
    "input_cost_per_token": 1e-05,
    "output_cost_per_token": 3e-05,
    "total_input_tokens": 14354,
    "total_output_tokens": 3943,
    "total_tokens": 18297,
    "total_cost": 0.26183
}