{
    "commit": "b68d1d20c16e74f454aa71430aba3f56a9cdbe82",
    "start_epoch": 1760505147.408886,
    "end_epoch": 1760505302.217103,
    "elapsed_seconds": 154.808217,
    "model": "gpt-4-0125-preview",
    "input_cost_per_token": 1e-05,
    "output_cost_per_token": 3e-05,
    "total_input_tokens": 8658,
    "total_output_tokens": 2320,
    "total_tokens": 10978,
    "total_cost": 0.15618
}