{
    "commit": "c2bbf7a5d73dd4a3e6910e69379cb4460955a593",
    "start_epoch": 1760739531.910914,
    "end_epoch": 1760739679.975579,
    "elapsed_seconds": 148.064665,
    "model": "gpt-4-0125-preview",
    "input_cost_per_token": 1e-05,
    "output_cost_per_token": 3e-05,
    "total_input_tokens": 55788,
    "total_output_tokens": 5048,
    "total_tokens": 60836,
    "total_cost": 0.7093200000000001
}