{
    "commit": "73852c1848418665a82a8ca83800a17e854b3278",
    "start_epoch": 1760778727.237894,
    "end_epoch": 1760778926.795952,
    "elapsed_seconds": 199.558058,
    "model": "gpt-4-0125-preview",
    "input_cost_per_token": 1e-05,
    "output_cost_per_token": 3e-05,
    "total_input_tokens": 39466,
    "total_output_tokens": 3370,
    "total_tokens": 42836,
    "total_cost": 0.49576
}