{
    "commit": "e734d6ad267291be93e79c24416e571d4bb90998",
    "start_epoch": 1760708745.282244,
    "end_epoch": 1760708825.466744,
    "elapsed_seconds": 80.1845,
    "model": "gpt-4-0125-preview",
    "input_cost_per_token": 1e-05,
    "output_cost_per_token": 3e-05,
    "total_input_tokens": 19029,
    "total_output_tokens": 3050,
    "total_tokens": 22079,
    "total_cost": 0.28179000000000004
}