{
    "commit": "192153e8d4bf17496c1b82a935ec7d2f189773da",
    "start_epoch": 1760499403.656496,
    "end_epoch": 1760499456.283528,
    "elapsed_seconds": 52.627032,
    "model": "gpt-4-0125-preview",
    "input_cost_per_token": 1e-05,
    "output_cost_per_token": 3e-05,
    "total_input_tokens": 11856,
    "total_output_tokens": 1994,
    "total_tokens": 13850,
    "total_cost": 0.17838
}