{
    "commit": "5dfd7874647faa23958b5c4791de6f3f7dbc4fbb",
    "start_epoch": 1760507847.86332,
    "end_epoch": 1760507915.896979,
    "elapsed_seconds": 68.033659,
    "model": "gpt-4-0125-preview",
    "input_cost_per_token": 1e-05,
    "output_cost_per_token": 3e-05,
    "total_input_tokens": 7392,
    "total_output_tokens": 2471,
    "total_tokens": 9863,
    "total_cost": 0.14805000000000001
}