{
    "commit": "b8c6b390ba13c5b1d4d2e515050eb27918161020",
    "start_epoch": 1760520293.161043,
    "end_epoch": 1760520347.929228,
    "elapsed_seconds": 54.768185,
    "model": "gpt-4-0125-preview",
    "input_cost_per_token": 1e-05,
    "output_cost_per_token": 3e-05,
    "total_input_tokens": 8403,
    "total_output_tokens": 1666,
    "total_tokens": 10069,
    "total_cost": 0.13401000000000002
}