{
    "commit": "d331f71210c1abc4e83feae453d638f9dc214ca1",
    "start_epoch": 1760703359.564246,
    "end_epoch": 1760703403.045675,
    "elapsed_seconds": 43.481429,
    "model": "gpt-4-0125-preview",
    "input_cost_per_token": 1e-05,
    "output_cost_per_token": 3e-05,
    "total_input_tokens": 6101,
    "total_output_tokens": 1592,
    "total_tokens": 7693,
    "total_cost": 0.10877
}