{
    "commit": "55e2789f335d5ebc2b5e303625930393f57a538d",
    "start_epoch": 1760516970.963427,
    "end_epoch": 1760517089.852689,
    "elapsed_seconds": 118.889262,
    "model": "gpt-4-0125-preview",
    "input_cost_per_token": 1e-05,
    "output_cost_per_token": 3e-05,
    "total_input_tokens": 21653,
    "total_output_tokens": 3658,
    "total_tokens": 25311,
    "total_cost": 0.32627
}