{
    "commit": "73ef936168692f563d5972857c1a13e4825ef384",
    "start_epoch": 1760727296.643698,
    "end_epoch": 1760727347.500686,
    "elapsed_seconds": 50.856988,
    "model": "gpt-4-0125-preview",
    "input_cost_per_token": 1e-05,
    "output_cost_per_token": 3e-05,
    "total_input_tokens": 9327,
    "total_output_tokens": 1907,
    "total_tokens": 11234,
    "total_cost": 0.15048
}