{
    "commit": "36b2164e1d28f05b91a72e508b8444d683aa4895",
    "start_epoch": 1760540062.624667,
    "end_epoch": 1760540134.400384,
    "elapsed_seconds": 71.775717,
    "model": "gpt-4-0125-preview",
    "input_cost_per_token": 1e-05,
    "output_cost_per_token": 3e-05,
    "total_input_tokens": 6043,
    "total_output_tokens": 2104,
    "total_tokens": 8147,
    "total_cost": 0.12355000000000001
}