{
    "commit": "6e3847650d8b00e7efaa94968ce1615998533d5d",
    "start_epoch": 1760551882.995639,
    "end_epoch": 1760552010.954681,
    "elapsed_seconds": 127.959042,
    "model": "gpt-4-0125-preview",
    "input_cost_per_token": 1e-05,
    "output_cost_per_token": 3e-05,
    "total_input_tokens": 12032,
    "total_output_tokens": 4275,
    "total_tokens": 16307,
    "total_cost": 0.24857
}