{
    "commit": "cbd055947b685dfef706f31da51cb01db4ce6d45",
    "start_epoch": 1760791871.944791,
    "end_epoch": 1760791934.839423,
    "elapsed_seconds": 62.894632,
    "model": "gpt-4-0125-preview",
    "input_cost_per_token": 1e-05,
    "output_cost_per_token": 3e-05,
    "total_input_tokens": 11581,
    "total_output_tokens": 2562,
    "total_tokens": 14143,
    "total_cost": 0.19267000000000004
}