{
    "commit": "4f4d8465f14d9b9b1069750f1dedb6c8f3bc7e8f",
    "start_epoch": 1760509379.86359,
    "end_epoch": 1760509522.958451,
    "elapsed_seconds": 143.094861,
    "model": "gpt-4-0125-preview",
    "input_cost_per_token": 1e-05,
    "output_cost_per_token": 3e-05,
    "total_input_tokens": 25670,
    "total_output_tokens": 5194,
    "total_tokens": 30864,
    "total_cost": 0.41252000000000005
}