{
    "commit": "ec03b8c73e83dd16008f195ecda0232714bfc15f",
    "start_epoch": 1760736667.744742,
    "end_epoch": 1760736778.884979,
    "elapsed_seconds": 111.140237,
    "model": "gpt-4-0125-preview",
    "input_cost_per_token": 1e-05,
    "output_cost_per_token": 3e-05,
    "total_input_tokens": 25463,
    "total_output_tokens": 3927,
    "total_tokens": 29390,
    "total_cost": 0.37243999999999994
}