{
    "commit": "13a736768a6cfba031f96b288bffb1546cbb74ad",
    "start_epoch": 1760557412.418826,
    "end_epoch": 1760557526.091992,
    "elapsed_seconds": 113.673166,
    "model": "gpt-4-0125-preview",
    "input_cost_per_token": 1e-05,
    "output_cost_per_token": 3e-05,
    "total_input_tokens": 17109,
    "total_output_tokens": 3973,
    "total_tokens": 21082,
    "total_cost": 0.29028
}