{
    "commit": "95d3bd13ea57a8898864fb79b4c0d3bdf4b43ba0",
    "start_epoch": 1760750242.077004,
    "end_epoch": 1760750383.698407,
    "elapsed_seconds": 141.621403,
    "model": "gpt-4-0125-preview",
    "input_cost_per_token": 1e-05,
    "output_cost_per_token": 3e-05,
    "total_input_tokens": 30883,
    "total_output_tokens": 5713,
    "total_tokens": 36596,
    "total_cost": 0.48022000000000004
}