{
    "commit": "08ec917481531d2dc85d08dcd47f955e51e7b343",
    "start_epoch": 1760807405.490146,
    "end_epoch": 1760807508.394968,
    "elapsed_seconds": 102.904822,
    "model": "gpt-4-0125-preview",
    "input_cost_per_token": 1e-05,
    "output_cost_per_token": 3e-05,
    "total_input_tokens": 21329,
    "total_output_tokens": 4224,
    "total_tokens": 25553,
    "total_cost": 0.34001
}