{
    "commit": "630f8bd932e3ad999cf685e71f3275e1f1f1e109",
    "start_epoch": 1760781391.724748,
    "end_epoch": 1760781500.032336,
    "elapsed_seconds": 108.307588,
    "model": "gpt-4-0125-preview",
    "input_cost_per_token": 1e-05,
    "output_cost_per_token": 3e-05,
    "total_input_tokens": 18611,
    "total_output_tokens": 4403,
    "total_tokens": 23014,
    "total_cost": 0.3182
}