{
    "commit": "302f00c2bc8a496c5474d802b148515241e67ca8",
    "start_epoch": 1760785873.045911,
    "end_epoch": 1760785966.154721,
    "elapsed_seconds": 93.10881,
    "model": "gpt-4-0125-preview",
    "input_cost_per_token": 1e-05,
    "output_cost_per_token": 3e-05,
    "total_input_tokens": 15366,
    "total_output_tokens": 3902,
    "total_tokens": 19268,
    "total_cost": 0.27072
}