{
    "commit": "87aaaddce5332b3a34c0bb29bb9d16c2963794fb",
    "start_epoch": 1760708145.689964,
    "end_epoch": 1760708297.965276,
    "elapsed_seconds": 152.275312,
    "model": "gpt-4-0125-preview",
    "input_cost_per_token": 1e-05,
    "output_cost_per_token": 3e-05,
    "total_input_tokens": 19173,
    "total_output_tokens": 5712,
    "total_tokens": 24885,
    "total_cost": 0.36309
}