{
    "commit": "981f00ea50074376d89141c339ce7596f173300c",
    "start_epoch": 1760786646.688702,
    "end_epoch": 1760786728.665039,
    "elapsed_seconds": 81.976337,
    "model": "gpt-4-0125-preview",
    "input_cost_per_token": 1e-05,
    "output_cost_per_token": 3e-05,
    "total_input_tokens": 13801,
    "total_output_tokens": 3403,
    "total_tokens": 17204,
    "total_cost": 0.24010000000000004
}