{
    "commit": "65ed303805f5ddd6f20831cf6eb03d1c56a028b5",
    "start_epoch": 1760576676.413608,
    "end_epoch": 1760576748.414769,
    "elapsed_seconds": 72.001161,
    "model": "gpt-4-0125-preview",
    "input_cost_per_token": 1e-05,
    "output_cost_per_token": 3e-05,
    "total_input_tokens": 13167,
    "total_output_tokens": 2512,
    "total_tokens": 15679,
    "total_cost": 0.20703000000000002
}