{
    "commit": "b7c028bb3dcb599cfbce837b2e80eeea319d6cb3",
    "start_epoch": 1760718954.123755,
    "end_epoch": 1760719268.171935,
    "elapsed_seconds": 314.04818,
    "model": "gpt-4-0125-preview",
    "input_cost_per_token": 1e-05,
    "output_cost_per_token": 3e-05,
    "total_input_tokens": 106871,
    "total_output_tokens": 10532,
    "total_tokens": 117403,
    "total_cost": 1.3846699999999998
}