{
    "commit": "0cf740c6c801d787d2fb1b86b9f8e11e29381123",
    "start_epoch": 1760710079.351083,
    "end_epoch": 1760710124.523744,
    "elapsed_seconds": 45.172661,
    "model": "gpt-4-0125-preview",
    "input_cost_per_token": 1e-05,
    "output_cost_per_token": 3e-05,
    "total_input_tokens": 5893,
    "total_output_tokens": 1580,
    "total_tokens": 7473,
    "total_cost": 0.10633000000000001
}