{
    "commit": "7fa40b322ae62af3973cbf0e06e6cf06aee9e3ab",
    "start_epoch": 1760764099.440854,
    "end_epoch": 1760764150.810291,
    "elapsed_seconds": 51.369437,
    "model": "gpt-4-0125-preview",
    "input_cost_per_token": 1e-05,
    "output_cost_per_token": 3e-05,
    "total_input_tokens": 8087,
    "total_output_tokens": 1813,
    "total_tokens": 9900,
    "total_cost": 0.13526000000000002
}