{
    "commit": "c4921a3f7452e01e6499862105fe811b4d47de79",
    "start_epoch": 1760513577.777013,
    "end_epoch": 1760513696.686588,
    "elapsed_seconds": 118.909575,
    "model": "gpt-4-0125-preview",
    "input_cost_per_token": 1e-05,
    "output_cost_per_token": 3e-05,
    "total_input_tokens": 19965,
    "total_output_tokens": 4135,
    "total_tokens": 24100,
    "total_cost": 0.3237
}