{
    "commit": "8f256441e961787c92e2ab2c8b00a15329950fd2",
    "start_epoch": 1760811819.860309,
    "end_epoch": 1760811907.031408,
    "elapsed_seconds": 87.171099,
    "model": "gpt-4-0125-preview",
    "input_cost_per_token": 1e-05,
    "output_cost_per_token": 3e-05,
    "total_input_tokens": 23110,
    "total_output_tokens": 2510,
    "total_tokens": 25620,
    "total_cost": 0.3064
}