{
    "commit": "76f39193534a78f0d8a2d62788c0728bcdcc5aef",
    "start_epoch": 1760509827.126874,
    "end_epoch": 1760509932.790061,
    "elapsed_seconds": 105.663187,
    "model": "gpt-4-0125-preview",
    "input_cost_per_token": 1e-05,
    "output_cost_per_token": 3e-05,
    "total_input_tokens": 11857,
    "total_output_tokens": 3590,
    "total_tokens": 15447,
    "total_cost": 0.22627000000000003
}