{
    "commit": "27b85234bc4d8dcf826cafcc2111973bc73c2f6f",
    "start_epoch": 1760549056.52502,
    "end_epoch": 1760549090.702739,
    "elapsed_seconds": 34.177719,
    "model": "gpt-4-0125-preview",
    "input_cost_per_token": 1e-05,
    "output_cost_per_token": 3e-05,
    "total_input_tokens": 4833,
    "total_output_tokens": 1036,
    "total_tokens": 5869,
    "total_cost": 0.07941000000000001
}