{
    "commit": "fe01158a9d8c7879516e37a496375493e8c9cf5b",
    "start_epoch": 1760501855.215468,
    "end_epoch": 1760501904.40138,
    "elapsed_seconds": 49.185912,
    "model": "gpt-4-0125-preview",
    "input_cost_per_token": 1e-05,
    "output_cost_per_token": 3e-05,
    "total_input_tokens": 14341,
    "total_output_tokens": 1889,
    "total_tokens": 16230,
    "total_cost": 0.20008000000000004
}