{
    "commit": "3edb0087fa358372e5906afc090ea3959521c576",
    "start_epoch": 1760514611.680838,
    "end_epoch": 1760514705.203287,
    "elapsed_seconds": 93.522449,
    "model": "gpt-4-0125-preview",
    "input_cost_per_token": 1e-05,
    "output_cost_per_token": 3e-05,
    "total_input_tokens": 46391,
    "total_output_tokens": 2930,
    "total_tokens": 49321,
    "total_cost": 0.5518100000000001
}