{
    "commit": "fc667b981575587f71e2244663768109990592b2",
    "start_epoch": 1760780807.884135,
    "end_epoch": 1760780872.838776,
    "elapsed_seconds": 64.954641,
    "model": "gpt-4-0125-preview",
    "input_cost_per_token": 1e-05,
    "output_cost_per_token": 3e-05,
    "total_input_tokens": 9768,
    "total_output_tokens": 2523,
    "total_tokens": 12291,
    "total_cost": 0.17337000000000002
}