{
    "commit": "7451153509da1a595138138ce8a15d63e6be0ed8",
    "start_epoch": 1760554272.360009,
    "end_epoch": 1760554331.817851,
    "elapsed_seconds": 59.457842,
    "model": "gpt-4-0125-preview",
    "input_cost_per_token": 1e-05,
    "output_cost_per_token": 3e-05,
    "total_input_tokens": 8070,
    "total_output_tokens": 1495,
    "total_tokens": 9565,
    "total_cost": 0.12555000000000002
}