{
    "commit": "55e269fb87b66be897d98a6eb20c6b85fc477160",
    "start_epoch": 1760557801.997465,
    "end_epoch": 1760558215.822563,
    "elapsed_seconds": 413.825098,
    "model": "gpt-4-0125-preview",
    "input_cost_per_token": 1e-05,
    "output_cost_per_token": 3e-05,
    "total_input_tokens": 170131,
    "total_output_tokens": 12589,
    "total_tokens": 182720,
    "total_cost": 2.0789799999999987
}