{
    "commit": "f10b014ace86239604e77d02b261ee7f1d72ad49",
    "start_epoch": 1760782916.840426,
    "end_epoch": 1760782957.415794,
    "elapsed_seconds": 40.575368,
    "model": "gpt-4-0125-preview",
    "input_cost_per_token": 1e-05,
    "output_cost_per_token": 3e-05,
    "total_input_tokens": 5212,
    "total_output_tokens": 1342,
    "total_tokens": 6554,
    "total_cost": 0.09238
}