{
    "commit": "0c0e140174f0dc2d253a6181f7ac7247f49b18a1",
    "start_epoch": 1760716844.287179,
    "end_epoch": 1760716950.617189,
    "elapsed_seconds": 106.33001,
    "model": "gpt-4-0125-preview",
    "input_cost_per_token": 1e-05,
    "output_cost_per_token": 3e-05,
    "total_input_tokens": 10180,
    "total_output_tokens": 2203,
    "total_tokens": 12383,
    "total_cost": 0.16789000000000004
}