{
    "commit": "24780e692b2dbbd3b941828a62dc885554426c1c",
    "start_epoch": 1760806221.722604,
    "end_epoch": 1760806267.890122,
    "elapsed_seconds": 46.167518,
    "model": "gpt-4-0125-preview",
    "input_cost_per_token": 1e-05,
    "output_cost_per_token": 3e-05,
    "total_input_tokens": 12041,
    "total_output_tokens": 1963,
    "total_tokens": 14004,
    "total_cost": 0.17930000000000001
}