{
    "commit": "14f26d21f2ab3f5f778c2f00c220c9037efe393d",
    "start_epoch": 1760558337.985956,
    "end_epoch": 1760558381.135306,
    "elapsed_seconds": 43.14935,
    "model": "gpt-4-0125-preview",
    "input_cost_per_token": 1e-05,
    "output_cost_per_token": 3e-05,
    "total_input_tokens": 7241,
    "total_output_tokens": 1500,
    "total_tokens": 8741,
    "total_cost": 0.11741
}