{
    "commit": "f043e4229d4878ab943d45dc95ed98b85fffb46a",
    "start_epoch": 1760755260.944255,
    "end_epoch": 1760755353.761512,
    "elapsed_seconds": 92.817257,
    "model": "gpt-4-0125-preview",
    "input_cost_per_token": 1e-05,
    "output_cost_per_token": 3e-05,
    "total_input_tokens": 24882,
    "total_output_tokens": 3147,
    "total_tokens": 28029,
    "total_cost": 0.34323
}