{
    "commit": "f8585b5eb60bf2294d3d22e7adb94516f0d7264c",
    "start_epoch": 1760746075.201813,
    "end_epoch": 1760746455.713825,
    "elapsed_seconds": 380.512012,
    "model": "gpt-4-0125-preview",
    "input_cost_per_token": 1e-05,
    "output_cost_per_token": 3e-05,
    "total_input_tokens": 166532,
    "total_output_tokens": 11872,
    "total_tokens": 178404,
    "total_cost": 2.021480000000001
}