{
    "commit": "04cfce13e0202a8ff2e229d09ba04502d818da6e",
    "start_epoch": 1760547322.72639,
    "end_epoch": 1760547409.213664,
    "elapsed_seconds": 86.487274,
    "model": "gpt-4-0125-preview",
    "input_cost_per_token": 1e-05,
    "output_cost_per_token": 3e-05,
    "total_input_tokens": 15794,
    "total_output_tokens": 3027,
    "total_tokens": 18821,
    "total_cost": 0.24875000000000005
}