{
    "commit": "44f159cab0624063f939c9e86ac5c515e80115dc",
    "start_epoch": 1760792725.210369,
    "end_epoch": 1760792777.228017,
    "elapsed_seconds": 52.017648,
    "model": "gpt-4-0125-preview",
    "input_cost_per_token": 1e-05,
    "output_cost_per_token": 3e-05,
    "total_input_tokens": 9243,
    "total_output_tokens": 1877,
    "total_tokens": 11120,
    "total_cost": 0.14874
}