{
    "commit": "0fab1d0503761bda5172994c9168132e96990660",
    "start_epoch": 1760714801.899674,
    "end_epoch": 1760714893.012229,
    "elapsed_seconds": 91.112555,
    "model": "gpt-4-0125-preview",
    "input_cost_per_token": 1e-05,
    "output_cost_per_token": 3e-05,
    "total_input_tokens": 28560,
    "total_output_tokens": 3279,
    "total_tokens": 31839,
    "total_cost": 0.38397000000000003
}