{
    "commit": "09f275cf613982c13f92bde1bb62162d00df3bbe",
    "start_epoch": 1760515266.603698,
    "end_epoch": 1760515375.812613,
    "elapsed_seconds": 109.208915,
    "model": "gpt-4-0125-preview",
    "input_cost_per_token": 1e-05,
    "output_cost_per_token": 3e-05,
    "total_input_tokens": 31843,
    "total_output_tokens": 3643,
    "total_tokens": 35486,
    "total_cost": 0.42772000000000004
}