{
    "commit": "3e92628d26280ad360a2113594c9ffdb428d2628",
    "start_epoch": 1760537913.788764,
    "end_epoch": 1760537998.903179,
    "elapsed_seconds": 85.114415,
    "model": "gpt-4-0125-preview",
    "input_cost_per_token": 1e-05,
    "output_cost_per_token": 3e-05,
    "total_input_tokens": 11201,
    "total_output_tokens": 2685,
    "total_tokens": 13886,
    "total_cost": 0.19256
}