{
    "commit": "6926fd6d9f5c1c229b2233e3a23969463b90fb44",
    "start_epoch": 1760749483.756954,
    "end_epoch": 1760749565.089811,
    "elapsed_seconds": 81.332857,
    "model": "gpt-4-0125-preview",
    "input_cost_per_token": 1e-05,
    "output_cost_per_token": 3e-05,
    "total_input_tokens": 9630,
    "total_output_tokens": 3071,
    "total_tokens": 12701,
    "total_cost": 0.18843000000000001
}