{
    "commit": "f4d24ff6cc3ce8ee68f9628e9ade62124c524d06",
    "start_epoch": 1760546850.117332,
    "end_epoch": 1760546949.282135,
    "elapsed_seconds": 99.164803,
    "model": "gpt-4-0125-preview",
    "input_cost_per_token": 1e-05,
    "output_cost_per_token": 3e-05,
    "total_input_tokens": 9260,
    "total_output_tokens": 3719,
    "total_tokens": 12979,
    "total_cost": 0.20417
}