{
    "commit": "16979c6dfb6649e30802ab583e310487411e1d47",
    "start_epoch": 1760758778.965876,
    "end_epoch": 1760758818.599878,
    "elapsed_seconds": 39.634002,
    "model": "gpt-4-0125-preview",
    "input_cost_per_token": 1e-05,
    "output_cost_per_token": 3e-05,
    "total_input_tokens": 6720,
    "total_output_tokens": 1533,
    "total_tokens": 8253,
    "total_cost": 0.11319000000000001
}