{
    "commit": "b60093ef8cefa295a5e493fbf6df346ad4df2778",
    "start_epoch": 1760790858.975113,
    "end_epoch": 1760790901.795921,
    "elapsed_seconds": 42.820808,
    "model": "gpt-4-0125-preview",
    "input_cost_per_token": 1e-05,
    "output_cost_per_token": 3e-05,
    "total_input_tokens": 8037,
    "total_output_tokens": 1499,
    "total_tokens": 9536,
    "total_cost": 0.12534
}