{
    "commit": "116874ee7173b093ac0816c381a221df53e4cccc",
    "start_epoch": 1760570147.157971,
    "end_epoch": 1760570229.943659,
    "elapsed_seconds": 82.785688,
    "model": "gpt-4-0125-preview",
    "input_cost_per_token": 1e-05,
    "output_cost_per_token": 3e-05,
    "total_input_tokens": 17464,
    "total_output_tokens": 3165,
    "total_tokens": 20629,
    "total_cost": 0.26959000000000005
}