{
    "commit": "941db346cfcc00c20a7a31fdf8a0dd7cd5bb789f",
    "start_epoch": 1760800751.98354,
    "end_epoch": 1760800839.382405,
    "elapsed_seconds": 87.398865,
    "model": "gpt-4-0125-preview",
    "input_cost_per_token": 1e-05,
    "output_cost_per_token": 3e-05,
    "total_input_tokens": 24493,
    "total_output_tokens": 3364,
    "total_tokens": 27857,
    "total_cost": 0.34585000000000005
}