{
    "commit": "a01c7830960a24c45bcc004a6111492e5d639446",
    "start_epoch": 1760815361.428859,
    "end_epoch": 1760815437.919179,
    "elapsed_seconds": 76.49032,
    "model": "gpt-4-0125-preview",
    "input_cost_per_token": 1e-05,
    "output_cost_per_token": 3e-05,
    "total_input_tokens": 18956,
    "total_output_tokens": 2535,
    "total_tokens": 21491,
    "total_cost": 0.26561
}