{
    "commit": "a6fa6b1bbd772e9809c9e0f0e75aa8de9efdbb02",
    "start_epoch": 1760759329.352569,
    "end_epoch": 1760759408.595,
    "elapsed_seconds": 79.242431,
    "model": "gpt-4-0125-preview",
    "input_cost_per_token": 1e-05,
    "output_cost_per_token": 3e-05,
    "total_input_tokens": 9990,
    "total_output_tokens": 2845,
    "total_tokens": 12835,
    "total_cost": 0.18525
}