{
    "commit": "68c199c82b49af816b391fb5419fb5814320a83e",
    "start_epoch": 1760801003.982061,
    "end_epoch": 1760801085.444397,
    "elapsed_seconds": 81.462336,
    "model": "gpt-4-0125-preview",
    "input_cost_per_token": 1e-05,
    "output_cost_per_token": 3e-05,
    "total_input_tokens": 10552,
    "total_output_tokens": 3061,
    "total_tokens": 13613,
    "total_cost": 0.19735
}