{
    "commit": "26017f4c5b1e6fdcfc152767537802cb9e657296",
    "start_epoch": 1760728827.652183,
    "end_epoch": 1760728923.690454,
    "elapsed_seconds": 96.038271,
    "model": "gpt-4-0125-preview",
    "input_cost_per_token": 1e-05,
    "output_cost_per_token": 3e-05,
    "total_input_tokens": 13432,
    "total_output_tokens": 3285,
    "total_tokens": 16717,
    "total_cost": 0.23287
}