{
    "commit": "7e8ceb28076a51c5dbfa2e1ce19a79e89fc43e33",
    "start_epoch": 1760796748.354553,
    "end_epoch": 1760796846.444088,
    "elapsed_seconds": 98.089535,
    "model": "gpt-4-0125-preview",
    "input_cost_per_token": 1e-05,
    "output_cost_per_token": 3e-05,
    "total_input_tokens": 15950,
    "total_output_tokens": 3678,
    "total_tokens": 19628,
    "total_cost": 0.26983999999999997
}