{
    "commit": "008e0b923446c8bd163dc98845328c71cc0b35e0",
    "start_epoch": 1760816781.940404,
    "end_epoch": 1760816845.987949,
    "elapsed_seconds": 64.047545,
    "model": "gpt-4-0125-preview",
    "input_cost_per_token": 1e-05,
    "output_cost_per_token": 3e-05,
    "total_input_tokens": 12512,
    "total_output_tokens": 1526,
    "total_tokens": 14038,
    "total_cost": 0.1709
}