{
    "commit": "6a412ed055c74eb3f4b48dbdce968572813f0f0e",
    "start_epoch": 1760516524.51979,
    "end_epoch": 1760516605.139081,
    "elapsed_seconds": 80.619291,
    "model": "gpt-4-0125-preview",
    "input_cost_per_token": 1e-05,
    "output_cost_per_token": 3e-05,
    "total_input_tokens": 10908,
    "total_output_tokens": 2993,
    "total_tokens": 13901,
    "total_cost": 0.19887
}