{
    "commit": "568f386eabf262635b3897bcd4edc0447100fe9d",
    "start_epoch": 1760530500.515763,
    "end_epoch": 1760530640.895373,
    "elapsed_seconds": 140.37961,
    "model": "gpt-4-0125-preview",
    "input_cost_per_token": 1e-05,
    "output_cost_per_token": 3e-05,
    "total_input_tokens": 18531,
    "total_output_tokens": 5110,
    "total_tokens": 23641,
    "total_cost": 0.33860999999999997
}