{
    "commit": "030ca327f8a29d9bd1c1f272c5c6f7fcdbe4be68",
    "start_epoch": 1760801683.771896,
    "end_epoch": 1760801772.33507,
    "elapsed_seconds": 88.563174,
    "model": "gpt-4-0125-preview",
    "input_cost_per_token": 1e-05,
    "output_cost_per_token": 3e-05,
    "total_input_tokens": 14219,
    "total_output_tokens": 3634,
    "total_tokens": 17853,
    "total_cost": 0.25121000000000004
}