{
    "commit": "ffdd02e83937987270172964bd4524dd44e4a546",
    "start_epoch": 1760759489.580459,
    "end_epoch": 1760759572.757963,
    "elapsed_seconds": 83.177504,
    "model": "gpt-4-0125-preview",
    "input_cost_per_token": 1e-05,
    "output_cost_per_token": 3e-05,
    "total_input_tokens": 15646,
    "total_output_tokens": 3075,
    "total_tokens": 18721,
    "total_cost": 0.24871000000000001
}