{
    "commit": "c6beb6e99b17f93fdf540c06b6ba3956f3b628cf",
    "start_epoch": 1760580478.156891,
    "end_epoch": 1760580540.090602,
    "elapsed_seconds": 61.933711,
    "model": "gpt-4-0125-preview",
    "input_cost_per_token": 1e-05,
    "output_cost_per_token": 3e-05,
    "total_input_tokens": 8448,
    "total_output_tokens": 1975,
    "total_tokens": 10423,
    "total_cost": 0.14373000000000002
}