{
    "commit": "d4d5f0352ddf7d7c8d4ec3a8922fa70b8e1f46c3",
    "start_epoch": 1760753394.269386,
    "end_epoch": 1760753795.229825,
    "elapsed_seconds": 400.960439,
    "model": "gpt-4-0125-preview",
    "input_cost_per_token": 1e-05,
    "output_cost_per_token": 3e-05,
    "total_input_tokens": 176522,
    "total_output_tokens": 12776,
    "total_tokens": 189298,
    "total_cost": 2.1485
}