{
    "commit": "b43fe0903242acda223918701e8537a16690aafc",
    "start_epoch": 1760765160.946996,
    "end_epoch": 1760765269.989202,
    "elapsed_seconds": 109.042206,
    "model": "gpt-4-0125-preview",
    "input_cost_per_token": 1e-05,
    "output_cost_per_token": 3e-05,
    "total_input_tokens": 20488,
    "total_output_tokens": 4357,
    "total_tokens": 24845,
    "total_cost": 0.33559
}