{
    "commit": "2b46e624fa5815852294d5e27fe8b9da5a72d89b",
    "start_epoch": 1760696068.892399,
    "end_epoch": 1760696178.330215,
    "elapsed_seconds": 109.437816,
    "model": "gpt-4-0125-preview",
    "input_cost_per_token": 1e-05,
    "output_cost_per_token": 3e-05,
    "total_input_tokens": 13929,
    "total_output_tokens": 3539,
    "total_tokens": 17468,
    "total_cost": 0.24546
}