{
    "commit": "e5a027c1fc196aae2eca7b74d47c82f4ab4da897",
    "start_epoch": 1760538538.815667,
    "end_epoch": 1760538649.956625,
    "elapsed_seconds": 111.140958,
    "model": "gpt-4-0125-preview",
    "input_cost_per_token": 1e-05,
    "output_cost_per_token": 3e-05,
    "total_input_tokens": 45383,
    "total_output_tokens": 3528,
    "total_tokens": 48911,
    "total_cost": 0.55967
}