{
    "commit": "c55cd61f6a70b4cd10ce8428546f69a825eec9b4",
    "start_epoch": 1760754114.677903,
    "end_epoch": 1760754155.662525,
    "elapsed_seconds": 40.984622,
    "model": "gpt-4-0125-preview",
    "input_cost_per_token": 1e-05,
    "output_cost_per_token": 3e-05,
    "total_input_tokens": 7554,
    "total_output_tokens": 1584,
    "total_tokens": 9138,
    "total_cost": 0.12306000000000002
}