{
    "commit": "92f753ea9539018f0fac87737c96f85facc9a56f",
    "start_epoch": 1760560971.221222,
    "end_epoch": 1760561101.172135,
    "elapsed_seconds": 129.950913,
    "model": "gpt-4-0125-preview",
    "input_cost_per_token": 1e-05,
    "output_cost_per_token": 3e-05,
    "total_input_tokens": 36089,
    "total_output_tokens": 4182,
    "total_tokens": 40271,
    "total_cost": 0.48634999999999995
}