{
    "commit": "0011b7004b0d38fdc7f78a4e46464757a13be96f",
    "start_epoch": 1760712628.93359,
    "end_epoch": 1760712719.243805,
    "elapsed_seconds": 90.310215,
    "model": "gpt-4-0125-preview",
    "input_cost_per_token": 1e-05,
    "output_cost_per_token": 3e-05,
    "total_input_tokens": 46366,
    "total_output_tokens": 3078,
    "total_tokens": 49444,
    "total_cost": 0.556
}