{
    "commit": "362403c950aef1599995ac50b4260d37e86cb6c4",
    "start_epoch": 1760508023.179801,
    "end_epoch": 1760508146.019224,
    "elapsed_seconds": 122.839423,
    "model": "gpt-4-0125-preview",
    "input_cost_per_token": 1e-05,
    "output_cost_per_token": 3e-05,
    "total_input_tokens": 23634,
    "total_output_tokens": 4142,
    "total_tokens": 27776,
    "total_cost": 0.36060000000000003
}