{
    "commit": "dd90e1c0ec8c81b61689617d79ae54128de18497",
    "start_epoch": 1760531626.048566,
    "end_epoch": 1760531977.719466,
    "elapsed_seconds": 351.6709,
    "model": "gpt-4-0125-preview",
    "input_cost_per_token": 1e-05,
    "output_cost_per_token": 3e-05,
    "total_input_tokens": 140627,
    "total_output_tokens": 10426,
    "total_tokens": 151053,
    "total_cost": 1.7190500000000006
}