{
    "commit": "b8082747f5145524f0d630c0ad396d7640ab5055",
    "start_epoch": 1760794891.404192,
    "end_epoch": 1760794995.658175,
    "elapsed_seconds": 104.253983,
    "model": "gpt-4-0125-preview",
    "input_cost_per_token": 1e-05,
    "output_cost_per_token": 3e-05,
    "total_input_tokens": 19790,
    "total_output_tokens": 4372,
    "total_tokens": 24162,
    "total_cost": 0.32906
}