{
    "commit": "96bf2d64d29cd39041315c9503e547a72730e204",
    "start_epoch": 1760576891.524436,
    "end_epoch": 1760577087.032912,
    "elapsed_seconds": 195.508476,
    "model": "gpt-4-0125-preview",
    "input_cost_per_token": 1e-05,
    "output_cost_per_token": 3e-05,
    "total_input_tokens": 30476,
    "total_output_tokens": 7330,
    "total_tokens": 37806,
    "total_cost": 0.52466
}