{
    "commit": "ba54397d25fc0db12dcca14623054680e9f1988b",
    "start_epoch": 1760769448.859886,
    "end_epoch": 1760769543.644754,
    "elapsed_seconds": 94.784868,
    "model": "gpt-4-0125-preview",
    "input_cost_per_token": 1e-05,
    "output_cost_per_token": 3e-05,
    "total_input_tokens": 10159,
    "total_output_tokens": 3916,
    "total_tokens": 14075,
    "total_cost": 0.21907
}