{
    "commit": "f423be2cc20a2324a9ea676dfce1d8317d1b56eb",
    "start_epoch": 1760544748.861486,
    "end_epoch": 1760544801.424215,
    "elapsed_seconds": 52.562729,
    "model": "gpt-4-0125-preview",
    "input_cost_per_token": 1e-05,
    "output_cost_per_token": 3e-05,
    "total_input_tokens": 5961,
    "total_output_tokens": 1653,
    "total_tokens": 7614,
    "total_cost": 0.10920000000000002
}