{
    "commit": "01d0be4fa0a5f38faf0d57988630709286d5c573",
    "start_epoch": 1760725983.821638,
    "end_epoch": 1760726130.79244,
    "elapsed_seconds": 146.970802,
    "model": "gpt-4-0125-preview",
    "input_cost_per_token": 1e-05,
    "output_cost_per_token": 3e-05,
    "total_input_tokens": 31932,
    "total_output_tokens": 5167,
    "total_tokens": 37099,
    "total_cost": 0.4743300000000001
}