{
    "commit": "5f71729a0801430729c767e01b49f3579c53c691",
    "start_epoch": 1760797704.159908,
    "end_epoch": 1760797787.461992,
    "elapsed_seconds": 83.302084,
    "model": "gpt-4-0125-preview",
    "input_cost_per_token": 1e-05,
    "output_cost_per_token": 3e-05,
    "total_input_tokens": 12831,
    "total_output_tokens": 2873,
    "total_tokens": 15704,
    "total_cost": 0.21450000000000002
}