{
    "commit": "2b976fa4974c46c5514e6a12afcbfa1c3a7a8bbe",
    "start_epoch": 1760563411.697928,
    "end_epoch": 1760563451.363875,
    "elapsed_seconds": 39.665947,
    "model": "gpt-4-0125-preview",
    "input_cost_per_token": 1e-05,
    "output_cost_per_token": 3e-05,
    "total_input_tokens": 7988,
    "total_output_tokens": 1583,
    "total_tokens": 9571,
    "total_cost": 0.12736999999999998
}