{
    "commit": "6079b810e5a3a95fc5b45679d06b42878bc1e640",
    "start_epoch": 1760571455.779467,
    "end_epoch": 1760571571.761632,
    "elapsed_seconds": 115.982165,
    "model": "gpt-4-0125-preview",
    "input_cost_per_token": 1e-05,
    "output_cost_per_token": 3e-05,
    "total_input_tokens": 29507,
    "total_output_tokens": 4513,
    "total_tokens": 34020,
    "total_cost": 0.43046
}