{
    "commit": "9350dd54616b830004a5f958e4629f6decaceb0a",
    "start_epoch": 1760798263.95286,
    "end_epoch": 1760798353.905081,
    "elapsed_seconds": 89.952221,
    "model": "gpt-4-0125-preview",
    "input_cost_per_token": 1e-05,
    "output_cost_per_token": 3e-05,
    "total_input_tokens": 16023,
    "total_output_tokens": 3436,
    "total_tokens": 19459,
    "total_cost": 0.26331
}