{
    "commit": "e4eccd2bfccd8a31caf6991927e3defec654cf00",
    "start_epoch": 1760564998.862901,
    "end_epoch": 1760565071.526956,
    "elapsed_seconds": 72.664055,
    "model": "gpt-4-0125-preview",
    "input_cost_per_token": 1e-05,
    "output_cost_per_token": 3e-05,
    "total_input_tokens": 14025,
    "total_output_tokens": 2841,
    "total_tokens": 16866,
    "total_cost": 0.22548
}