{
    "commit": "719629669c264f171d44547562b299b5f1a2dc58",
    "start_epoch": 1760792777.433586,
    "end_epoch": 1760792872.190172,
    "elapsed_seconds": 94.756586,
    "model": "gpt-4-0125-preview",
    "input_cost_per_token": 1e-05,
    "output_cost_per_token": 3e-05,
    "total_input_tokens": 24482,
    "total_output_tokens": 3602,
    "total_tokens": 28084,
    "total_cost": 0.35287999999999997
}