{
    "commit": "5f437997f88c9b48c19309d297f7158389f2450f",
    "start_epoch": 1760542495.185941,
    "end_epoch": 1760542605.677557,
    "elapsed_seconds": 110.491616,
    "model": "gpt-4-0125-preview",
    "input_cost_per_token": 1e-05,
    "output_cost_per_token": 3e-05,
    "total_input_tokens": 15688,
    "total_output_tokens": 3308,
    "total_tokens": 18996,
    "total_cost": 0.25612
}