{
    "commit": "8a238b094796c6f99ea2197e66a07fa2df0fbe0f",
    "start_epoch": 1760745979.443421,
    "end_epoch": 1760746074.926308,
    "elapsed_seconds": 95.482887,
    "model": "gpt-4-0125-preview",
    "input_cost_per_token": 1e-05,
    "output_cost_per_token": 3e-05,
    "total_input_tokens": 9671,
    "total_output_tokens": 3303,
    "total_tokens": 12974,
    "total_cost": 0.1958
}