{
    "commit": "2682001204ca4f02c6083f19f72176c92a8f98a9",
    "start_epoch": 1760772432.28395,
    "end_epoch": 1760772471.384616,
    "elapsed_seconds": 39.100666,
    "model": "gpt-4-0125-preview",
    "input_cost_per_token": 1e-05,
    "output_cost_per_token": 3e-05,
    "total_input_tokens": 5928,
    "total_output_tokens": 1518,
    "total_tokens": 7446,
    "total_cost": 0.10482000000000001
}