{
    "commit": "2d4229fab364eb7482aff272a716e6b1880d6b27",
    "start_epoch": 1760712508.688359,
    "end_epoch": 1760712628.733627,
    "elapsed_seconds": 120.045268,
    "model": "gpt-4-0125-preview",
    "input_cost_per_token": 1e-05,
    "output_cost_per_token": 3e-05,
    "total_input_tokens": 21279,
    "total_output_tokens": 4487,
    "total_tokens": 25766,
    "total_cost": 0.34739999999999993
}