{
    "commit": "cdd701cec1b9a5cc5bbca5ca1e0479d1efe7eca8",
    "start_epoch": 1760558637.177231,
    "end_epoch": 1760558763.167577,
    "elapsed_seconds": 125.990346,
    "model": "gpt-4-0125-preview",
    "input_cost_per_token": 1e-05,
    "output_cost_per_token": 3e-05,
    "total_input_tokens": 17165,
    "total_output_tokens": 4321,
    "total_tokens": 21486,
    "total_cost": 0.30128
}