{
    "commit": "bc01d80d2642247fc651db1452527338976da99c",
    "start_epoch": 1760586054.517022,
    "end_epoch": 1760586125.123863,
    "elapsed_seconds": 70.606841,
    "model": "gpt-4-0125-preview",
    "input_cost_per_token": 1e-05,
    "output_cost_per_token": 3e-05,
    "total_input_tokens": 16173,
    "total_output_tokens": 2451,
    "total_tokens": 18624,
    "total_cost": 0.23526000000000002
}