{
    "commit": "2726deb1373fa10db458c7fcb8f16c8bb939ecd2",
    "start_epoch": 1760578129.403173,
    "end_epoch": 1760578249.143961,
    "elapsed_seconds": 119.740788,
    "model": "gpt-4-0125-preview",
    "input_cost_per_token": 1e-05,
    "output_cost_per_token": 3e-05,
    "total_input_tokens": 24766,
    "total_output_tokens": 4168,
    "total_tokens": 28934,
    "total_cost": 0.37269999999999986
}