{
    "commit": "20174617cf52cc2dd422c94e4bd5cc1ef9f1b142",
    "start_epoch": 1760527772.860785,
    "end_epoch": 1760527882.448479,
    "elapsed_seconds": 109.587694,
    "model": "gpt-4-0125-preview",
    "input_cost_per_token": 1e-05,
    "output_cost_per_token": 3e-05,
    "total_input_tokens": 22123,
    "total_output_tokens": 3943,
    "total_tokens": 26066,
    "total_cost": 0.33952
}