{
    "commit": "feebdcec1bba67915957ca8486422649253a1d1b",
    "start_epoch": 1760808406.404926,
    "end_epoch": 1760808448.512287,
    "elapsed_seconds": 42.107361,
    "model": "gpt-4-0125-preview",
    "input_cost_per_token": 1e-05,
    "output_cost_per_token": 3e-05,
    "total_input_tokens": 7057,
    "total_output_tokens": 1611,
    "total_tokens": 8668,
    "total_cost": 0.1189
}