{
    "commit": "d184478af464c7bf9700bd1354476856ddb2e28f",
    "start_epoch": 1760805003.697592,
    "end_epoch": 1760805064.378777,
    "elapsed_seconds": 60.681185,
    "model": "gpt-4-0125-preview",
    "input_cost_per_token": 1e-05,
    "output_cost_per_token": 3e-05,
    "total_input_tokens": 5988,
    "total_output_tokens": 2183,
    "total_tokens": 8171,
    "total_cost": 0.12537
}