{
    "commit": "de06401bed53acdb04ebf0978a4f943cebe61d94",
    "start_epoch": 1760814428.267863,
    "end_epoch": 1760814493.866961,
    "elapsed_seconds": 65.599098,
    "model": "gpt-4-0125-preview",
    "input_cost_per_token": 1e-05,
    "output_cost_per_token": 3e-05,
    "total_input_tokens": 9398,
    "total_output_tokens": 2403,
    "total_tokens": 11801,
    "total_cost": 0.16607000000000002
}