{
    "commit": "8533d77ed4f4a01ac6376e54e6857690330a1124",
    "start_epoch": 1760725400.820025,
    "end_epoch": 1760725452.462756,
    "elapsed_seconds": 51.642731,
    "model": "gpt-4-0125-preview",
    "input_cost_per_token": 1e-05,
    "output_cost_per_token": 3e-05,
    "total_input_tokens": 10612,
    "total_output_tokens": 1696,
    "total_tokens": 12308,
    "total_cost": 0.15700000000000003
}