{
    "commit": "ac7c48db8408bce993dc39988211f853650c9ebc",
    "start_epoch": 1760789600.53473,
    "end_epoch": 1760789686.971044,
    "elapsed_seconds": 86.436314,
    "model": "gpt-4-0125-preview",
    "input_cost_per_token": 1e-05,
    "output_cost_per_token": 3e-05,
    "total_input_tokens": 13514,
    "total_output_tokens": 3133,
    "total_tokens": 16647,
    "total_cost": 0.22913
}