{
    "commit": "75113405d610d373ebdc4a1636715ddb31a89db7",
    "start_epoch": 1760730975.211145,
    "end_epoch": 1760731080.323835,
    "elapsed_seconds": 105.11269,
    "model": "gpt-4-0125-preview",
    "input_cost_per_token": 1e-05,
    "output_cost_per_token": 3e-05,
    "total_input_tokens": 13925,
    "total_output_tokens": 3632,
    "total_tokens": 17557,
    "total_cost": 0.24821000000000001
}