{
    "commit": "6412670e5b2a21b006bf4823d6886290052246c8",
    "start_epoch": 1760731915.571436,
    "end_epoch": 1760731974.321057,
    "elapsed_seconds": 58.749621,
    "model": "gpt-4-0125-preview",
    "input_cost_per_token": 1e-05,
    "output_cost_per_token": 3e-05,
    "total_input_tokens": 10261,
    "total_output_tokens": 1694,
    "total_tokens": 11955,
    "total_cost": 0.15343
}