{
    "commit": "6e428cb7ecd5c97a119d5a99ef9c42a31f83a937",
    "start_epoch": 1760751192.834806,
    "end_epoch": 1760751253.726752,
    "elapsed_seconds": 60.891946,
    "model": "gpt-4-0125-preview",
    "input_cost_per_token": 1e-05,
    "output_cost_per_token": 3e-05,
    "total_input_tokens": 7240,
    "total_output_tokens": 2390,
    "total_tokens": 9630,
    "total_cost": 0.1441
}