{
    "commit": "216aa1d3c720588abdd7259fbcbe5a02d3f148d7",
    "start_epoch": 1760715026.399393,
    "end_epoch": 1760715112.342053,
    "elapsed_seconds": 85.94266,
    "model": "gpt-4-0125-preview",
    "input_cost_per_token": 1e-05,
    "output_cost_per_token": 3e-05,
    "total_input_tokens": 19436,
    "total_output_tokens": 2817,
    "total_tokens": 22253,
    "total_cost": 0.27887
}