{
    "commit": "a3149e89ccf982596f4b39928b587ae971dc4dce",
    "start_epoch": 1760551249.503017,
    "end_epoch": 1760551301.243353,
    "elapsed_seconds": 51.740336,
    "model": "gpt-4-0125-preview",
    "input_cost_per_token": 1e-05,
    "output_cost_per_token": 3e-05,
    "total_input_tokens": 7109,
    "total_output_tokens": 1693,
    "total_tokens": 8802,
    "total_cost": 0.12188000000000002
}