{
    "commit": "f8d2b3fd1edbdf6a00b2aa3338f2d814ace41161",
    "start_epoch": 1760497861.537325,
    "end_epoch": 1760497929.882625,
    "elapsed_seconds": 68.3453,
    "model": "gpt-4-0125-preview",
    "input_cost_per_token": 1e-05,
    "output_cost_per_token": 3e-05,
    "total_input_tokens": 10631,
    "total_output_tokens": 2282,
    "total_tokens": 12913,
    "total_cost": 0.17477000000000004
}