{
    "commit": "1df2e871143f1dcad154ea9da7f4716e8ffd22b2",
    "start_epoch": 1760533861.418819,
    "end_epoch": 1760533985.000787,
    "elapsed_seconds": 123.581968,
    "model": "gpt-4-0125-preview",
    "input_cost_per_token": 1e-05,
    "output_cost_per_token": 3e-05,
    "total_input_tokens": 30034,
    "total_output_tokens": 3109,
    "total_tokens": 33143,
    "total_cost": 0.39361
}