{
    "commit": "7217873bf21a5bb3bb75a47818d5a225001b0d5e",
    "start_epoch": 1760562240.263921,
    "end_epoch": 1760562334.008428,
    "elapsed_seconds": 93.744507,
    "model": "gpt-4-0125-preview",
    "input_cost_per_token": 1e-05,
    "output_cost_per_token": 3e-05,
    "total_input_tokens": 9549,
    "total_output_tokens": 3397,
    "total_tokens": 12946,
    "total_cost": 0.19740000000000002
}