{
    "commit": "86453499584bf8297e29d95c964bc42ff2fb898a",
    "start_epoch": 1760793920.13479,
    "end_epoch": 1760794046.08831,
    "elapsed_seconds": 125.95352,
    "model": "gpt-4-0125-preview",
    "input_cost_per_token": 1e-05,
    "output_cost_per_token": 3e-05,
    "total_input_tokens": 26767,
    "total_output_tokens": 4992,
    "total_tokens": 31759,
    "total_cost": 0.41743
}