{
    "commit": "fcdb09707f709a9fec4dcf0c82941e011a89bf68",
    "start_epoch": 1760722240.569598,
    "end_epoch": 1760722353.717944,
    "elapsed_seconds": 113.148346,
    "model": "gpt-4-0125-preview",
    "input_cost_per_token": 1e-05,
    "output_cost_per_token": 3e-05,
    "total_input_tokens": 18297,
    "total_output_tokens": 3769,
    "total_tokens": 22066,
    "total_cost": 0.29604
}