{
    "commit": "03352c25c9dc651742df48fbc07e9a5cbccade27",
    "start_epoch": 1760765013.417422,
    "end_epoch": 1760765061.765973,
    "elapsed_seconds": 48.348551,
    "model": "gpt-4-0125-preview",
    "input_cost_per_token": 1e-05,
    "output_cost_per_token": 3e-05,
    "total_input_tokens": 12044,
    "total_output_tokens": 1854,
    "total_tokens": 13898,
    "total_cost": 0.17606
}