{
    "commit": "0fe4d93423b22094192b4e99c4922b7efcc3adfe",
    "start_epoch": 1760780872.951583,
    "end_epoch": 1760780914.467997,
    "elapsed_seconds": 41.516414,
    "model": "gpt-4-0125-preview",
    "input_cost_per_token": 1e-05,
    "output_cost_per_token": 3e-05,
    "total_input_tokens": 9673,
    "total_output_tokens": 1446,
    "total_tokens": 11119,
    "total_cost": 0.14011
}