{
    "commit": "5494112ff7904304031c4fa3cb6a16985ec824d3",
    "start_epoch": 1760587004.637367,
    "end_epoch": 1760587086.640129,
    "elapsed_seconds": 82.002762,
    "model": "gpt-4-0125-preview",
    "input_cost_per_token": 1e-05,
    "output_cost_per_token": 3e-05,
    "total_input_tokens": 10495,
    "total_output_tokens": 2862,
    "total_tokens": 13357,
    "total_cost": 0.19080999999999998
}