{
    "commit": "daa82d8575db374b26dd82d0b8ed27c3a7161a40",
    "start_epoch": 1760547759.447268,
    "end_epoch": 1760547853.177798,
    "elapsed_seconds": 93.73053,
    "model": "gpt-4-0125-preview",
    "input_cost_per_token": 1e-05,
    "output_cost_per_token": 3e-05,
    "total_input_tokens": 13780,
    "total_output_tokens": 3222,
    "total_tokens": 17002,
    "total_cost": 0.23446000000000003
}