{
    "commit": "17ec7f08541fbb6d6b3970d84f3f29451fb9a751",
    "start_epoch": 1760795761.012513,
    "end_epoch": 1760795811.384177,
    "elapsed_seconds": 50.371664,
    "model": "gpt-4-0125-preview",
    "input_cost_per_token": 1e-05,
    "output_cost_per_token": 3e-05,
    "total_input_tokens": 7730,
    "total_output_tokens": 1805,
    "total_tokens": 9535,
    "total_cost": 0.13145
}