{
    "commit": "55f7fcad3638fbf59c2d689f238fd8d49a703ebf",
    "start_epoch": 1760549465.150047,
    "end_epoch": 1760549565.720239,
    "elapsed_seconds": 100.570192,
    "model": "gpt-4-0125-preview",
    "input_cost_per_token": 1e-05,
    "output_cost_per_token": 3e-05,
    "total_input_tokens": 14883,
    "total_output_tokens": 3645,
    "total_tokens": 18528,
    "total_cost": 0.25818
}