{
    "commit": "954cedf3a7830e9e17d6236385319f29a4f7c4b6",
    "start_epoch": 1760529963.854549,
    "end_epoch": 1760530010.893318,
    "elapsed_seconds": 47.038769,
    "model": "gpt-4-0125-preview",
    "input_cost_per_token": 1e-05,
    "output_cost_per_token": 3e-05,
    "total_input_tokens": 5621,
    "total_output_tokens": 1650,
    "total_tokens": 7271,
    "total_cost": 0.10571
}