{
    "commit": "9b1c6a083effdbfd193a3b5ebb7f774356c07ab6",
    "start_epoch": 1760560219.963216,
    "end_epoch": 1760560310.847898,
    "elapsed_seconds": 90.884682,
    "model": "gpt-4-0125-preview",
    "input_cost_per_token": 1e-05,
    "output_cost_per_token": 3e-05,
    "total_input_tokens": 12684,
    "total_output_tokens": 3237,
    "total_tokens": 15921,
    "total_cost": 0.22395000000000004
}