{
    "commit": "5374fe5eb557c82fb9f906551e3151f26a80e245",
    "start_epoch": 1760783117.949699,
    "end_epoch": 1760783192.26095,
    "elapsed_seconds": 74.311251,
    "model": "gpt-4-0125-preview",
    "input_cost_per_token": 1e-05,
    "output_cost_per_token": 3e-05,
    "total_input_tokens": 19162,
    "total_output_tokens": 2948,
    "total_tokens": 22110,
    "total_cost": 0.28006000000000003
}