{
    "commit": "4775b947acf001e6a733495c27bff00173573ad5",
    "start_epoch": 1760559976.707979,
    "end_epoch": 1760560033.831363,
    "elapsed_seconds": 57.123384,
    "model": "gpt-4-0125-preview",
    "input_cost_per_token": 1e-05,
    "output_cost_per_token": 3e-05,
    "total_input_tokens": 11337,
    "total_output_tokens": 2098,
    "total_tokens": 13435,
    "total_cost": 0.17631000000000002
}