{
    "commit": "6ef183b6298d8dfe461b0360616d25b6b974f3df",
    "start_epoch": 1760526656.635785,
    "end_epoch": 1760526746.620446,
    "elapsed_seconds": 89.984661,
    "model": "gpt-4-0125-preview",
    "input_cost_per_token": 1e-05,
    "output_cost_per_token": 3e-05,
    "total_input_tokens": 18555,
    "total_output_tokens": 3239,
    "total_tokens": 21794,
    "total_cost": 0.28272
}