{
    "commit": "eb4024b956a811dcb5a97e054e19d7d9103026eb",
    "start_epoch": 1760804506.584125,
    "end_epoch": 1760804595.201923,
    "elapsed_seconds": 88.617798,
    "model": "gpt-4-0125-preview",
    "input_cost_per_token": 1e-05,
    "output_cost_per_token": 3e-05,
    "total_input_tokens": 17029,
    "total_output_tokens": 3733,
    "total_tokens": 20762,
    "total_cost": 0.28228
}