{
    "commit": "c90d69af050a408f4552c33a5914df8f633726f7",
    "start_epoch": 1760568563.087142,
    "end_epoch": 1760568631.982723,
    "elapsed_seconds": 68.895581,
    "model": "gpt-4-0125-preview",
    "input_cost_per_token": 1e-05,
    "output_cost_per_token": 3e-05,
    "total_input_tokens": 8017,
    "total_output_tokens": 2509,
    "total_tokens": 10526,
    "total_cost": 0.15544
}