{
    "commit": "5eab21e9e34c848ff8c5ceca16a6f3b28a1e9c1e",
    "start_epoch": 1760507177.769177,
    "end_epoch": 1760507276.553818,
    "elapsed_seconds": 98.784641,
    "model": "gpt-4-0125-preview",
    "input_cost_per_token": 1e-05,
    "output_cost_per_token": 3e-05,
    "total_input_tokens": 14363,
    "total_output_tokens": 3835,
    "total_tokens": 18198,
    "total_cost": 0.25868
}