{
    "commit": "c7a6e769b5f090728554430d2a050a6e38c97c8c",
    "start_epoch": 1760557526.279198,
    "end_epoch": 1760557659.659633,
    "elapsed_seconds": 133.380435,
    "model": "gpt-4-0125-preview",
    "input_cost_per_token": 1e-05,
    "output_cost_per_token": 3e-05,
    "total_input_tokens": 20271,
    "total_output_tokens": 4513,
    "total_tokens": 24784,
    "total_cost": 0.3381
}