{
    "commit": "e50bb4ba83517f7ed4fcca3f433a9b3065335c86",
    "start_epoch": 1760794635.994343,
    "end_epoch": 1760794692.211012,
    "elapsed_seconds": 56.216669,
    "model": "gpt-4-0125-preview",
    "input_cost_per_token": 1e-05,
    "output_cost_per_token": 3e-05,
    "total_input_tokens": 6199,
    "total_output_tokens": 1997,
    "total_tokens": 8196,
    "total_cost": 0.12190000000000001
}