{
    "commit": "06f64a405f7ec83be9aabac49695d0026a85c2e4",
    "start_epoch": 1760549143.701792,
    "end_epoch": 1760549194.000154,
    "elapsed_seconds": 50.298362,
    "model": "gpt-4-0125-preview",
    "input_cost_per_token": 1e-05,
    "output_cost_per_token": 3e-05,
    "total_input_tokens": 7244,
    "total_output_tokens": 1718,
    "total_tokens": 8962,
    "total_cost": 0.12398
}