{
    "commit": "761022d7c8af26aad8fb2cdb4e64e71fe10c3de3",
    "start_epoch": 1760580918.697988,
    "end_epoch": 1760580995.05772,
    "elapsed_seconds": 76.359732,
    "model": "gpt-4-0125-preview",
    "input_cost_per_token": 1e-05,
    "output_cost_per_token": 3e-05,
    "total_input_tokens": 8842,
    "total_output_tokens": 2565,
    "total_tokens": 11407,
    "total_cost": 0.16537000000000002
}