{
    "commit": "5b13284228f12f9e282a22009587753a915e2bb5",
    "start_epoch": 1760528997.390495,
    "end_epoch": 1760529091.642518,
    "elapsed_seconds": 94.252023,
    "model": "gpt-4-0125-preview",
    "input_cost_per_token": 1e-05,
    "output_cost_per_token": 3e-05,
    "total_input_tokens": 10047,
    "total_output_tokens": 3287,
    "total_tokens": 13334,
    "total_cost": 0.19908000000000003
}