{
    "commit": "2b3dc3712b6e292f55fd3db42f64882dc6d94077",
    "start_epoch": 1760723104.343383,
    "end_epoch": 1760723152.800845,
    "elapsed_seconds": 48.457462,
    "model": "gpt-4-0125-preview",
    "input_cost_per_token": 1e-05,
    "output_cost_per_token": 3e-05,
    "total_input_tokens": 6061,
    "total_output_tokens": 1537,
    "total_tokens": 7598,
    "total_cost": 0.10672
}