{
    "commit": "08f1593e4204791a6b467c7ff9465aa36427e5cb",
    "start_epoch": 1760511147.988164,
    "end_epoch": 1760511245.909761,
    "elapsed_seconds": 97.921597,
    "model": "gpt-4-0125-preview",
    "input_cost_per_token": 1e-05,
    "output_cost_per_token": 3e-05,
    "total_input_tokens": 9025,
    "total_output_tokens": 3364,
    "total_tokens": 12389,
    "total_cost": 0.19117000000000003
}