{
    "commit": "c173629da4fe3e343e2acba3cf8791af354e3594",
    "start_epoch": 1760695322.635361,
    "end_epoch": 1760695356.815337,
    "elapsed_seconds": 34.179976,
    "model": "gpt-4-0125-preview",
    "input_cost_per_token": 1e-05,
    "output_cost_per_token": 3e-05,
    "total_input_tokens": 6716,
    "total_output_tokens": 1044,
    "total_tokens": 7760,
    "total_cost": 0.09848000000000001
}