{
    "commit": "514d60997cfa3bfd7006e57845ff05b2d6c78479",
    "start_epoch": 1760806472.201133,
    "end_epoch": 1760806518.058851,
    "elapsed_seconds": 45.857718,
    "model": "gpt-4-0125-preview",
    "input_cost_per_token": 1e-05,
    "output_cost_per_token": 3e-05,
    "total_input_tokens": 14174,
    "total_output_tokens": 1654,
    "total_tokens": 15828,
    "total_cost": 0.19136000000000003
}