{
    "commit": "e8d4d0913f0c79411849a2c553de8b6ec2a99daa",
    "start_epoch": 1760732079.244608,
    "end_epoch": 1760732132.467285,
    "elapsed_seconds": 53.222677,
    "model": "gpt-4-0125-preview",
    "input_cost_per_token": 1e-05,
    "output_cost_per_token": 3e-05,
    "total_input_tokens": 8317,
    "total_output_tokens": 1642,
    "total_tokens": 9959,
    "total_cost": 0.13243
}