{
    "commit": "d35d298c55561bdb02b8638f3dcfbcd92295a59b",
    "start_epoch": 1760515996.728139,
    "end_epoch": 1760516092.652967,
    "elapsed_seconds": 95.924828,
    "model": "gpt-4-0125-preview",
    "input_cost_per_token": 1e-05,
    "output_cost_per_token": 3e-05,
    "total_input_tokens": 19124,
    "total_output_tokens": 3508,
    "total_tokens": 22632,
    "total_cost": 0.29647999999999997
}