{
    "commit": "d18cb321f7455ca013a43664170ed043c73317ea",
    "start_epoch": 1760816911.551065,
    "end_epoch": 1760817015.631453,
    "elapsed_seconds": 104.080388,
    "model": "gpt-4-0125-preview",
    "input_cost_per_token": 1e-05,
    "output_cost_per_token": 3e-05,
    "total_input_tokens": 16545,
    "total_output_tokens": 4048,
    "total_tokens": 20593,
    "total_cost": 0.28689000000000003
}