{
    "commit": "80461ae9f01802f00a5066cc05c0edd7d843f361",
    "start_epoch": 1760545447.910585,
    "end_epoch": 1760545493.75075,
    "elapsed_seconds": 45.840165,
    "model": "gpt-4-0125-preview",
    "input_cost_per_token": 1e-05,
    "output_cost_per_token": 3e-05,
    "total_input_tokens": 6303,
    "total_output_tokens": 1544,
    "total_tokens": 7847,
    "total_cost": 0.10935
}