{
    "commit": "2af86e79766107e74c2ccc0f09e8e86d2c999c86",
    "start_epoch": 1760726280.297064,
    "end_epoch": 1760726360.236378,
    "elapsed_seconds": 79.939314,
    "model": "gpt-4-0125-preview",
    "input_cost_per_token": 1e-05,
    "output_cost_per_token": 3e-05,
    "total_input_tokens": 8614,
    "total_output_tokens": 2920,
    "total_tokens": 11534,
    "total_cost": 0.17374
}