{
    "commit": "443cac6f9d1ac5972581217f54fe2a6385372672",
    "start_epoch": 1760535250.375616,
    "end_epoch": 1760535370.868821,
    "elapsed_seconds": 120.493205,
    "model": "gpt-4-0125-preview",
    "input_cost_per_token": 1e-05,
    "output_cost_per_token": 3e-05,
    "total_input_tokens": 18932,
    "total_output_tokens": 3423,
    "total_tokens": 22355,
    "total_cost": 0.29201000000000005
}