{
    "commit": "6d5b928de86e4b9ec9348a5496d0daa361c4f037",
    "start_epoch": 1760764843.235789,
    "end_epoch": 1760764890.816069,
    "elapsed_seconds": 47.58028,
    "model": "gpt-4-0125-preview",
    "input_cost_per_token": 1e-05,
    "output_cost_per_token": 3e-05,
    "total_input_tokens": 6943,
    "total_output_tokens": 1797,
    "total_tokens": 8740,
    "total_cost": 0.12334
}