{
    "commit": "cbfba470da306cec528d59ee272daabdd53caeea",
    "start_epoch": 1760731829.672877,
    "end_epoch": 1760731915.436733,
    "elapsed_seconds": 85.763856,
    "model": "gpt-4-0125-preview",
    "input_cost_per_token": 1e-05,
    "output_cost_per_token": 3e-05,
    "total_input_tokens": 14281,
    "total_output_tokens": 2737,
    "total_tokens": 17018,
    "total_cost": 0.22492
}