{
    "commit": "770c5721fc81cb4ccb2482d3d9f9b6269fcb0945",
    "start_epoch": 1760712100.097786,
    "end_epoch": 1760712199.569207,
    "elapsed_seconds": 99.471421,
    "model": "gpt-4-0125-preview",
    "input_cost_per_token": 1e-05,
    "output_cost_per_token": 3e-05,
    "total_input_tokens": 31507,
    "total_output_tokens": 3497,
    "total_tokens": 35004,
    "total_cost": 0.41997999999999996
}