{
    "commit": "b8b7f67861d0d217e83a3d4b105e94e8ff71d632",
    "start_epoch": 1760784848.501861,
    "end_epoch": 1760784927.408831,
    "elapsed_seconds": 78.90697,
    "model": "gpt-4-0125-preview",
    "input_cost_per_token": 1e-05,
    "output_cost_per_token": 3e-05,
    "total_input_tokens": 27410,
    "total_output_tokens": 3106,
    "total_tokens": 30516,
    "total_cost": 0.36728000000000005
}