{
    "commit": "ceea7d6e1335787c01b351b3b597afded2875770",
    "start_epoch": 1760701184.222382,
    "end_epoch": 1760701227.834076,
    "elapsed_seconds": 43.611694,
    "model": "gpt-4-0125-preview",
    "input_cost_per_token": 1e-05,
    "output_cost_per_token": 3e-05,
    "total_input_tokens": 5245,
    "total_output_tokens": 1495,
    "total_tokens": 6740,
    "total_cost": 0.0973
}