{
    "commit": "b2224efddda3ffc30666937894fe88bc539866c1",
    "start_epoch": 1760573924.398801,
    "end_epoch": 1760574281.912245,
    "elapsed_seconds": 357.513444,
    "model": "gpt-4-0125-preview",
    "input_cost_per_token": 1e-05,
    "output_cost_per_token": 3e-05,
    "total_input_tokens": 155177,
    "total_output_tokens": 11243,
    "total_tokens": 166420,
    "total_cost": 1.889059999999999
}