{
    "commit": "b154ea2c972b3b00c34707247a9a8515e1d80115",
    "start_epoch": 1760780272.619048,
    "end_epoch": 1760780315.392416,
    "elapsed_seconds": 42.773368,
    "model": "gpt-4-0125-preview",
    "input_cost_per_token": 1e-05,
    "output_cost_per_token": 3e-05,
    "total_input_tokens": 15375,
    "total_output_tokens": 1574,
    "total_tokens": 16949,
    "total_cost": 0.20097
}