{
    "commit": "63ff703b7866fa6ad69499870f38397e526c6d1c",
    "start_epoch": 1760792990.880563,
    "end_epoch": 1760793049.071007,
    "elapsed_seconds": 58.190444,
    "model": "gpt-4-0125-preview",
    "input_cost_per_token": 1e-05,
    "output_cost_per_token": 3e-05,
    "total_input_tokens": 8584,
    "total_output_tokens": 2042,
    "total_tokens": 10626,
    "total_cost": 0.1471
}