{
    "commit": "16b2f751d634138ea8a2d79de88915624690a03f",
    "start_epoch": 1760783688.326105,
    "end_epoch": 1760783795.364682,
    "elapsed_seconds": 107.038577,
    "model": "gpt-4-0125-preview",
    "input_cost_per_token": 1e-05,
    "output_cost_per_token": 3e-05,
    "total_input_tokens": 13460,
    "total_output_tokens": 4680,
    "total_tokens": 18140,
    "total_cost": 0.275
}