{
    "commit": "b12c1dc83c7d11dd5862a0043193153e86296670",
    "start_epoch": 1760583899.718566,
    "end_epoch": 1760583943.920284,
    "elapsed_seconds": 44.201718,
    "model": "gpt-4-0125-preview",
    "input_cost_per_token": 1e-05,
    "output_cost_per_token": 3e-05,
    "total_input_tokens": 5016,
    "total_output_tokens": 1230,
    "total_tokens": 6246,
    "total_cost": 0.08706
}