{
    "commit": "64386f8b228254df6e0c4536f8eb95d29675f48d",
    "start_epoch": 1760792363.348189,
    "end_epoch": 1760792473.731255,
    "elapsed_seconds": 110.383066,
    "model": "gpt-4-0125-preview",
    "input_cost_per_token": 1e-05,
    "output_cost_per_token": 3e-05,
    "total_input_tokens": 13617,
    "total_output_tokens": 4105,
    "total_tokens": 17722,
    "total_cost": 0.25932000000000005
}