{
    "commit": "e84ac37d52ffdeca324d8cef85e87f3bf1e3d4fb",
    "start_epoch": 1760524223.02617,
    "end_epoch": 1760524271.192757,
    "elapsed_seconds": 48.166587,
    "model": "gpt-4-0125-preview",
    "input_cost_per_token": 1e-05,
    "output_cost_per_token": 3e-05,
    "total_input_tokens": 5037,
    "total_output_tokens": 1342,
    "total_tokens": 6379,
    "total_cost": 0.09063
}