{
    "commit": "25b0f4499b9fe5aa02afa0b3c24ec5ee91f7d6df",
    "start_epoch": 1760748431.391104,
    "end_epoch": 1760748475.871672,
    "elapsed_seconds": 44.480568,
    "model": "gpt-4-0125-preview",
    "input_cost_per_token": 1e-05,
    "output_cost_per_token": 3e-05,
    "total_input_tokens": 8108,
    "total_output_tokens": 1550,
    "total_tokens": 9658,
    "total_cost": 0.12758000000000003
}