{
    "commit": "d2af1db43030d6609546f66652ae556e236c6073",
    "start_epoch": 1760518623.712656,
    "end_epoch": 1760518722.465427,
    "elapsed_seconds": 98.752771,
    "model": "gpt-4-0125-preview",
    "input_cost_per_token": 1e-05,
    "output_cost_per_token": 3e-05,
    "total_input_tokens": 15276,
    "total_output_tokens": 2949,
    "total_tokens": 18225,
    "total_cost": 0.24123000000000003
}