{
    "commit": "bab57eee3e6dc680648d512be31a8f390d689303",
    "start_epoch": 1760508605.488932,
    "end_epoch": 1760508697.447985,
    "elapsed_seconds": 91.959053,
    "model": "gpt-4-0125-preview",
    "input_cost_per_token": 1e-05,
    "output_cost_per_token": 3e-05,
    "total_input_tokens": 10614,
    "total_output_tokens": 3378,
    "total_tokens": 13992,
    "total_cost": 0.20748
}