{
    "commit": "18c5cc13c5433ca46fd2e1ac8d98096c6462fd9e",
    "start_epoch": 1760726130.914972,
    "end_epoch": 1760726280.191178,
    "elapsed_seconds": 149.276206,
    "model": "gpt-4-0125-preview",
    "input_cost_per_token": 1e-05,
    "output_cost_per_token": 3e-05,
    "total_input_tokens": 27963,
    "total_output_tokens": 5655,
    "total_tokens": 33618,
    "total_cost": 0.44928000000000007
}