{
    "commit": "34c2e667f40718cb448b98a0c878aca0aca62c6b",
    "start_epoch": 1760767141.88924,
    "end_epoch": 1760767267.458812,
    "elapsed_seconds": 125.569572,
    "model": "gpt-4-0125-preview",
    "input_cost_per_token": 1e-05,
    "output_cost_per_token": 3e-05,
    "total_input_tokens": 25833,
    "total_output_tokens": 5027,
    "total_tokens": 30860,
    "total_cost": 0.40914000000000006
}