{
    "commit": "b32f36ef835e8faa5d22a96d52c368501651fa77",
    "start_epoch": 1760790819.724991,
    "end_epoch": 1760790858.794598,
    "elapsed_seconds": 39.069607,
    "model": "gpt-4-0125-preview",
    "input_cost_per_token": 1e-05,
    "output_cost_per_token": 3e-05,
    "total_input_tokens": 5162,
    "total_output_tokens": 1513,
    "total_tokens": 6675,
    "total_cost": 0.09701
}