{
    "commit": "58afac9109820bcf5d23a35ed9308e6e2e8d322c",
    "start_epoch": 1760780101.345315,
    "end_epoch": 1760780184.524894,
    "elapsed_seconds": 83.179579,
    "model": "gpt-4-0125-preview",
    "input_cost_per_token": 1e-05,
    "output_cost_per_token": 3e-05,
    "total_input_tokens": 13467,
    "total_output_tokens": 3136,
    "total_tokens": 16603,
    "total_cost": 0.22875
}