{
    "commit": "63f5fb1bf28ee986fd8689bd4bc209651e38f3ae",
    "start_epoch": 1760807686.820704,
    "end_epoch": 1760807777.396365,
    "elapsed_seconds": 90.575661,
    "model": "gpt-4-0125-preview",
    "input_cost_per_token": 1e-05,
    "output_cost_per_token": 3e-05,
    "total_input_tokens": 16551,
    "total_output_tokens": 3751,
    "total_tokens": 20302,
    "total_cost": 0.27803999999999995
}