{
    "commit": "a41d065ecd4f9c757d73bc44c30395ed1f1c1228",
    "start_epoch": 1760582911.857702,
    "end_epoch": 1760582990.085424,
    "elapsed_seconds": 78.227722,
    "model": "gpt-4-0125-preview",
    "input_cost_per_token": 1e-05,
    "output_cost_per_token": 3e-05,
    "total_input_tokens": 11419,
    "total_output_tokens": 2564,
    "total_tokens": 13983,
    "total_cost": 0.19111
}