{
    "commit": "e883a2a2f43a363e8db7ad32260be947a7f15a26",
    "start_epoch": 1760765061.930236,
    "end_epoch": 1760765160.827832,
    "elapsed_seconds": 98.897596,
    "model": "gpt-4-0125-preview",
    "input_cost_per_token": 1e-05,
    "output_cost_per_token": 3e-05,
    "total_input_tokens": 21952,
    "total_output_tokens": 3850,
    "total_tokens": 25802,
    "total_cost": 0.33502000000000004
}