{
    "commit": "8d2d3f26fca78bd811cc505fefa8a26647268a35",
    "start_epoch": 1760504603.896821,
    "end_epoch": 1760504653.801057,
    "elapsed_seconds": 49.904236,
    "model": "gpt-4-0125-preview",
    "input_cost_per_token": 1e-05,
    "output_cost_per_token": 3e-05,
    "total_input_tokens": 6454,
    "total_output_tokens": 1662,
    "total_tokens": 8116,
    "total_cost": 0.1144
}