{
    "commit": "f25be54a5e293aa17b908e0ec280236cc51c06aa",
    "start_epoch": 1760706493.010475,
    "end_epoch": 1760706547.724116,
    "elapsed_seconds": 54.713641,
    "model": "gpt-4-0125-preview",
    "input_cost_per_token": 1e-05,
    "output_cost_per_token": 3e-05,
    "total_input_tokens": 10690,
    "total_output_tokens": 1620,
    "total_tokens": 12310,
    "total_cost": 0.15550000000000003
}