{
    "commit": "e361f694a52fc0199629e6329dc9e08d86327045",
    "start_epoch": 1760568719.421557,
    "end_epoch": 1760568772.12533,
    "elapsed_seconds": 52.703773,
    "model": "gpt-4-0125-preview",
    "input_cost_per_token": 1e-05,
    "output_cost_per_token": 3e-05,
    "total_input_tokens": 6005,
    "total_output_tokens": 1874,
    "total_tokens": 7879,
    "total_cost": 0.11627
}