{
    "commit": "f87ade2065b6c9e0991a68c1ae24371ffed4d2b6",
    "start_epoch": 1760781941.031074,
    "end_epoch": 1760781999.798925,
    "elapsed_seconds": 58.767851,
    "model": "gpt-4-0125-preview",
    "input_cost_per_token": 1e-05,
    "output_cost_per_token": 3e-05,
    "total_input_tokens": 7592,
    "total_output_tokens": 2337,
    "total_tokens": 9929,
    "total_cost": 0.14603000000000002
}