{
    "commit": "0c436370144487992f07ed66e64b11550b33a5e5",
    "start_epoch": 1760783976.585894,
    "end_epoch": 1760784048.716131,
    "elapsed_seconds": 72.130237,
    "model": "gpt-4-0125-preview",
    "input_cost_per_token": 1e-05,
    "output_cost_per_token": 3e-05,
    "total_input_tokens": 15192,
    "total_output_tokens": 2767,
    "total_tokens": 17959,
    "total_cost": 0.23493000000000003
}