{
    "commit": "e5dc2ccb9be2518efd63d0b14f38fd803672d752",
    "start_epoch": 1760781661.458186,
    "end_epoch": 1760781759.489166,
    "elapsed_seconds": 98.03098,
    "model": "gpt-4-0125-preview",
    "input_cost_per_token": 1e-05,
    "output_cost_per_token": 3e-05,
    "total_input_tokens": 17511,
    "total_output_tokens": 3299,
    "total_tokens": 20810,
    "total_cost": 0.27408000000000005
}