{
    "commit": "715a50f384af69cb69bd71f65680eeb86472f184",
    "start_epoch": 1760756831.921499,
    "end_epoch": 1760756921.873792,
    "elapsed_seconds": 89.952293,
    "model": "gpt-4-0125-preview",
    "input_cost_per_token": 1e-05,
    "output_cost_per_token": 3e-05,
    "total_input_tokens": 45872,
    "total_output_tokens": 3168,
    "total_tokens": 49040,
    "total_cost": 0.55376
}