{
    "commit": "29a06dd3e608c181b89861e3f8bbfcc1662daf43",
    "start_epoch": 1760502215.622613,
    "end_epoch": 1760502301.449241,
    "elapsed_seconds": 85.826628,
    "model": "gpt-4-0125-preview",
    "input_cost_per_token": 1e-05,
    "output_cost_per_token": 3e-05,
    "total_input_tokens": 15211,
    "total_output_tokens": 3293,
    "total_tokens": 18504,
    "total_cost": 0.2509
}