{
    "commit": "9da125c05ebe66059f49e5dc77c52ecff5853845",
    "start_epoch": 1760794046.277241,
    "end_epoch": 1760794145.109051,
    "elapsed_seconds": 98.83181,
    "model": "gpt-4-0125-preview",
    "input_cost_per_token": 1e-05,
    "output_cost_per_token": 3e-05,
    "total_input_tokens": 11235,
    "total_output_tokens": 3624,
    "total_tokens": 14859,
    "total_cost": 0.22107000000000004
}