{
    "commit": "aa414de6da51a86184de561ed54934b05fb83cca",
    "start_epoch": 1760777407.496937,
    "end_epoch": 1760777469.989986,
    "elapsed_seconds": 62.493049,
    "model": "gpt-4-0125-preview",
    "input_cost_per_token": 1e-05,
    "output_cost_per_token": 3e-05,
    "total_input_tokens": 6935,
    "total_output_tokens": 2077,
    "total_tokens": 9012,
    "total_cost": 0.13166
}