{
    "commit": "0e9edcccf43aaf136e963fc36afd56d76639cc97",
    "start_epoch": 1760746995.617228,
    "end_epoch": 1760747047.993999,
    "elapsed_seconds": 52.376771,
    "model": "gpt-4-0125-preview",
    "input_cost_per_token": 1e-05,
    "output_cost_per_token": 3e-05,
    "total_input_tokens": 7749,
    "total_output_tokens": 1650,
    "total_tokens": 9399,
    "total_cost": 0.12699000000000002
}