{
    "commit": "4d8e7d8c5dea28fd3dbd07872c896f8f36577c6e",
    "start_epoch": 1760575485.147862,
    "end_epoch": 1760575539.247239,
    "elapsed_seconds": 54.099377,
    "model": "gpt-4-0125-preview",
    "input_cost_per_token": 1e-05,
    "output_cost_per_token": 3e-05,
    "total_input_tokens": 10065,
    "total_output_tokens": 1850,
    "total_tokens": 11915,
    "total_cost": 0.15615
}