{
    "commit": "5ba9b7d909d842783f979503482559dfb0d19e6c",
    "start_epoch": 1760723768.316543,
    "end_epoch": 1760723848.610254,
    "elapsed_seconds": 80.293711,
    "model": "gpt-4-0125-preview",
    "input_cost_per_token": 1e-05,
    "output_cost_per_token": 3e-05,
    "total_input_tokens": 17377,
    "total_output_tokens": 3110,
    "total_tokens": 20487,
    "total_cost": 0.26707000000000003
}