{
    "commit": "c77194f43613fe89af8ff6a76acdba03252b8ff7",
    "start_epoch": 1760581107.313316,
    "end_epoch": 1760581187.004843,
    "elapsed_seconds": 79.691527,
    "model": "gpt-4-0125-preview",
    "input_cost_per_token": 1e-05,
    "output_cost_per_token": 3e-05,
    "total_input_tokens": 62178,
    "total_output_tokens": 2100,
    "total_tokens": 64278,
    "total_cost": 0.6847800000000002
}