{
    "commit": "9b895dfbd30d5d94f49e123f59d97933827cad17",
    "start_epoch": 1760745791.588987,
    "end_epoch": 1760745838.094137,
    "elapsed_seconds": 46.50515,
    "model": "gpt-4-0125-preview",
    "input_cost_per_token": 1e-05,
    "output_cost_per_token": 3e-05,
    "total_input_tokens": 6937,
    "total_output_tokens": 1734,
    "total_tokens": 8671,
    "total_cost": 0.12139
}