{
    "commit": "4f73b9daed8316fbeb31f4513ee9b72f89b0d2d0",
    "start_epoch": 1760757663.962308,
    "end_epoch": 1760757813.287025,
    "elapsed_seconds": 149.324717,
    "model": "gpt-4-0125-preview",
    "input_cost_per_token": 1e-05,
    "output_cost_per_token": 3e-05,
    "total_input_tokens": 39712,
    "total_output_tokens": 6249,
    "total_tokens": 45961,
    "total_cost": 0.58459
}