{
    "commit": "13b6e43698dd96c2579089c55119f02359b97576",
    "start_epoch": 1760815438.061292,
    "end_epoch": 1760815518.618236,
    "elapsed_seconds": 80.556944,
    "model": "gpt-4-0125-preview",
    "input_cost_per_token": 1e-05,
    "output_cost_per_token": 3e-05,
    "total_input_tokens": 30933,
    "total_output_tokens": 2018,
    "total_tokens": 32951,
    "total_cost": 0.36987000000000003
}