{
    "commit": "9f52b22e5817c21892b5fb1707bb0186463da91c",
    "start_epoch": 1760819338.957777,
    "end_epoch": 1760819432.648273,
    "elapsed_seconds": 93.690496,
    "model": "gpt-4-0125-preview",
    "input_cost_per_token": 1e-05,
    "output_cost_per_token": 3e-05,
    "total_input_tokens": 22679,
    "total_output_tokens": 3376,
    "total_tokens": 26055,
    "total_cost": 0.32807000000000003
}