{
    "commit": "a4aa05ce5605fca18bce610d317d5f9bd69e676b",
    "start_epoch": 1760698802.918707,
    "end_epoch": 1760698926.725454,
    "elapsed_seconds": 123.806747,
    "model": "gpt-4-0125-preview",
    "input_cost_per_token": 1e-05,
    "output_cost_per_token": 3e-05,
    "total_input_tokens": 17982,
    "total_output_tokens": 4663,
    "total_tokens": 22645,
    "total_cost": 0.31971
}