{
    "commit": "b3a9d76bff70f1fed1a809c6ddb745c1d9854773",
    "start_epoch": 1760732471.783002,
    "end_epoch": 1760732515.013773,
    "elapsed_seconds": 43.230771,
    "model": "gpt-4-0125-preview",
    "input_cost_per_token": 1e-05,
    "output_cost_per_token": 3e-05,
    "total_input_tokens": 12249,
    "total_output_tokens": 1425,
    "total_tokens": 13674,
    "total_cost": 0.16524000000000003
}