{
    "commit": "e68447ba3eecf94db81c812a9ebd1e4bc510df07",
    "start_epoch": 1760571186.840198,
    "end_epoch": 1760571222.55013,
    "elapsed_seconds": 35.709932,
    "model": "gpt-4-0125-preview",
    "input_cost_per_token": 1e-05,
    "output_cost_per_token": 3e-05,
    "total_input_tokens": 6327,
    "total_output_tokens": 1351,
    "total_tokens": 7678,
    "total_cost": 0.1038
}