{
    "commit": "8f19a6eb8f75b5f0b4e6b862160ff66ffd717af7",
    "start_epoch": 1760509653.681692,
    "end_epoch": 1760509687.186004,
    "elapsed_seconds": 33.504312,
    "model": "gpt-4-0125-preview",
    "input_cost_per_token": 1e-05,
    "output_cost_per_token": 3e-05,
    "total_input_tokens": 6038,
    "total_output_tokens": 1164,
    "total_tokens": 7202,
    "total_cost": 0.0953
}