{
    "commit": "07d723ace4fd93a7dd97c685d4cb0e08c67d5fa4",
    "start_epoch": 1760539961.59804,
    "end_epoch": 1760540062.485099,
    "elapsed_seconds": 100.887059,
    "model": "gpt-4-0125-preview",
    "input_cost_per_token": 1e-05,
    "output_cost_per_token": 3e-05,
    "total_input_tokens": 24932,
    "total_output_tokens": 2510,
    "total_tokens": 27442,
    "total_cost": 0.32462
}