{
    "commit": "ce9460ab5fac66b7fd829803e8647e6fcc8d9957",
    "start_epoch": 1760533211.588738,
    "end_epoch": 1760533440.122954,
    "elapsed_seconds": 228.534216,
    "model": "gpt-4-0125-preview",
    "input_cost_per_token": 1e-05,
    "output_cost_per_token": 3e-05,
    "total_input_tokens": 11023,
    "total_output_tokens": 3671,
    "total_tokens": 14694,
    "total_cost": 0.22036000000000003
}