{
    "commit": "277a93d447dbb25425593b8f652ecccde20c5e52",
    "start_epoch": 1760778417.735766,
    "end_epoch": 1760778458.095709,
    "elapsed_seconds": 40.359943,
    "model": "gpt-4-0125-preview",
    "input_cost_per_token": 1e-05,
    "output_cost_per_token": 3e-05,
    "total_input_tokens": 3868,
    "total_output_tokens": 1008,
    "total_tokens": 4876,
    "total_cost": 0.06892000000000001
}