{
    "commit": "505f31ff145b752d3adce5714d8dd7290f1241b8",
    "start_epoch": 1760559175.640855,
    "end_epoch": 1760559227.715933,
    "elapsed_seconds": 52.075078,
    "model": "gpt-4-0125-preview",
    "input_cost_per_token": 1e-05,
    "output_cost_per_token": 3e-05,
    "total_input_tokens": 11982,
    "total_output_tokens": 1903,
    "total_tokens": 13885,
    "total_cost": 0.17690999999999998
}