{
    "commit": "91f8f4f266fe1e008aabea3186860d3f55a89eed",
    "start_epoch": 1760552081.479708,
    "end_epoch": 1760552146.024954,
    "elapsed_seconds": 64.545246,
    "model": "gpt-4-0125-preview",
    "input_cost_per_token": 1e-05,
    "output_cost_per_token": 3e-05,
    "total_input_tokens": 6841,
    "total_output_tokens": 2144,
    "total_tokens": 8985,
    "total_cost": 0.13273000000000001
}