{
    "commit": "70f1235062cd3aead5014d8f84a82b849432fdf0",
    "start_epoch": 1760502042.935891,
    "end_epoch": 1760502087.532823,
    "elapsed_seconds": 44.596932,
    "model": "gpt-4-0125-preview",
    "input_cost_per_token": 1e-05,
    "output_cost_per_token": 3e-05,
    "total_input_tokens": 6277,
    "total_output_tokens": 1666,
    "total_tokens": 7943,
    "total_cost": 0.11275
}