{
    "commit": "821b266bde6f3d430963961333256d42a3469397",
    "start_epoch": 1760784145.429439,
    "end_epoch": 1760784182.934883,
    "elapsed_seconds": 37.505444,
    "model": "gpt-4-0125-preview",
    "input_cost_per_token": 1e-05,
    "output_cost_per_token": 3e-05,
    "total_input_tokens": 4765,
    "total_output_tokens": 1353,
    "total_tokens": 6118,
    "total_cost": 0.08824
}