{
    "commit": "988305b42d9585f88b7e445666ff3f0b6f53f242",
    "start_epoch": 1760758001.230398,
    "end_epoch": 1760758090.500388,
    "elapsed_seconds": 89.26999,
    "model": "gpt-4-0125-preview",
    "input_cost_per_token": 1e-05,
    "output_cost_per_token": 3e-05,
    "total_input_tokens": 11347,
    "total_output_tokens": 3670,
    "total_tokens": 15017,
    "total_cost": 0.22357000000000005
}