{
    "commit": "3d049a021c75a23956b1b19796f346c39b8068ca",
    "start_epoch": 1760792947.514587,
    "end_epoch": 1760792990.690724,
    "elapsed_seconds": 43.176137,
    "model": "gpt-4-0125-preview",
    "input_cost_per_token": 1e-05,
    "output_cost_per_token": 3e-05,
    "total_input_tokens": 5108,
    "total_output_tokens": 1517,
    "total_tokens": 6625,
    "total_cost": 0.09659
}