{
    "commit": "d5a71f0fcfd707c17af22c99facd0893255c0862",
    "start_epoch": 1760789687.162292,
    "end_epoch": 1760789781.908493,
    "elapsed_seconds": 94.746201,
    "model": "gpt-4-0125-preview",
    "input_cost_per_token": 1e-05,
    "output_cost_per_token": 3e-05,
    "total_input_tokens": 12583,
    "total_output_tokens": 3724,
    "total_tokens": 16307,
    "total_cost": 0.23755
}