{
    "commit": "a0ec7ae7d57a137f4ac8b667be440f01dc7ff57e",
    "start_epoch": 1760529250.415666,
    "end_epoch": 1760529614.885343,
    "elapsed_seconds": 364.469677,
    "model": "gpt-4-0125-preview",
    "input_cost_per_token": 1e-05,
    "output_cost_per_token": 3e-05,
    "total_input_tokens": 137763,
    "total_output_tokens": 12056,
    "total_tokens": 149819,
    "total_cost": 1.7393099999999995
}