{
    "commit": "a4465e2c7c62919830b83b08178b2f8176617630",
    "start_epoch": 1760521724.346416,
    "end_epoch": 1760521809.04917,
    "elapsed_seconds": 84.702754,
    "model": "gpt-4-0125-preview",
    "input_cost_per_token": 1e-05,
    "output_cost_per_token": 3e-05,
    "total_input_tokens": 11124,
    "total_output_tokens": 2413,
    "total_tokens": 13537,
    "total_cost": 0.18363
}