{
    "commit": "d437d5a62a0b5e34dcb9ab73a7fa734c927ea2cb",
    "start_epoch": 1760820811.508518,
    "end_epoch": 1760820867.377151,
    "elapsed_seconds": 55.868633,
    "model": "gpt-4-0125-preview",
    "input_cost_per_token": 1e-05,
    "output_cost_per_token": 3e-05,
    "total_input_tokens": 10940,
    "total_output_tokens": 1478,
    "total_tokens": 12418,
    "total_cost": 0.15374000000000002
}