{
    "commit": "0b00a82729296ac5718812cfb298e5476634abfe",
    "start_epoch": 1760795354.997999,
    "end_epoch": 1760795398.712034,
    "elapsed_seconds": 43.714035,
    "model": "gpt-4-0125-preview",
    "input_cost_per_token": 1e-05,
    "output_cost_per_token": 3e-05,
    "total_input_tokens": 9911,
    "total_output_tokens": 1775,
    "total_tokens": 11686,
    "total_cost": 0.15236
}