{
    "commit": "8d03a776bdcc65c7edac6626330efdf209c8e3e8",
    "start_epoch": 1760584153.31199,
    "end_epoch": 1760584216.759118,
    "elapsed_seconds": 63.447128,
    "model": "gpt-4-0125-preview",
    "input_cost_per_token": 1e-05,
    "output_cost_per_token": 3e-05,
    "total_input_tokens": 10153,
    "total_output_tokens": 2060,
    "total_tokens": 12213,
    "total_cost": 0.16333000000000003
}