{
    "commit": "b08e1e45b6cab83afb33117bc99580a03085286c",
    "start_epoch": 1760498780.402841,
    "end_epoch": 1760498824.71297,
    "elapsed_seconds": 44.310129,
    "model": "gpt-4-0125-preview",
    "input_cost_per_token": 1e-05,
    "output_cost_per_token": 3e-05,
    "total_input_tokens": 7232,
    "total_output_tokens": 1629,
    "total_tokens": 8861,
    "total_cost": 0.12119
}