{
    "commit": "383f8d0e0d8ccddf77c949be70a7fff13a9e1f88",
    "start_epoch": 1760569805.969531,
    "end_epoch": 1760569855.339371,
    "elapsed_seconds": 49.36984,
    "model": "gpt-4-0125-preview",
    "input_cost_per_token": 1e-05,
    "output_cost_per_token": 3e-05,
    "total_input_tokens": 10540,
    "total_output_tokens": 1839,
    "total_tokens": 12379,
    "total_cost": 0.16057000000000002
}