{
    "commit": "ea15ab853687ec5ef0651b09c62c837293bb25e8",
    "start_epoch": 1760958717.372921,
    "end_epoch": 1760958803.731448,
    "elapsed_seconds": 86.358527,
    "model": "gpt-4-0125-preview",
    "input_cost_per_token": 1e-05,
    "output_cost_per_token": 3e-05,
    "total_input_tokens": 10699,
    "total_output_tokens": 3299,
    "total_tokens": 13998,
    "total_cost": 0.20596
}