{
    "commit": "37fca96168edb09f9fbd99374aba6e8b7fd1c6e5",
    "start_epoch": 1760511058.269,
    "end_epoch": 1760511147.811543,
    "elapsed_seconds": 89.542543,
    "model": "gpt-4-0125-preview",
    "input_cost_per_token": 1e-05,
    "output_cost_per_token": 3e-05,
    "total_input_tokens": 7955,
    "total_output_tokens": 2532,
    "total_tokens": 10487,
    "total_cost": 0.15551
}