{
    "commit": "7a40f112361f5122a971329f1819a325dcdb0137",
    "start_epoch": 1760741958.006253,
    "end_epoch": 1760741998.711919,
    "elapsed_seconds": 40.705666,
    "model": "gpt-4-0125-preview",
    "input_cost_per_token": 1e-05,
    "output_cost_per_token": 3e-05,
    "total_input_tokens": 6418,
    "total_output_tokens": 1522,
    "total_tokens": 7940,
    "total_cost": 0.10984000000000002
}