{
    "commit": "a101bb15ca3f1123f239d82c6e0cae7ba7253ca9",
    "start_epoch": 1760712965.161599,
    "end_epoch": 1760713055.479649,
    "elapsed_seconds": 90.31805,
    "model": "gpt-4-0125-preview",
    "input_cost_per_token": 1e-05,
    "output_cost_per_token": 3e-05,
    "total_input_tokens": 14875,
    "total_output_tokens": 3139,
    "total_tokens": 18014,
    "total_cost": 0.24292000000000002
}