{
    "commit": "69f00a0752976a995d6f9ae44a602058ec3d492b",
    "start_epoch": 1760750948.150797,
    "end_epoch": 1760751001.869735,
    "elapsed_seconds": 53.718938,
    "model": "gpt-4-0125-preview",
    "input_cost_per_token": 1e-05,
    "output_cost_per_token": 3e-05,
    "total_input_tokens": 11798,
    "total_output_tokens": 1930,
    "total_tokens": 13728,
    "total_cost": 0.17588
}