{
    "commit": "1aecc36f646bf1adea0eefc6b2371eaf493f3591",
    "start_epoch": 1760709500.277203,
    "end_epoch": 1760709582.184313,
    "elapsed_seconds": 81.90711,
    "model": "gpt-4-0125-preview",
    "input_cost_per_token": 1e-05,
    "output_cost_per_token": 3e-05,
    "total_input_tokens": 11359,
    "total_output_tokens": 2728,
    "total_tokens": 14087,
    "total_cost": 0.19543000000000002
}