{
    "commit": "d26845415bd642ed5197e6adabeb96dda7331cce",
    "start_epoch": 1760759698.297719,
    "end_epoch": 1760759779.559715,
    "elapsed_seconds": 81.261996,
    "model": "gpt-4-0125-preview",
    "input_cost_per_token": 1e-05,
    "output_cost_per_token": 3e-05,
    "total_input_tokens": 10456,
    "total_output_tokens": 3051,
    "total_tokens": 13507,
    "total_cost": 0.19609000000000004
}