{
    "commit": "dd813acff2f47d07e7a026b847edada4394e786f",
    "start_epoch": 1760752398.778585,
    "end_epoch": 1760752445.441839,
    "elapsed_seconds": 46.663254,
    "model": "gpt-4-0125-preview",
    "input_cost_per_token": 1e-05,
    "output_cost_per_token": 3e-05,
    "total_input_tokens": 7354,
    "total_output_tokens": 1813,
    "total_tokens": 9167,
    "total_cost": 0.12793
}