{
    "commit": "8fed191c8d98ee7766e7a935b0a58491a4aad2f5",
    "start_epoch": 1760526746.748307,
    "end_epoch": 1760526879.794343,
    "elapsed_seconds": 133.046036,
    "model": "gpt-4-0125-preview",
    "input_cost_per_token": 1e-05,
    "output_cost_per_token": 3e-05,
    "total_input_tokens": 26044,
    "total_output_tokens": 4951,
    "total_tokens": 30995,
    "total_cost": 0.40897000000000006
}