{
    "commit": "cc48d892ca094d72f3e12ebe97da9410b2e3f510",
    "start_epoch": 1760809052.055209,
    "end_epoch": 1760809115.328273,
    "elapsed_seconds": 63.273064,
    "model": "gpt-4-0125-preview",
    "input_cost_per_token": 1e-05,
    "output_cost_per_token": 3e-05,
    "total_input_tokens": 12034,
    "total_output_tokens": 2202,
    "total_tokens": 14236,
    "total_cost": 0.18639999999999998
}