{
    "commit": "93e86431b69e7987c845dc6ad13c0ccb02220089",
    "start_epoch": 1760762727.496932,
    "end_epoch": 1760762783.308315,
    "elapsed_seconds": 55.811383,
    "model": "gpt-4-0125-preview",
    "input_cost_per_token": 1e-05,
    "output_cost_per_token": 3e-05,
    "total_input_tokens": 5865,
    "total_output_tokens": 1608,
    "total_tokens": 7473,
    "total_cost": 0.10689
}