{
    "commit": "e7acb3a0455f0bc3b05cc120c1000525cfa0480c",
    "start_epoch": 1760719532.379775,
    "end_epoch": 1760719569.576844,
    "elapsed_seconds": 37.197069,
    "model": "gpt-4-0125-preview",
    "input_cost_per_token": 1e-05,
    "output_cost_per_token": 3e-05,
    "total_input_tokens": 6167,
    "total_output_tokens": 1523,
    "total_tokens": 7690,
    "total_cost": 0.10736
}