{
    "commit": "802d6585ce42b60e113b2c8bbdceef85d31c1c68",
    "start_epoch": 1760734959.658567,
    "end_epoch": 1760735018.197679,
    "elapsed_seconds": 58.539112,
    "model": "gpt-4-0125-preview",
    "input_cost_per_token": 1e-05,
    "output_cost_per_token": 3e-05,
    "total_input_tokens": 5877,
    "total_output_tokens": 1894,
    "total_tokens": 7771,
    "total_cost": 0.11559000000000001
}