{
    "commit": "c8472e41055674dfb9d0717ce10ed8e7bc38d1a2",
    "start_epoch": 1760817015.779363,
    "end_epoch": 1760817106.216785,
    "elapsed_seconds": 90.437422,
    "model": "gpt-4-0125-preview",
    "input_cost_per_token": 1e-05,
    "output_cost_per_token": 3e-05,
    "total_input_tokens": 19620,
    "total_output_tokens": 3221,
    "total_tokens": 22841,
    "total_cost": 0.29283000000000003
}