{
    "commit": "79aa0c08b6c03ce76304c6053ffcfaed08541484",
    "start_epoch": 1760754264.926418,
    "end_epoch": 1760754316.409528,
    "elapsed_seconds": 51.48311,
    "model": "gpt-4-0125-preview",
    "input_cost_per_token": 1e-05,
    "output_cost_per_token": 3e-05,
    "total_input_tokens": 16823,
    "total_output_tokens": 1961,
    "total_tokens": 18784,
    "total_cost": 0.22706000000000004
}