{
    "commit": "538a6ddfad1fe5954205a4d78e01f0fa10c79dcb",
    "start_epoch": 1760565259.599543,
    "end_epoch": 1760565356.086855,
    "elapsed_seconds": 96.487312,
    "model": "gpt-4-0125-preview",
    "input_cost_per_token": 1e-05,
    "output_cost_per_token": 3e-05,
    "total_input_tokens": 23285,
    "total_output_tokens": 3645,
    "total_tokens": 26930,
    "total_cost": 0.3422
}