{
    "commit": "b42280ab52937b8d86f4410baabecb888e5d2e73",
    "start_epoch": 1760799156.897366,
    "end_epoch": 1760799235.38109,
    "elapsed_seconds": 78.483724,
    "model": "gpt-4-0125-preview",
    "input_cost_per_token": 1e-05,
    "output_cost_per_token": 3e-05,
    "total_input_tokens": 18406,
    "total_output_tokens": 3244,
    "total_tokens": 21650,
    "total_cost": 0.28138
}