{
    "commit": "935f62692e1edba312795b7690e7571a13f5fe99",
    "start_epoch": 1760801511.762895,
    "end_epoch": 1760801589.468151,
    "elapsed_seconds": 77.705256,
    "model": "gpt-4-0125-preview",
    "input_cost_per_token": 1e-05,
    "output_cost_per_token": 3e-05,
    "total_input_tokens": 12972,
    "total_output_tokens": 2878,
    "total_tokens": 15850,
    "total_cost": 0.21606
}