{
    "commit": "c3d3f86070e9e076e3efbb158f684ac60d772f65",
    "start_epoch": 1760581522.734403,
    "end_epoch": 1760581585.018484,
    "elapsed_seconds": 62.284081,
    "model": "gpt-4-0125-preview",
    "input_cost_per_token": 1e-05,
    "output_cost_per_token": 3e-05,
    "total_input_tokens": 8728,
    "total_output_tokens": 1831,
    "total_tokens": 10559,
    "total_cost": 0.14221000000000003
}