{
    "commit": "7b8161fa0a0a6c1b23b1b1eb6f2d28fedd088a0b",
    "start_epoch": 1760532491.396239,
    "end_epoch": 1760532606.830592,
    "elapsed_seconds": 115.434353,
    "model": "gpt-4-0125-preview",
    "input_cost_per_token": 1e-05,
    "output_cost_per_token": 3e-05,
    "total_input_tokens": 11485,
    "total_output_tokens": 4289,
    "total_tokens": 15774,
    "total_cost": 0.24352000000000004
}