{
    "commit": "36c0edaee44ab5b935fcce9547a1dc667e583967",
    "start_epoch": 1760706755.549104,
    "end_epoch": 1760706812.21339,
    "elapsed_seconds": 56.664286,
    "model": "gpt-4-0125-preview",
    "input_cost_per_token": 1e-05,
    "output_cost_per_token": 3e-05,
    "total_input_tokens": 6046,
    "total_output_tokens": 1937,
    "total_tokens": 7983,
    "total_cost": 0.11857000000000001
}