{
    "commit": "2ecf23dc0d4fd345dc00553e0257021472aece7d",
    "start_epoch": 1760502166.699026,
    "end_epoch": 1760502215.449148,
    "elapsed_seconds": 48.750122,
    "model": "gpt-4-0125-preview",
    "input_cost_per_token": 1e-05,
    "output_cost_per_token": 3e-05,
    "total_input_tokens": 5918,
    "total_output_tokens": 1866,
    "total_tokens": 7784,
    "total_cost": 0.11516000000000001
}