{
    "commit": "fbeca3b22ea7edb9fbb17f30a75697867bb80ea5",
    "start_epoch": 1760725274.116123,
    "end_epoch": 1760725400.701542,
    "elapsed_seconds": 126.585419,
    "model": "gpt-4-0125-preview",
    "input_cost_per_token": 1e-05,
    "output_cost_per_token": 3e-05,
    "total_input_tokens": 19900,
    "total_output_tokens": 4633,
    "total_tokens": 24533,
    "total_cost": 0.33799
}