{
    "commit": "28cfe09049063d10e0f389a63f56e305f11685c1",
    "start_epoch": 1760805242.019179,
    "end_epoch": 1760805281.738483,
    "elapsed_seconds": 39.719304,
    "model": "gpt-4-0125-preview",
    "input_cost_per_token": 1e-05,
    "output_cost_per_token": 3e-05,
    "total_input_tokens": 4747,
    "total_output_tokens": 1483,
    "total_tokens": 6230,
    "total_cost": 0.09196000000000001
}