{
    "commit": "49c3a1bc25684fbc1e1b5bc23f90e8f9065065ce",
    "start_epoch": 1760814561.060913,
    "end_epoch": 1760814624.07435,
    "elapsed_seconds": 63.013437,
    "model": "gpt-4-0125-preview",
    "input_cost_per_token": 1e-05,
    "output_cost_per_token": 3e-05,
    "total_input_tokens": 11647,
    "total_output_tokens": 2274,
    "total_tokens": 13921,
    "total_cost": 0.18469000000000002
}