{
    "commit": "21337bb3fa8ca7a72b3ed93e4f4b9d1905089692",
    "start_epoch": 1760806812.563217,
    "end_epoch": 1760806931.061317,
    "elapsed_seconds": 118.4981,
    "model": "gpt-4-0125-preview",
    "input_cost_per_token": 1e-05,
    "output_cost_per_token": 3e-05,
    "total_input_tokens": 30776,
    "total_output_tokens": 4609,
    "total_tokens": 35385,
    "total_cost": 0.44603
}