{
    "commit": "d6d0d825f28caf535b56d5b1178851a06a9a9bb8",
    "start_epoch": 1760765370.568714,
    "end_epoch": 1760765440.954831,
    "elapsed_seconds": 70.386117,
    "model": "gpt-4-0125-preview",
    "input_cost_per_token": 1e-05,
    "output_cost_per_token": 3e-05,
    "total_input_tokens": 11099,
    "total_output_tokens": 2699,
    "total_tokens": 13798,
    "total_cost": 0.19196000000000002
}