{
    "commit": "d0eb46b6cbaef46e506d035899873ec0a33d8a3c",
    "start_epoch": 1760807508.539331,
    "end_epoch": 1760807596.607678,
    "elapsed_seconds": 88.068347,
    "model": "gpt-4-0125-preview",
    "input_cost_per_token": 1e-05,
    "output_cost_per_token": 3e-05,
    "total_input_tokens": 15222,
    "total_output_tokens": 3612,
    "total_tokens": 18834,
    "total_cost": 0.26058
}