{
    "commit": "0b096bb461f8f9504d03957ea449cda69b121091",
    "start_epoch": 1760518122.744681,
    "end_epoch": 1760518183.506244,
    "elapsed_seconds": 60.761563,
    "model": "gpt-4-0125-preview",
    "input_cost_per_token": 1e-05,
    "output_cost_per_token": 3e-05,
    "total_input_tokens": 12213,
    "total_output_tokens": 1903,
    "total_tokens": 14116,
    "total_cost": 0.17922
}