{
    "commit": "42aced1d746496364fb991fb60942969838ad6f3",
    "start_epoch": 1760552146.254933,
    "end_epoch": 1760552270.695021,
    "elapsed_seconds": 124.440088,
    "model": "gpt-4-0125-preview",
    "input_cost_per_token": 1e-05,
    "output_cost_per_token": 3e-05,
    "total_input_tokens": 11803,
    "total_output_tokens": 4345,
    "total_tokens": 16148,
    "total_cost": 0.24838
}