{
    "commit": "e3f49da1c9d0871c51782fbf86e7370f526a6046",
    "start_epoch": 1760523912.245809,
    "end_epoch": 1760524020.798839,
    "elapsed_seconds": 108.55303,
    "model": "gpt-4-0125-preview",
    "input_cost_per_token": 1e-05,
    "output_cost_per_token": 3e-05,
    "total_input_tokens": 15934,
    "total_output_tokens": 3691,
    "total_tokens": 19625,
    "total_cost": 0.27007000000000003
}