{
    "commit": "333c35dc9e418aa3571ef8b1cea239f99c7b34b7",
    "start_epoch": 1760708870.955108,
    "end_epoch": 1760709260.345124,
    "elapsed_seconds": 389.390016,
    "model": "gpt-4-0125-preview",
    "input_cost_per_token": 1e-05,
    "output_cost_per_token": 3e-05,
    "total_input_tokens": 170268,
    "total_output_tokens": 12448,
    "total_tokens": 182716,
    "total_cost": 2.076119999999999
}