{
    "commit": "029b6cc30beae476af785d382f8130aea522aa14",
    "start_epoch": 1760776143.53168,
    "end_epoch": 1760776191.357941,
    "elapsed_seconds": 47.826261,
    "model": "gpt-4-0125-preview",
    "input_cost_per_token": 1e-05,
    "output_cost_per_token": 3e-05,
    "total_input_tokens": 5074,
    "total_output_tokens": 1503,
    "total_tokens": 6577,
    "total_cost": 0.09583
}