{
    "commit": "e4692a32a753966168d835b0a507e1a603699594",
    "start_epoch": 1760776059.71639,
    "end_epoch": 1760776143.396449,
    "elapsed_seconds": 83.680059,
    "model": "gpt-4-0125-preview",
    "input_cost_per_token": 1e-05,
    "output_cost_per_token": 3e-05,
    "total_input_tokens": 11581,
    "total_output_tokens": 3081,
    "total_tokens": 14662,
    "total_cost": 0.20824000000000004
}