{
    "commit": "09b709fbe14d6968e5e0bf765f2a1eb42e53a075",
    "start_epoch": 1760815959.008083,
    "end_epoch": 1760816008.108625,
    "elapsed_seconds": 49.100542,
    "model": "gpt-4-0125-preview",
    "input_cost_per_token": 1e-05,
    "output_cost_per_token": 3e-05,
    "total_input_tokens": 4747,
    "total_output_tokens": 1541,
    "total_tokens": 6288,
    "total_cost": 0.0937
}