{
    "commit": "0fe42a250b2fbb7f0b87c72de9be6870ac919028",
    "start_epoch": 1760564541.164918,
    "end_epoch": 1760564648.070344,
    "elapsed_seconds": 106.905426,
    "model": "gpt-4-0125-preview",
    "input_cost_per_token": 1e-05,
    "output_cost_per_token": 3e-05,
    "total_input_tokens": 22942,
    "total_output_tokens": 3162,
    "total_tokens": 26104,
    "total_cost": 0.32428
}