{
    "commit": "e579aa885de78101b91cd359ce1d213c8f1cf34f",
    "start_epoch": 1760584953.109688,
    "end_epoch": 1760585003.685653,
    "elapsed_seconds": 50.575965,
    "model": "gpt-4-0125-preview",
    "input_cost_per_token": 1e-05,
    "output_cost_per_token": 3e-05,
    "total_input_tokens": 6257,
    "total_output_tokens": 1488,
    "total_tokens": 7745,
    "total_cost": 0.10721000000000001
}