{
    "commit": "35c1805fa9e5dcd6c971dddf27579bcd916b1994",
    "start_epoch": 1760748969.319388,
    "end_epoch": 1760749019.7868,
    "elapsed_seconds": 50.467412,
    "model": "gpt-4-0125-preview",
    "input_cost_per_token": 1e-05,
    "output_cost_per_token": 3e-05,
    "total_input_tokens": 5379,
    "total_output_tokens": 1751,
    "total_tokens": 7130,
    "total_cost": 0.10632000000000003
}