{
    "commit": "fce3eac31a2e7f2937d04bc97a1cc050023b2d9e",
    "start_epoch": 1760818566.379694,
    "end_epoch": 1760818699.188436,
    "elapsed_seconds": 132.808742,
    "model": "gpt-4-0125-preview",
    "input_cost_per_token": 1e-05,
    "output_cost_per_token": 3e-05,
    "total_input_tokens": 28646,
    "total_output_tokens": 4362,
    "total_tokens": 33008,
    "total_cost": 0.41732
}