{
    "commit": "56e369823d214e645f9d9bcc1bf9ae1518604987",
    "start_epoch": 1760569126.855137,
    "end_epoch": 1760569161.222333,
    "elapsed_seconds": 34.367196,
    "model": "gpt-4-0125-preview",
    "input_cost_per_token": 1e-05,
    "output_cost_per_token": 3e-05,
    "total_input_tokens": 5248,
    "total_output_tokens": 1205,
    "total_tokens": 6453,
    "total_cost": 0.08863
}