{
    "commit": "a83f6cbad1ea0287192b26c9303be262746cfd3e",
    "start_epoch": 1760557275.44253,
    "end_epoch": 1760557321.165308,
    "elapsed_seconds": 45.722778,
    "model": "gpt-4-0125-preview",
    "input_cost_per_token": 1e-05,
    "output_cost_per_token": 3e-05,
    "total_input_tokens": 7948,
    "total_output_tokens": 1545,
    "total_tokens": 9493,
    "total_cost": 0.12583
}