{
    "commit": "6407717aaf0b3118c539f89b5777ecb46c696a7e",
    "start_epoch": 1760524704.836304,
    "end_epoch": 1760524804.679203,
    "elapsed_seconds": 99.842899,
    "model": "gpt-4-0125-preview",
    "input_cost_per_token": 1e-05,
    "output_cost_per_token": 3e-05,
    "total_input_tokens": 15925,
    "total_output_tokens": 3574,
    "total_tokens": 19499,
    "total_cost": 0.26647000000000004
}