{
    "commit": "e08e56f7686c4c1816b1b2e5b658f75ec77116b2",
    "start_epoch": 1760706039.872695,
    "end_epoch": 1760706088.539835,
    "elapsed_seconds": 48.66714,
    "model": "gpt-4-0125-preview",
    "input_cost_per_token": 1e-05,
    "output_cost_per_token": 3e-05,
    "total_input_tokens": 9525,
    "total_output_tokens": 1757,
    "total_tokens": 11282,
    "total_cost": 0.14796
}