{
    "commit": "14940d87db92785a8ef41e38b272bd4ec311bfda",
    "start_epoch": 1760750172.121097,
    "end_epoch": 1760750210.883134,
    "elapsed_seconds": 38.762037,
    "model": "gpt-4-0125-preview",
    "input_cost_per_token": 1e-05,
    "output_cost_per_token": 3e-05,
    "total_input_tokens": 5495,
    "total_output_tokens": 1377,
    "total_tokens": 6872,
    "total_cost": 0.09626000000000001
}