{
    "commit": "cb577fb3557df9135d9cf4adf2921f523448f868",
    "start_epoch": 1760702506.737934,
    "end_epoch": 1760702616.536041,
    "elapsed_seconds": 109.798107,
    "model": "gpt-4-0125-preview",
    "input_cost_per_token": 1e-05,
    "output_cost_per_token": 3e-05,
    "total_input_tokens": 12187,
    "total_output_tokens": 4083,
    "total_tokens": 16270,
    "total_cost": 0.24436000000000002
}