{
    "commit": "f17fe6ae9dad201723d14b341a5ec36484b29b3a",
    "start_epoch": 1760815518.768713,
    "end_epoch": 1760815611.380998,
    "elapsed_seconds": 92.612285,
    "model": "gpt-4-0125-preview",
    "input_cost_per_token": 1e-05,
    "output_cost_per_token": 3e-05,
    "total_input_tokens": 22839,
    "total_output_tokens": 3395,
    "total_tokens": 26234,
    "total_cost": 0.33024000000000003
}