{
    "commit": "896f1cf29a52334b9308a6d7ffd190770996b95b",
    "start_epoch": 1760706088.716831,
    "end_epoch": 1760706144.747259,
    "elapsed_seconds": 56.030428,
    "model": "gpt-4-0125-preview",
    "input_cost_per_token": 1e-05,
    "output_cost_per_token": 3e-05,
    "total_input_tokens": 6824,
    "total_output_tokens": 2010,
    "total_tokens": 8834,
    "total_cost": 0.12854000000000002
}