{
    "commit": "7c6c0587c6364c64d09ca77f224d5b7ee97dc951",
    "start_epoch": 1760694886.592996,
    "end_epoch": 1760694968.893544,
    "elapsed_seconds": 82.300548,
    "model": "gpt-4-0125-preview",
    "input_cost_per_token": 1e-05,
    "output_cost_per_token": 3e-05,
    "total_input_tokens": 11748,
    "total_output_tokens": 3241,
    "total_tokens": 14989,
    "total_cost": 0.21471
}