{
    "commit": "03782a354eabeb25d0407787fe332e92bc243c46",
    "start_epoch": 1760561471.466543,
    "end_epoch": 1760561569.718332,
    "elapsed_seconds": 98.251789,
    "model": "gpt-4-0125-preview",
    "input_cost_per_token": 1e-05,
    "output_cost_per_token": 3e-05,
    "total_input_tokens": 45197,
    "total_output_tokens": 3327,
    "total_tokens": 48524,
    "total_cost": 0.5517799999999999
}