{
    "commit": "dd2551073afa37950070b4afc006403d75a6af89",
    "start_epoch": 1760741431.477097,
    "end_epoch": 1760741474.483782,
    "elapsed_seconds": 43.006685,
    "model": "gpt-4-0125-preview",
    "input_cost_per_token": 1e-05,
    "output_cost_per_token": 3e-05,
    "total_input_tokens": 6327,
    "total_output_tokens": 1603,
    "total_tokens": 7930,
    "total_cost": 0.11136
}