{
    "commit": "56c37fcd351c159b41c3d96bea0046e6db7e4820",
    "start_epoch": 1760747649.89719,
    "end_epoch": 1760747704.053051,
    "elapsed_seconds": 54.155861,
    "model": "gpt-4-0125-preview",
    "input_cost_per_token": 1e-05,
    "output_cost_per_token": 3e-05,
    "total_input_tokens": 7190,
    "total_output_tokens": 2146,
    "total_tokens": 9336,
    "total_cost": 0.13628
}