{
    "commit": "f6345a8350183496584c8ea756b0fda28810f521",
    "start_epoch": 1760707117.070448,
    "end_epoch": 1760707189.995257,
    "elapsed_seconds": 72.924809,
    "model": "gpt-4-0125-preview",
    "input_cost_per_token": 1e-05,
    "output_cost_per_token": 3e-05,
    "total_input_tokens": 7472,
    "total_output_tokens": 2615,
    "total_tokens": 10087,
    "total_cost": 0.15317
}