{
    "commit": "fd242ac91a69a55086d2539f5e0ff3a90776c835",
    "start_epoch": 1760714510.05123,
    "end_epoch": 1760714610.094556,
    "elapsed_seconds": 100.043326,
    "model": "gpt-4-0125-preview",
    "input_cost_per_token": 1e-05,
    "output_cost_per_token": 3e-05,
    "total_input_tokens": 19534,
    "total_output_tokens": 3497,
    "total_tokens": 23031,
    "total_cost": 0.30025
}