{
    "commit": "763d1aee3c9971ac7ef8c853cddfcc8849abf860",
    "start_epoch": 1760578742.280125,
    "end_epoch": 1760578842.932758,
    "elapsed_seconds": 100.652633,
    "model": "gpt-4-0125-preview",
    "input_cost_per_token": 1e-05,
    "output_cost_per_token": 3e-05,
    "total_input_tokens": 30142,
    "total_output_tokens": 3388,
    "total_tokens": 33530,
    "total_cost": 0.4030600000000001
}