{
    "commit": "130e0e6740ca76ce07a359da8ede92285824f310",
    "start_epoch": 1760752887.777361,
    "end_epoch": 1760752967.183524,
    "elapsed_seconds": 79.406163,
    "model": "gpt-4-0125-preview",
    "input_cost_per_token": 1e-05,
    "output_cost_per_token": 3e-05,
    "total_input_tokens": 10363,
    "total_output_tokens": 2880,
    "total_tokens": 13243,
    "total_cost": 0.19002999999999998
}