{
    "commit": "1140f3a083f924bf6a660ef8ff2fdaf580748e5a",
    "start_epoch": 1760754834.081863,
    "end_epoch": 1760754956.533173,
    "elapsed_seconds": 122.45131,
    "model": "gpt-4-0125-preview",
    "input_cost_per_token": 1e-05,
    "output_cost_per_token": 3e-05,
    "total_input_tokens": 19874,
    "total_output_tokens": 4814,
    "total_tokens": 24688,
    "total_cost": 0.34316
}