{
    "commit": "2f82d2a49861619a07e5967da0ab52862c8897a0",
    "start_epoch": 1760495642.374905,
    "end_epoch": 1760495687.496042,
    "elapsed_seconds": 45.121137,
    "model": "gpt-4-0125-preview",
    "input_cost_per_token": 1e-05,
    "output_cost_per_token": 3e-05,
    "total_input_tokens": 15873,
    "total_output_tokens": 1427,
    "total_tokens": 17300,
    "total_cost": 0.20153999999999997
}