{
    "commit": "bbc2bee03cc2531fa4f7a232b13af2d5e86c6117",
    "start_epoch": 1760753839.734373,
    "end_epoch": 1760753923.253372,
    "elapsed_seconds": 83.518999,
    "model": "gpt-4-0125-preview",
    "input_cost_per_token": 1e-05,
    "output_cost_per_token": 3e-05,
    "total_input_tokens": 14749,
    "total_output_tokens": 3277,
    "total_tokens": 18026,
    "total_cost": 0.2458
}