{
    "commit": "eaef722e9668ae257258f3606dd346a344a485fa",
    "start_epoch": 1760571222.664652,
    "end_epoch": 1760571357.32271,
    "elapsed_seconds": 134.658058,
    "model": "gpt-4-0125-preview",
    "input_cost_per_token": 1e-05,
    "output_cost_per_token": 3e-05,
    "total_input_tokens": 37051,
    "total_output_tokens": 5521,
    "total_tokens": 42572,
    "total_cost": 0.5361400000000001
}