{
    "commit": "adc09fa74977e4ea15e9b331fe5590c89ab73611",
    "start_epoch": 1760720637.670597,
    "end_epoch": 1760720722.591112,
    "elapsed_seconds": 84.920515,
    "model": "gpt-4-0125-preview",
    "input_cost_per_token": 1e-05,
    "output_cost_per_token": 3e-05,
    "total_input_tokens": 12062,
    "total_output_tokens": 3097,
    "total_tokens": 15159,
    "total_cost": 0.21353
}