{
    "commit": "cf36dae9e06d811eb9f4616bed3db4bd4383e446",
    "start_epoch": 1760816587.34764,
    "end_epoch": 1760816688.27532,
    "elapsed_seconds": 100.92768,
    "model": "gpt-4-0125-preview",
    "input_cost_per_token": 1e-05,
    "output_cost_per_token": 3e-05,
    "total_input_tokens": 12853,
    "total_output_tokens": 3572,
    "total_tokens": 16425,
    "total_cost": 0.23568999999999998
}