{
    "commit": "73f93a1173bbde2fc898fb50af07edca8f9793db",
    "start_epoch": 1760774165.486839,
    "end_epoch": 1760774269.383968,
    "elapsed_seconds": 103.897129,
    "model": "gpt-4-0125-preview",
    "input_cost_per_token": 1e-05,
    "output_cost_per_token": 3e-05,
    "total_input_tokens": 18616,
    "total_output_tokens": 4134,
    "total_tokens": 22750,
    "total_cost": 0.31018
}