{
    "commit": "ec10bf9f1ff4acc309f2806211eafd0b4eba8b34",
    "start_epoch": 1760738512.995592,
    "end_epoch": 1760738556.232075,
    "elapsed_seconds": 43.236483,
    "model": "gpt-4-0125-preview",
    "input_cost_per_token": 1e-05,
    "output_cost_per_token": 3e-05,
    "total_input_tokens": 14372,
    "total_output_tokens": 1522,
    "total_tokens": 15894,
    "total_cost": 0.18938
}