{
    "commit": "58390b13a49fa14a1a0726b406dd18d45314043f",
    "start_epoch": 1760701681.261792,
    "end_epoch": 1760701770.92465,
    "elapsed_seconds": 89.662858,
    "model": "gpt-4-0125-preview",
    "input_cost_per_token": 1e-05,
    "output_cost_per_token": 3e-05,
    "total_input_tokens": 11851,
    "total_output_tokens": 3599,
    "total_tokens": 15450,
    "total_cost": 0.22648000000000004
}