{
    "commit": "c864ddbdd3c27b2339a653a6999e31ec6041323a",
    "start_epoch": 1760796343.985855,
    "end_epoch": 1760796433.27934,
    "elapsed_seconds": 89.293485,
    "model": "gpt-4-0125-preview",
    "input_cost_per_token": 1e-05,
    "output_cost_per_token": 3e-05,
    "total_input_tokens": 15185,
    "total_output_tokens": 3214,
    "total_tokens": 18399,
    "total_cost": 0.24827000000000002
}