{
    "commit": "f04eb9c8fb7aab786ebfd34257c4491cb3f12c20",
    "start_epoch": 1760806363.701981,
    "end_epoch": 1760806436.536983,
    "elapsed_seconds": 72.835002,
    "model": "gpt-4-0125-preview",
    "input_cost_per_token": 1e-05,
    "output_cost_per_token": 3e-05,
    "total_input_tokens": 11675,
    "total_output_tokens": 2848,
    "total_tokens": 14523,
    "total_cost": 0.20219
}