{
    "commit": "90191ed95ba49e10ff1df8df05397929e9f01c36",
    "start_epoch": 1760515784.320161,
    "end_epoch": 1760515893.65632,
    "elapsed_seconds": 109.336159,
    "model": "gpt-4-0125-preview",
    "input_cost_per_token": 1e-05,
    "output_cost_per_token": 3e-05,
    "total_input_tokens": 20252,
    "total_output_tokens": 3720,
    "total_tokens": 23972,
    "total_cost": 0.31412000000000007
}