{
    "commit": "7146d9a7ee004c74d093986f767e9e5ba4512f53",
    "start_epoch": 1760774962.551102,
    "end_epoch": 1760775054.2842,
    "elapsed_seconds": 91.733098,
    "model": "gpt-4-0125-preview",
    "input_cost_per_token": 1e-05,
    "output_cost_per_token": 3e-05,
    "total_input_tokens": 22084,
    "total_output_tokens": 3121,
    "total_tokens": 25205,
    "total_cost": 0.31447
}