{
    "commit": "768ef0dfe09e002b56b02a80cd76c8fbd71c6f54",
    "start_epoch": 1760787473.691225,
    "end_epoch": 1760787567.798331,
    "elapsed_seconds": 94.107106,
    "model": "gpt-4-0125-preview",
    "input_cost_per_token": 1e-05,
    "output_cost_per_token": 3e-05,
    "total_input_tokens": 18656,
    "total_output_tokens": 3880,
    "total_tokens": 22536,
    "total_cost": 0.30296
}