{
    "commit": "e24d486e07f7ec6d11b45b34c26f40cd1af2862b",
    "start_epoch": 1760708298.161142,
    "end_epoch": 1760708344.88121,
    "elapsed_seconds": 46.720068,
    "model": "gpt-4-0125-preview",
    "input_cost_per_token": 1e-05,
    "output_cost_per_token": 3e-05,
    "total_input_tokens": 5305,
    "total_output_tokens": 1538,
    "total_tokens": 6843,
    "total_cost": 0.09919000000000001
}