{
    "commit": "b4b278a1ac0916a43170f9d74d00ca35f5af3295",
    "start_epoch": 1760744935.433646,
    "end_epoch": 1760745006.733151,
    "elapsed_seconds": 71.299505,
    "model": "gpt-4-0125-preview",
    "input_cost_per_token": 1e-05,
    "output_cost_per_token": 3e-05,
    "total_input_tokens": 10684,
    "total_output_tokens": 2682,
    "total_tokens": 13366,
    "total_cost": 0.18730000000000002
}