{
    "commit": "dd4519f011f13ce44bf0cfeef4fb220969219d29",
    "start_epoch": 1760820239.931114,
    "end_epoch": 1760820323.56107,
    "elapsed_seconds": 83.629956,
    "model": "gpt-4-0125-preview",
    "input_cost_per_token": 1e-05,
    "output_cost_per_token": 3e-05,
    "total_input_tokens": 13824,
    "total_output_tokens": 2639,
    "total_tokens": 16463,
    "total_cost": 0.21741000000000002
}