{
    "commit": "33e93614f77bc47ad47d0c647e80b990f4c49c21",
    "start_epoch": 1760802326.005049,
    "end_epoch": 1760802393.904541,
    "elapsed_seconds": 67.899492,
    "model": "gpt-4-0125-preview",
    "input_cost_per_token": 1e-05,
    "output_cost_per_token": 3e-05,
    "total_input_tokens": 13395,
    "total_output_tokens": 2668,
    "total_tokens": 16063,
    "total_cost": 0.21399
}