{
    "commit": "db6825ca81d7d6d1e1b2035021c3956d090eebc0",
    "start_epoch": 1760555919.512173,
    "end_epoch": 1760556264.068945,
    "elapsed_seconds": 344.556772,
    "model": "gpt-4-0125-preview",
    "input_cost_per_token": 1e-05,
    "output_cost_per_token": 3e-05,
    "total_input_tokens": 201772,
    "total_output_tokens": 10585,
    "total_tokens": 212357,
    "total_cost": 2.3352700000000004
}