{
    "commit": "556ff6753a82322ec0d716e063a48ad34d44d326",
    "start_epoch": 1760580730.799569,
    "end_epoch": 1760580856.546079,
    "elapsed_seconds": 125.74651,
    "model": "gpt-4-0125-preview",
    "input_cost_per_token": 1e-05,
    "output_cost_per_token": 3e-05,
    "total_input_tokens": 20871,
    "total_output_tokens": 4479,
    "total_tokens": 25350,
    "total_cost": 0.34308
}