{
    "commit": "e17ed334162f13e42973d7e5cf6ed5f3d6751fb6",
    "start_epoch": 1760502911.969768,
    "end_epoch": 1760503022.919839,
    "elapsed_seconds": 110.950071,
    "model": "gpt-4-0125-preview",
    "input_cost_per_token": 1e-05,
    "output_cost_per_token": 3e-05,
    "total_input_tokens": 11561,
    "total_output_tokens": 4249,
    "total_tokens": 15810,
    "total_cost": 0.24308
}