{
    "commit": "a6294f6483329b6e9a2d92ecbe31210e1f898452",
    "start_epoch": 1760804287.089202,
    "end_epoch": 1760804430.906713,
    "elapsed_seconds": 143.817511,
    "model": "gpt-4-0125-preview",
    "input_cost_per_token": 1e-05,
    "output_cost_per_token": 3e-05,
    "total_input_tokens": 22378,
    "total_output_tokens": 5216,
    "total_tokens": 27594,
    "total_cost": 0.38026000000000004
}