{
    "commit": "a3ba2d7886a5349732e53286450f7f49fd38099d",
    "start_epoch": 1760749296.048796,
    "end_epoch": 1760749337.186162,
    "elapsed_seconds": 41.137366,
    "model": "gpt-4-0125-preview",
    "input_cost_per_token": 1e-05,
    "output_cost_per_token": 3e-05,
    "total_input_tokens": 9957,
    "total_output_tokens": 1571,
    "total_tokens": 11528,
    "total_cost": 0.14670000000000002
}