{
    "commit": "51b527c74f2f74d822cad8d49e29948298134135",
    "start_epoch": 1760725668.381348,
    "end_epoch": 1760725847.779001,
    "elapsed_seconds": 179.397653,
    "model": "gpt-4-0125-preview",
    "input_cost_per_token": 1e-05,
    "output_cost_per_token": 3e-05,
    "total_input_tokens": 39218,
    "total_output_tokens": 6735,
    "total_tokens": 45953,
    "total_cost": 0.5942299999999999
}