{
    "commit": "7f9425ef5e7bec7346249551ff3542107291b5b3",
    "start_epoch": 1760507756.355463,
    "end_epoch": 1760507804.239026,
    "elapsed_seconds": 47.883563,
    "model": "gpt-4-0125-preview",
    "input_cost_per_token": 1e-05,
    "output_cost_per_token": 3e-05,
    "total_input_tokens": 5996,
    "total_output_tokens": 1709,
    "total_tokens": 7705,
    "total_cost": 0.11123000000000001
}