{
    "commit": "36f9800d59b8ae46bec43aac33a9acfd65a29a44",
    "start_epoch": 1760575281.079366,
    "end_epoch": 1760575388.594791,
    "elapsed_seconds": 107.515425,
    "model": "gpt-4-0125-preview",
    "input_cost_per_token": 1e-05,
    "output_cost_per_token": 3e-05,
    "total_input_tokens": 13836,
    "total_output_tokens": 4149,
    "total_tokens": 17985,
    "total_cost": 0.26283
}