{
    "commit": "02277c5adba24a735cee98468239518f4627f6e7",
    "start_epoch": 1760809873.760515,
    "end_epoch": 1760809925.656189,
    "elapsed_seconds": 51.895674,
    "model": "gpt-4-0125-preview",
    "input_cost_per_token": 1e-05,
    "output_cost_per_token": 3e-05,
    "total_input_tokens": 9919,
    "total_output_tokens": 1998,
    "total_tokens": 11917,
    "total_cost": 0.15913
}