{
    "commit": "14a66479b710825f5fe5119a446bafab6cc260d6",
    "start_epoch": 1760806973.76112,
    "end_epoch": 1760807025.49486,
    "elapsed_seconds": 51.73374,
    "model": "gpt-4-0125-preview",
    "input_cost_per_token": 1e-05,
    "output_cost_per_token": 3e-05,
    "total_input_tokens": 13015,
    "total_output_tokens": 1879,
    "total_tokens": 14894,
    "total_cost": 0.18652000000000002
}