{
    "commit": "d369c9651edc69f1a9729426bc62be99fa293025",
    "start_epoch": 1760543826.432926,
    "end_epoch": 1760544208.373871,
    "elapsed_seconds": 381.940945,
    "model": "gpt-4-0125-preview",
    "input_cost_per_token": 1e-05,
    "output_cost_per_token": 3e-05,
    "total_input_tokens": 174744,
    "total_output_tokens": 6750,
    "total_tokens": 181494,
    "total_cost": 1.9499399999999998
}