{
    "commit": "339c0ddc5421bf5b93ac3bf44559fb8355e88915",
    "start_epoch": 1760775824.506639,
    "end_epoch": 1760775931.545093,
    "elapsed_seconds": 107.038454,
    "model": "gpt-4-0125-preview",
    "input_cost_per_token": 1e-05,
    "output_cost_per_token": 3e-05,
    "total_input_tokens": 12649,
    "total_output_tokens": 4295,
    "total_tokens": 16944,
    "total_cost": 0.25534
}