{
    "commit": "cb6a0643064fd37001df25d993363ba1882ee568",
    "start_epoch": 1760737035.424892,
    "end_epoch": 1760737131.293934,
    "elapsed_seconds": 95.869042,
    "model": "gpt-4-0125-preview",
    "input_cost_per_token": 1e-05,
    "output_cost_per_token": 3e-05,
    "total_input_tokens": 27402,
    "total_output_tokens": 3350,
    "total_tokens": 30752,
    "total_cost": 0.3745200000000001
}