{
    "commit": "d21ffc27130beeda7d43bff8fd5ca44d7f82a9ec",
    "start_epoch": 1760789951.625012,
    "end_epoch": 1760789990.941285,
    "elapsed_seconds": 39.316273,
    "model": "gpt-4-0125-preview",
    "input_cost_per_token": 1e-05,
    "output_cost_per_token": 3e-05,
    "total_input_tokens": 5709,
    "total_output_tokens": 1539,
    "total_tokens": 7248,
    "total_cost": 0.10326000000000002
}