{
    "commit": "f7c340db049c7145e930ba1d2ad3955032af20ff",
    "start_epoch": 1760535129.179043,
    "end_epoch": 1760535250.24246,
    "elapsed_seconds": 121.063417,
    "model": "gpt-4-0125-preview",
    "input_cost_per_token": 1e-05,
    "output_cost_per_token": 3e-05,
    "total_input_tokens": 12448,
    "total_output_tokens": 3664,
    "total_tokens": 16112,
    "total_cost": 0.23440000000000003
}