{
    "commit": "8fcc36685a0f077eb35d865a790dfabb958e1239",
    "start_epoch": 1760743543.234178,
    "end_epoch": 1760743641.236708,
    "elapsed_seconds": 98.00253,
    "model": "gpt-4-0125-preview",
    "input_cost_per_token": 1e-05,
    "output_cost_per_token": 3e-05,
    "total_input_tokens": 9184,
    "total_output_tokens": 3979,
    "total_tokens": 13163,
    "total_cost": 0.21121000000000004
}