{
    "commit": "5935be9f06476527ef8b19c1f7e02f98220a4ca3",
    "start_epoch": 1760713055.608732,
    "end_epoch": 1760713150.481493,
    "elapsed_seconds": 94.872761,
    "model": "gpt-4-0125-preview",
    "input_cost_per_token": 1e-05,
    "output_cost_per_token": 3e-05,
    "total_input_tokens": 11154,
    "total_output_tokens": 3440,
    "total_tokens": 14594,
    "total_cost": 0.21474
}