{
    "commit": "7751c5ffe674ee63d663e8e0dbbd9a3a1327d31b",
    "start_epoch": 1760794287.079563,
    "end_epoch": 1760794603.664332,
    "elapsed_seconds": 316.584769,
    "model": "gpt-4-0125-preview",
    "input_cost_per_token": 1e-05,
    "output_cost_per_token": 3e-05,
    "total_input_tokens": 113283,
    "total_output_tokens": 11407,
    "total_tokens": 124690,
    "total_cost": 1.4750400000000008
}