{
    "commit": "57c6ed08430a3d0c1ec81cfca4020b4e4201e06d",
    "start_epoch": 1760763311.462721,
    "end_epoch": 1760763399.401418,
    "elapsed_seconds": 87.938697,
    "model": "gpt-4-0125-preview",
    "input_cost_per_token": 1e-05,
    "output_cost_per_token": 3e-05,
    "total_input_tokens": 10345,
    "total_output_tokens": 3491,
    "total_tokens": 13836,
    "total_cost": 0.20817999999999998
}