{
    "commit": "e141df8d189109c7cfab026b6b2afd6f97dd839c",
    "start_epoch": 1760811407.094515,
    "end_epoch": 1760811497.035938,
    "elapsed_seconds": 89.941423,
    "model": "gpt-4-0125-preview",
    "input_cost_per_token": 1e-05,
    "output_cost_per_token": 3e-05,
    "total_input_tokens": 28658,
    "total_output_tokens": 3494,
    "total_tokens": 32152,
    "total_cost": 0.3914
}