{
    "commit": "819a067807af4898df7f839283f96b4df603e10c",
    "start_epoch": 1760505672.87136,
    "end_epoch": 1760505719.739793,
    "elapsed_seconds": 46.868433,
    "model": "gpt-4-0125-preview",
    "input_cost_per_token": 1e-05,
    "output_cost_per_token": 3e-05,
    "total_input_tokens": 6075,
    "total_output_tokens": 1604,
    "total_tokens": 7679,
    "total_cost": 0.10887000000000001
}