{
    "commit": "98433272397bcea1b3ba82391b2f2e73670f8b71",
    "start_epoch": 1760695938.200704,
    "end_epoch": 1760696029.530791,
    "elapsed_seconds": 91.330087,
    "model": "gpt-4-0125-preview",
    "input_cost_per_token": 1e-05,
    "output_cost_per_token": 3e-05,
    "total_input_tokens": 17516,
    "total_output_tokens": 3715,
    "total_tokens": 21231,
    "total_cost": 0.28661
}