{
    "commit": "0dd37be8cc39b9b70dd4e20e75c6eb81662516f6",
    "start_epoch": 1760757067.870025,
    "end_epoch": 1760757115.176601,
    "elapsed_seconds": 47.306576,
    "model": "gpt-4-0125-preview",
    "input_cost_per_token": 1e-05,
    "output_cost_per_token": 3e-05,
    "total_input_tokens": 17617,
    "total_output_tokens": 1503,
    "total_tokens": 19120,
    "total_cost": 0.22126
}