{
    "commit": "01bb2d6a3525c58df3d562bf49aeb8805fde06b7",
    "start_epoch": 1760702399.516683,
    "end_epoch": 1760702506.549743,
    "elapsed_seconds": 107.03306,
    "model": "gpt-4-0125-preview",
    "input_cost_per_token": 1e-05,
    "output_cost_per_token": 3e-05,
    "total_input_tokens": 11954,
    "total_output_tokens": 3713,
    "total_tokens": 15667,
    "total_cost": 0.23092999999999997
}