{
    "commit": "e1d70e3a81ecca3974c27aa4b51f43cba164ce48",
    "start_epoch": 1760767515.293316,
    "end_epoch": 1760767557.692204,
    "elapsed_seconds": 42.398888,
    "model": "gpt-4-0125-preview",
    "input_cost_per_token": 1e-05,
    "output_cost_per_token": 3e-05,
    "total_input_tokens": 5004,
    "total_output_tokens": 1344,
    "total_tokens": 6348,
    "total_cost": 0.09036000000000001
}