{
    "commit": "62eb1d93154424f9e74431524fc03dd2005283e5",
    "start_epoch": 1760767267.576099,
    "end_epoch": 1760767384.739465,
    "elapsed_seconds": 117.163366,
    "model": "gpt-4-0125-preview",
    "input_cost_per_token": 1e-05,
    "output_cost_per_token": 3e-05,
    "total_input_tokens": 19213,
    "total_output_tokens": 4624,
    "total_tokens": 23837,
    "total_cost": 0.33085000000000003
}