{
    "commit": "674e2411d0947072ad5e4c30e68ce3421b19c72a",
    "start_epoch": 1760535552.268899,
    "end_epoch": 1760535620.030021,
    "elapsed_seconds": 67.761122,
    "model": "gpt-4-0125-preview",
    "input_cost_per_token": 1e-05,
    "output_cost_per_token": 3e-05,
    "total_input_tokens": 12561,
    "total_output_tokens": 1970,
    "total_tokens": 14531,
    "total_cost": 0.18471
}