{
    "commit": "5c1af6e6b94fc6cc8311a8b799a1eebad7145777",
    "start_epoch": 1760784274.996438,
    "end_epoch": 1760784377.146944,
    "elapsed_seconds": 102.150506,
    "model": "gpt-4-0125-preview",
    "input_cost_per_token": 1e-05,
    "output_cost_per_token": 3e-05,
    "total_input_tokens": 21005,
    "total_output_tokens": 4199,
    "total_tokens": 25204,
    "total_cost": 0.33602000000000004
}