{
    "commit": "228044b32fe6b51d1d69fba8be3a060fee6301e2",
    "start_epoch": 1760752807.524551,
    "end_epoch": 1760752887.564822,
    "elapsed_seconds": 80.040271,
    "model": "gpt-4-0125-preview",
    "input_cost_per_token": 1e-05,
    "output_cost_per_token": 3e-05,
    "total_input_tokens": 15560,
    "total_output_tokens": 3088,
    "total_tokens": 18648,
    "total_cost": 0.24824
}