{
    "commit": "b43309153389b8da2599f8f40c7082e6b2a59ef2",
    "start_epoch": 1760791073.301085,
    "end_epoch": 1760791121.212602,
    "elapsed_seconds": 47.911517,
    "model": "gpt-4-0125-preview",
    "input_cost_per_token": 1e-05,
    "output_cost_per_token": 3e-05,
    "total_input_tokens": 7277,
    "total_output_tokens": 1786,
    "total_tokens": 9063,
    "total_cost": 0.12635000000000002
}