{
    "commit": "b279ebfa01d7f1baaf56d62b90339a7c4863d763",
    "start_epoch": 1760579792.944019,
    "end_epoch": 1760579886.253415,
    "elapsed_seconds": 93.309396,
    "model": "gpt-4-0125-preview",
    "input_cost_per_token": 1e-05,
    "output_cost_per_token": 3e-05,
    "total_input_tokens": 17580,
    "total_output_tokens": 3100,
    "total_tokens": 20680,
    "total_cost": 0.26880000000000004
}