{
    "commit": "1c2a312a3f7ea463a31e472dba76589c567d6b6a",
    "start_epoch": 1760521127.207765,
    "end_epoch": 1760521184.366087,
    "elapsed_seconds": 57.158322,
    "model": "gpt-4-0125-preview",
    "input_cost_per_token": 1e-05,
    "output_cost_per_token": 3e-05,
    "total_input_tokens": 6867,
    "total_output_tokens": 1834,
    "total_tokens": 8701,
    "total_cost": 0.12369
}