{
    "commit": "e04c42ff137fcc401f0dd63f5cfd4648492d9dbe",
    "start_epoch": 1760499456.478492,
    "end_epoch": 1760499497.988228,
    "elapsed_seconds": 41.509736,
    "model": "gpt-4-0125-preview",
    "input_cost_per_token": 1e-05,
    "output_cost_per_token": 3e-05,
    "total_input_tokens": 5557,
    "total_output_tokens": 1499,
    "total_tokens": 7056,
    "total_cost": 0.10054
}