{
    "commit": "87a0ef422c3091beecee409a62958d5cde89ce26",
    "start_epoch": 1760526879.907549,
    "end_epoch": 1760526973.899047,
    "elapsed_seconds": 93.991498,
    "model": "gpt-4-0125-preview",
    "input_cost_per_token": 1e-05,
    "output_cost_per_token": 3e-05,
    "total_input_tokens": 8852,
    "total_output_tokens": 3134,
    "total_tokens": 11986,
    "total_cost": 0.18253999999999998
}