{
    "commit": "05ca045f2b1559af371ba8ee6f2765044de6c8ac",
    "start_epoch": 1760708345.078073,
    "end_epoch": 1760708413.476377,
    "elapsed_seconds": 68.398304,
    "model": "gpt-4-0125-preview",
    "input_cost_per_token": 1e-05,
    "output_cost_per_token": 3e-05,
    "total_input_tokens": 9495,
    "total_output_tokens": 2171,
    "total_tokens": 11666,
    "total_cost": 0.16008000000000003
}