{
    "commit": "26ca5b04000f96fa552b923e064020f743972d9d",
    "start_epoch": 1760548837.804864,
    "end_epoch": 1760548901.182086,
    "elapsed_seconds": 63.377222,
    "model": "gpt-4-0125-preview",
    "input_cost_per_token": 1e-05,
    "output_cost_per_token": 3e-05,
    "total_input_tokens": 11898,
    "total_output_tokens": 1951,
    "total_tokens": 13849,
    "total_cost": 0.17751
}