{
    "commit": "9507f803b59675370f831fba360a6df0b22dde92",
    "start_epoch": 1760546800.175687,
    "end_epoch": 1760546849.923538,
    "elapsed_seconds": 49.747851,
    "model": "gpt-4-0125-preview",
    "input_cost_per_token": 1e-05,
    "output_cost_per_token": 3e-05,
    "total_input_tokens": 6108,
    "total_output_tokens": 1514,
    "total_tokens": 7622,
    "total_cost": 0.10650000000000001
}