{
    "commit": "2dd14ffa2cc6c5f86ac41514a167af255c3de028",
    "start_epoch": 1760706584.933044,
    "end_epoch": 1760706625.136041,
    "elapsed_seconds": 40.202997,
    "model": "gpt-4-0125-preview",
    "input_cost_per_token": 1e-05,
    "output_cost_per_token": 3e-05,
    "total_input_tokens": 5101,
    "total_output_tokens": 1198,
    "total_tokens": 6299,
    "total_cost": 0.08695
}