{
    "commit": "5d5809e17a2063df20339813e888c6a042105883",
    "start_epoch": 1760518266.293515,
    "end_epoch": 1760518384.226299,
    "elapsed_seconds": 117.932784,
    "model": "gpt-4-0125-preview",
    "input_cost_per_token": 1e-05,
    "output_cost_per_token": 3e-05,
    "total_input_tokens": 19710,
    "total_output_tokens": 3694,
    "total_tokens": 23404,
    "total_cost": 0.30792
}