{
    "commit": "a7c421d7cee61527a938a420cbba4841243b2f9e",
    "start_epoch": 1760715486.697677,
    "end_epoch": 1760715533.972769,
    "elapsed_seconds": 47.275092,
    "model": "gpt-4-0125-preview",
    "input_cost_per_token": 1e-05,
    "output_cost_per_token": 3e-05,
    "total_input_tokens": 17391,
    "total_output_tokens": 1710,
    "total_tokens": 19101,
    "total_cost": 0.22521000000000002
}