{
    "commit": "7567f6ceb3a5c870a0e0ec696aadee0f6b3d52df",
    "start_epoch": 1760742290.579787,
    "end_epoch": 1760742325.386679,
    "elapsed_seconds": 34.806892,
    "model": "gpt-4-0125-preview",
    "input_cost_per_token": 1e-05,
    "output_cost_per_token": 3e-05,
    "total_input_tokens": 4713,
    "total_output_tokens": 1022,
    "total_tokens": 5735,
    "total_cost": 0.07779000000000001
}