{
    "commit": "2c6f8a19ab418263a7a76161be196e1df23101b4",
    "start_epoch": 1760782051.196717,
    "end_epoch": 1760782145.826413,
    "elapsed_seconds": 94.629696,
    "model": "gpt-4-0125-preview",
    "input_cost_per_token": 1e-05,
    "output_cost_per_token": 3e-05,
    "total_input_tokens": 9553,
    "total_output_tokens": 3626,
    "total_tokens": 13179,
    "total_cost": 0.20431000000000002
}