{
    "commit": "940510a6988db6bc34cd177d61772c674acfdd8e",
    "start_epoch": 1760776682.088755,
    "end_epoch": 1760776742.544215,
    "elapsed_seconds": 60.45546,
    "model": "gpt-4-0125-preview",
    "input_cost_per_token": 1e-05,
    "output_cost_per_token": 3e-05,
    "total_input_tokens": 8923,
    "total_output_tokens": 2156,
    "total_tokens": 11079,
    "total_cost": 0.15391000000000002
}