{
    "commit": "3612ce45dcda86158dd91008c99ec09b4f06fe36",
    "start_epoch": 1760713664.894298,
    "end_epoch": 1760713787.475399,
    "elapsed_seconds": 122.581101,
    "model": "gpt-4-0125-preview",
    "input_cost_per_token": 1e-05,
    "output_cost_per_token": 3e-05,
    "total_input_tokens": 14954,
    "total_output_tokens": 4631,
    "total_tokens": 19585,
    "total_cost": 0.28847000000000006
}