{
    "commit": "545aad39eaa33c84705d62823cef3bf7f528d708",
    "start_epoch": 1760808673.490441,
    "end_epoch": 1760808802.606805,
    "elapsed_seconds": 129.116364,
    "model": "gpt-4-0125-preview",
    "input_cost_per_token": 1e-05,
    "output_cost_per_token": 3e-05,
    "total_input_tokens": 37749,
    "total_output_tokens": 5043,
    "total_tokens": 42792,
    "total_cost": 0.52878
}