{
    "commit": "ecfe6e886902075407ab55ce0e2a3e72aca141a0",
    "start_epoch": 1760779860.988096,
    "end_epoch": 1760779917.122546,
    "elapsed_seconds": 56.13445,
    "model": "gpt-4-0125-preview",
    "input_cost_per_token": 1e-05,
    "output_cost_per_token": 3e-05,
    "total_input_tokens": 9124,
    "total_output_tokens": 1560,
    "total_tokens": 10684,
    "total_cost": 0.13804000000000002
}