{
    "commit": "f8795ec3200db1f4d9aca94c9b82ea8fb278863b",
    "start_epoch": 1760779200.880741,
    "end_epoch": 1760779262.881546,
    "elapsed_seconds": 62.000805,
    "model": "gpt-4-0125-preview",
    "input_cost_per_token": 1e-05,
    "output_cost_per_token": 3e-05,
    "total_input_tokens": 11534,
    "total_output_tokens": 1912,
    "total_tokens": 13446,
    "total_cost": 0.17270000000000002
}