{
    "commit": "991a9e3a9855ae69c4bdd2b18d682a6adbfa40bb",
    "start_epoch": 1760781803.33891,
    "end_epoch": 1760781850.70887,
    "elapsed_seconds": 47.36996,
    "model": "gpt-4-0125-preview",
    "input_cost_per_token": 1e-05,
    "output_cost_per_token": 3e-05,
    "total_input_tokens": 8273,
    "total_output_tokens": 1738,
    "total_tokens": 10011,
    "total_cost": 0.13487000000000002
}