{
    "commit": "b6b2be783f3fe91172aa8d899ed9118de1b6a71f",
    "start_epoch": 1760805458.273172,
    "end_epoch": 1760805569.633158,
    "elapsed_seconds": 111.359986,
    "model": "gpt-4-0125-preview",
    "input_cost_per_token": 1e-05,
    "output_cost_per_token": 3e-05,
    "total_input_tokens": 19862,
    "total_output_tokens": 4135,
    "total_tokens": 23997,
    "total_cost": 0.32267
}