{
    "commit": "36a9018e12036352be962e332509b1b54ffbb5db",
    "start_epoch": 1760497930.067553,
    "end_epoch": 1760498061.772814,
    "elapsed_seconds": 131.705261,
    "model": "gpt-4-0125-preview",
    "input_cost_per_token": 1e-05,
    "output_cost_per_token": 3e-05,
    "total_input_tokens": 23004,
    "total_output_tokens": 5187,
    "total_tokens": 28191,
    "total_cost": 0.38565
}