{
    "commit": "4e4a26d4c7ed7ffcc5ccbf98b53478886a049dee",
    "start_epoch": 1760510893.634997,
    "end_epoch": 1760510929.374661,
    "elapsed_seconds": 35.739664,
    "model": "gpt-4-0125-preview",
    "input_cost_per_token": 1e-05,
    "output_cost_per_token": 3e-05,
    "total_input_tokens": 3825,
    "total_output_tokens": 986,
    "total_tokens": 4811,
    "total_cost": 0.06783
}