{
    "commit": "0e6b875fe6249aa9d5a7a8d6116614f83a9e1201",
    "start_epoch": 1760511815.29885,
    "end_epoch": 1760511890.806539,
    "elapsed_seconds": 75.507689,
    "model": "gpt-4-0125-preview",
    "input_cost_per_token": 1e-05,
    "output_cost_per_token": 3e-05,
    "total_input_tokens": 8006,
    "total_output_tokens": 1881,
    "total_tokens": 9887,
    "total_cost": 0.13649
}