{
    "commit": "c6424e2c2ad336b4b738630cd62c1335a9ef2eb0",
    "start_epoch": 1760816008.259564,
    "end_epoch": 1760816117.483764,
    "elapsed_seconds": 109.2242,
    "model": "gpt-4-0125-preview",
    "input_cost_per_token": 1e-05,
    "output_cost_per_token": 3e-05,
    "total_input_tokens": 53332,
    "total_output_tokens": 3546,
    "total_tokens": 56878,
    "total_cost": 0.6397
}