{
    "commit": "41758c23af4969bf2600f7eb072b92e115b3e069",
    "start_epoch": 1760533074.97781,
    "end_epoch": 1760533150.624415,
    "elapsed_seconds": 75.646605,
    "model": "gpt-4-0125-preview",
    "input_cost_per_token": 1e-05,
    "output_cost_per_token": 3e-05,
    "total_input_tokens": 12980,
    "total_output_tokens": 2376,
    "total_tokens": 15356,
    "total_cost": 0.20107999999999998
}