{
    "commit": "fbdb5724d6e7f92fe9bb0e2a2f8613c05882f683",
    "start_epoch": 1760531977.905379,
    "end_epoch": 1760532117.634108,
    "elapsed_seconds": 139.728729,
    "model": "gpt-4-0125-preview",
    "input_cost_per_token": 1e-05,
    "output_cost_per_token": 3e-05,
    "total_input_tokens": 22409,
    "total_output_tokens": 4685,
    "total_tokens": 27094,
    "total_cost": 0.36463999999999996
}