{
    "commit": "6d54af2a4b2d06c261af1a00af9012fc3130de8f",
    "start_epoch": 1760562742.860708,
    "end_epoch": 1760562833.955754,
    "elapsed_seconds": 91.095046,
    "model": "gpt-4-0125-preview",
    "input_cost_per_token": 1e-05,
    "output_cost_per_token": 3e-05,
    "total_input_tokens": 11547,
    "total_output_tokens": 3468,
    "total_tokens": 15015,
    "total_cost": 0.21951
}