{
    "commit": "4faae1350e58e45de2e05ab1d71a57a85e58c5c1",
    "start_epoch": 1760731310.398192,
    "end_epoch": 1760731370.194586,
    "elapsed_seconds": 59.796394,
    "model": "gpt-4-0125-preview",
    "input_cost_per_token": 1e-05,
    "output_cost_per_token": 3e-05,
    "total_input_tokens": 8566,
    "total_output_tokens": 1841,
    "total_tokens": 10407,
    "total_cost": 0.14089000000000002
}