{
    "commit": "c2d47ef06b4f7da941a5338edfa21ba8ce00d1dd",
    "start_epoch": 1760529091.827117,
    "end_epoch": 1760529143.977298,
    "elapsed_seconds": 52.150181,
    "model": "gpt-4-0125-preview",
    "input_cost_per_token": 1e-05,
    "output_cost_per_token": 3e-05,
    "total_input_tokens": 12361,
    "total_output_tokens": 1822,
    "total_tokens": 14183,
    "total_cost": 0.17826999999999998
}