{
    "commit": "be856f3b544c11bc072191061ef66f7772cbffb5",
    "start_epoch": 1760495687.610939,
    "end_epoch": 1760495730.20919,
    "elapsed_seconds": 42.598251,
    "model": "gpt-4-0125-preview",
    "input_cost_per_token": 1e-05,
    "output_cost_per_token": 3e-05,
    "total_input_tokens": 15827,
    "total_output_tokens": 1436,
    "total_tokens": 17263,
    "total_cost": 0.20135000000000003
}