{
    "commit": "85c8f1ce74677d4eb90965cded7ca01db68bdab9",
    "start_epoch": 1760539542.790448,
    "end_epoch": 1760539619.613275,
    "elapsed_seconds": 76.822827,
    "model": "gpt-4-0125-preview",
    "input_cost_per_token": 1e-05,
    "output_cost_per_token": 3e-05,
    "total_input_tokens": 14406,
    "total_output_tokens": 2412,
    "total_tokens": 16818,
    "total_cost": 0.21642000000000003
}