{
    "commit": "12054f038f01c096fe2edc118888530e1b9269e4",
    "start_epoch": 1760537733.674352,
    "end_epoch": 1760537802.220988,
    "elapsed_seconds": 68.546636,
    "model": "gpt-4-0125-preview",
    "input_cost_per_token": 1e-05,
    "output_cost_per_token": 3e-05,
    "total_input_tokens": 8993,
    "total_output_tokens": 2029,
    "total_tokens": 11022,
    "total_cost": 0.1508
}