{
    "commit": "fae52d0ee70f8042eee06aeaf37ad64ee2e10dc7",
    "start_epoch": 1760790901.970469,
    "end_epoch": 1760790947.14225,
    "elapsed_seconds": 45.171781,
    "model": "gpt-4-0125-preview",
    "input_cost_per_token": 1e-05,
    "output_cost_per_token": 3e-05,
    "total_input_tokens": 8364,
    "total_output_tokens": 1677,
    "total_tokens": 10041,
    "total_cost": 0.13394999999999999
}