{
    "commit": "13ee0a15e7f88f07a5a09a01fc6d9ab40884aa59",
    "start_epoch": 1760701228.018437,
    "end_epoch": 1760701315.863052,
    "elapsed_seconds": 87.844615,
    "model": "gpt-4-0125-preview",
    "input_cost_per_token": 1e-05,
    "output_cost_per_token": 3e-05,
    "total_input_tokens": 20504,
    "total_output_tokens": 3187,
    "total_tokens": 23691,
    "total_cost": 0.30065000000000003
}