{
    "commit": "835a474e57895c0f062064145581dde3efcf0fb3",
    "start_epoch": 1760583549.187335,
    "end_epoch": 1760583607.351648,
    "elapsed_seconds": 58.164313,
    "model": "gpt-4-0125-preview",
    "input_cost_per_token": 1e-05,
    "output_cost_per_token": 3e-05,
    "total_input_tokens": 8982,
    "total_output_tokens": 2029,
    "total_tokens": 11011,
    "total_cost": 0.15069
}