{
    "commit": "510e80a45b795dd375a6ef64eb457df527e17c28",
    "start_epoch": 1760566421.578751,
    "end_epoch": 1760566510.72832,
    "elapsed_seconds": 89.149569,
    "model": "gpt-4-0125-preview",
    "input_cost_per_token": 1e-05,
    "output_cost_per_token": 3e-05,
    "total_input_tokens": 9291,
    "total_output_tokens": 3459,
    "total_tokens": 12750,
    "total_cost": 0.19668
}