{
    "commit": "c0c5e3ef2cfcb5174295a9b84651b653e5f7b0e4",
    "start_epoch": 1760765441.084978,
    "end_epoch": 1760765524.011245,
    "elapsed_seconds": 82.926267,
    "model": "gpt-4-0125-preview",
    "input_cost_per_token": 1e-05,
    "output_cost_per_token": 3e-05,
    "total_input_tokens": 13142,
    "total_output_tokens": 3403,
    "total_tokens": 16545,
    "total_cost": 0.23351
}