{
    "commit": "ec4cb0c03a042cd3693b11fc88016514638fa390",
    "start_epoch": 1760758974.032784,
    "end_epoch": 1760759018.193813,
    "elapsed_seconds": 44.161029,
    "model": "gpt-4-0125-preview",
    "input_cost_per_token": 1e-05,
    "output_cost_per_token": 3e-05,
    "total_input_tokens": 12641,
    "total_output_tokens": 1596,
    "total_tokens": 14237,
    "total_cost": 0.17429
}