{
    "commit": "a4d2cf8552182b1aad623e3b3f8e2300990b0e44",
    "start_epoch": 1760695487.521361,
    "end_epoch": 1760695541.227854,
    "elapsed_seconds": 53.706493,
    "model": "gpt-4-0125-preview",
    "input_cost_per_token": 1e-05,
    "output_cost_per_token": 3e-05,
    "total_input_tokens": 7317,
    "total_output_tokens": 2020,
    "total_tokens": 9337,
    "total_cost": 0.13377
}