{
    "commit": "f2c904428a8bc8d6676f960fd773ba9b1fc7dc91",
    "start_epoch": 1760748727.075434,
    "end_epoch": 1760748767.754828,
    "elapsed_seconds": 40.679394,
    "model": "gpt-4-0125-preview",
    "input_cost_per_token": 1e-05,
    "output_cost_per_token": 3e-05,
    "total_input_tokens": 6269,
    "total_output_tokens": 1573,
    "total_tokens": 7842,
    "total_cost": 0.10988
}