{
    "commit": "2a9c2459df275f37b90776c7677e631c317f9f83",
    "start_epoch": 1760721824.204799,
    "end_epoch": 1760721916.97554,
    "elapsed_seconds": 92.770741,
    "model": "gpt-4-0125-preview",
    "input_cost_per_token": 1e-05,
    "output_cost_per_token": 3e-05,
    "total_input_tokens": 20433,
    "total_output_tokens": 3355,
    "total_tokens": 23788,
    "total_cost": 0.30498000000000003
}