{
    "commit": "2a51f28d8a6674db1051ef474233f4156c552f6d",
    "start_epoch": 1760715201.889374,
    "end_epoch": 1760715286.782199,
    "elapsed_seconds": 84.892825,
    "model": "gpt-4-0125-preview",
    "input_cost_per_token": 1e-05,
    "output_cost_per_token": 3e-05,
    "total_input_tokens": 10095,
    "total_output_tokens": 3048,
    "total_tokens": 13143,
    "total_cost": 0.19239
}