{
    "commit": "a7ed8c261e242a00bc45234251f2f2730d3d893b",
    "start_epoch": 1760535371.012252,
    "end_epoch": 1760535480.753816,
    "elapsed_seconds": 109.741564,
    "model": "gpt-4-0125-preview",
    "input_cost_per_token": 1e-05,
    "output_cost_per_token": 3e-05,
    "total_input_tokens": 34295,
    "total_output_tokens": 2449,
    "total_tokens": 36744,
    "total_cost": 0.41642
}