{
    "commit": "0af06638932372818fcb47642c09052dc75c5daa",
    "start_epoch": 1760809378.555782,
    "end_epoch": 1760809509.946096,
    "elapsed_seconds": 131.390314,
    "model": "gpt-4-0125-preview",
    "input_cost_per_token": 1e-05,
    "output_cost_per_token": 3e-05,
    "total_input_tokens": 21127,
    "total_output_tokens": 4861,
    "total_tokens": 25988,
    "total_cost": 0.3571000000000001
}