{
    "commit": "26b6be4788581494b3302960cc8604815c078905",
    "start_epoch": 1760706670.115873,
    "end_epoch": 1760706755.262102,
    "elapsed_seconds": 85.146229,
    "model": "gpt-4-0125-preview",
    "input_cost_per_token": 1e-05,
    "output_cost_per_token": 3e-05,
    "total_input_tokens": 14269,
    "total_output_tokens": 2922,
    "total_tokens": 17191,
    "total_cost": 0.23035000000000005
}