{
    "commit": "1056575223174cb5af996277e20a9365fcc5ab8b",
    "start_epoch": 1760518384.350485,
    "end_epoch": 1760518524.420603,
    "elapsed_seconds": 140.070118,
    "model": "gpt-4-0125-preview",
    "input_cost_per_token": 1e-05,
    "output_cost_per_token": 3e-05,
    "total_input_tokens": 22156,
    "total_output_tokens": 4824,
    "total_tokens": 26980,
    "total_cost": 0.36628
}