{
    "commit": "d28dd6beffb072c0fae5730b49b17e125eafcddd",
    "start_epoch": 1760720281.539053,
    "end_epoch": 1760720322.659974,
    "elapsed_seconds": 41.120921,
    "model": "gpt-4-0125-preview",
    "input_cost_per_token": 1e-05,
    "output_cost_per_token": 3e-05,
    "total_input_tokens": 5554,
    "total_output_tokens": 1401,
    "total_tokens": 6955,
    "total_cost": 0.09757
}