{
    "commit": "302130623f1963ae0639f63ed15719d8da671557",
    "start_epoch": 1760580646.618166,
    "end_epoch": 1760580730.606388,
    "elapsed_seconds": 83.988222,
    "model": "gpt-4-0125-preview",
    "input_cost_per_token": 1e-05,
    "output_cost_per_token": 3e-05,
    "total_input_tokens": 17509,
    "total_output_tokens": 2767,
    "total_tokens": 20276,
    "total_cost": 0.2581
}