{
    "commit": "27f2c276951e02725d6079512cc9699540c62647",
    "start_epoch": 1760765635.112558,
    "end_epoch": 1760765728.393913,
    "elapsed_seconds": 93.281355,
    "model": "gpt-4-0125-preview",
    "input_cost_per_token": 1e-05,
    "output_cost_per_token": 3e-05,
    "total_input_tokens": 33799,
    "total_output_tokens": 3772,
    "total_tokens": 37571,
    "total_cost": 0.4511500000000001
}