{
    "commit": "b357d14f572778f082399ae4515862c0a6022df4",
    "start_epoch": 1760553195.334817,
    "end_epoch": 1760553244.222235,
    "elapsed_seconds": 48.887418,
    "model": "gpt-4-0125-preview",
    "input_cost_per_token": 1e-05,
    "output_cost_per_token": 3e-05,
    "total_input_tokens": 8349,
    "total_output_tokens": 1447,
    "total_tokens": 9796,
    "total_cost": 0.1269
}