{
    "commit": "af0485b4a2e5c001585740f03e41a44687fb5e79",
    "start_epoch": 1760814624.229749,
    "end_epoch": 1760814737.921213,
    "elapsed_seconds": 113.691464,
    "model": "gpt-4-0125-preview",
    "input_cost_per_token": 1e-05,
    "output_cost_per_token": 3e-05,
    "total_input_tokens": 43709,
    "total_output_tokens": 4098,
    "total_tokens": 47807,
    "total_cost": 0.56003
}