{
    "commit": "bf5cb952bbf23ac2e03bf2ff8c35dbcd8486ebbd",
    "start_epoch": 1760566748.960148,
    "end_epoch": 1760566822.193575,
    "elapsed_seconds": 73.233427,
    "model": "gpt-4-0125-preview",
    "input_cost_per_token": 1e-05,
    "output_cost_per_token": 3e-05,
    "total_input_tokens": 11084,
    "total_output_tokens": 2872,
    "total_tokens": 13956,
    "total_cost": 0.19699999999999998
}