{
    "commit": "dfd6be781e4cab4ddf1ed5a28366bcedb228595a",
    "start_epoch": 1760754316.597161,
    "end_epoch": 1760754383.708738,
    "elapsed_seconds": 67.111577,
    "model": "gpt-4-0125-preview",
    "input_cost_per_token": 1e-05,
    "output_cost_per_token": 3e-05,
    "total_input_tokens": 12745,
    "total_output_tokens": 2574,
    "total_tokens": 15319,
    "total_cost": 0.20467000000000002
}