{
    "commit": "3ae4d818d4fd765a74eb5348993d571bd04407cd",
    "start_epoch": 1760755502.213868,
    "end_epoch": 1760755598.317768,
    "elapsed_seconds": 96.1039,
    "model": "gpt-4-0125-preview",
    "input_cost_per_token": 1e-05,
    "output_cost_per_token": 3e-05,
    "total_input_tokens": 12286,
    "total_output_tokens": 3478,
    "total_tokens": 15764,
    "total_cost": 0.2272
}