{
    "commit": "c15dc41582c2e9408997100a466434395a190329",
    "start_epoch": 1760554332.083287,
    "end_epoch": 1760554377.223742,
    "elapsed_seconds": 45.140455,
    "model": "gpt-4-0125-preview",
    "input_cost_per_token": 1e-05,
    "output_cost_per_token": 3e-05,
    "total_input_tokens": 5365,
    "total_output_tokens": 1380,
    "total_tokens": 6745,
    "total_cost": 0.09505000000000001
}