{
    "commit": "4462e5874395554a35dfe6be72596c4bc848925a",
    "start_epoch": 1760568060.398181,
    "end_epoch": 1760568134.573956,
    "elapsed_seconds": 74.175775,
    "model": "gpt-4-0125-preview",
    "input_cost_per_token": 1e-05,
    "output_cost_per_token": 3e-05,
    "total_input_tokens": 14893,
    "total_output_tokens": 2700,
    "total_tokens": 17593,
    "total_cost": 0.22993
}