{
    "commit": "5c0c81b1dbf4113a5f25d7d34f56740f99baf85e",
    "start_epoch": 1760776390.583681,
    "end_epoch": 1760776438.496594,
    "elapsed_seconds": 47.912913,
    "model": "gpt-4-0125-preview",
    "input_cost_per_token": 1e-05,
    "output_cost_per_token": 3e-05,
    "total_input_tokens": 8476,
    "total_output_tokens": 1462,
    "total_tokens": 9938,
    "total_cost": 0.12862
}