{
    "commit": "5a4f63163d884e3e33f7cd88c0203073828fc00b",
    "start_epoch": 1760716493.857944,
    "end_epoch": 1760716567.556943,
    "elapsed_seconds": 73.698999,
    "model": "gpt-4-0125-preview",
    "input_cost_per_token": 1e-05,
    "output_cost_per_token": 3e-05,
    "total_input_tokens": 9740,
    "total_output_tokens": 2665,
    "total_tokens": 12405,
    "total_cost": 0.17735
}