{
    "commit": "d3382ff5edef4ce4fc2a3b9454f976dacf037d0f",
    "start_epoch": 1760745104.620719,
    "end_epoch": 1760745197.766656,
    "elapsed_seconds": 93.145937,
    "model": "gpt-4-0125-preview",
    "input_cost_per_token": 1e-05,
    "output_cost_per_token": 3e-05,
    "total_input_tokens": 11543,
    "total_output_tokens": 3609,
    "total_tokens": 15152,
    "total_cost": 0.2237
}