{
    "commit": "6b023234115e5673e7b1cc1a72a74d60aa9ef2ab",
    "start_epoch": 1760795896.970544,
    "end_epoch": 1760795995.28053,
    "elapsed_seconds": 98.309986,
    "model": "gpt-4-0125-preview",
    "input_cost_per_token": 1e-05,
    "output_cost_per_token": 3e-05,
    "total_input_tokens": 17014,
    "total_output_tokens": 3595,
    "total_tokens": 20609,
    "total_cost": 0.27799
}