{
    "commit": "904b9e3a0eb16aa1eabbaec407610b2d55cad5a7",
    "start_epoch": 1760537371.554066,
    "end_epoch": 1760537481.770057,
    "elapsed_seconds": 110.215991,
    "model": "gpt-4-0125-preview",
    "input_cost_per_token": 1e-05,
    "output_cost_per_token": 3e-05,
    "total_input_tokens": 11478,
    "total_output_tokens": 3277,
    "total_tokens": 14755,
    "total_cost": 0.21309
}