{
    "commit": "391d7e1b1f46c60d9af0ad185192872c2e3e12db",
    "start_epoch": 1760498682.211603,
    "end_epoch": 1760498725.453612,
    "elapsed_seconds": 43.242009,
    "model": "gpt-4-0125-preview",
    "input_cost_per_token": 1e-05,
    "output_cost_per_token": 3e-05,
    "total_input_tokens": 11362,
    "total_output_tokens": 1725,
    "total_tokens": 13087,
    "total_cost": 0.16537000000000002
}