{
    "commit": "85934639ff222c33567542ce0214602caf2f0818",
    "start_epoch": 1760702833.295188,
    "end_epoch": 1760702972.226189,
    "elapsed_seconds": 138.931001,
    "model": "gpt-4-0125-preview",
    "input_cost_per_token": 1e-05,
    "output_cost_per_token": 3e-05,
    "total_input_tokens": 18821,
    "total_output_tokens": 5225,
    "total_tokens": 24046,
    "total_cost": 0.34496
}