{
    "commit": "dfd5c8a5b9e9545a130f5858665a7463e3a4abe3",
    "start_epoch": 1760555697.884841,
    "end_epoch": 1760555746.052349,
    "elapsed_seconds": 48.167508,
    "model": "gpt-4-0125-preview",
    "input_cost_per_token": 1e-05,
    "output_cost_per_token": 3e-05,
    "total_input_tokens": 10517,
    "total_output_tokens": 1649,
    "total_tokens": 12166,
    "total_cost": 0.15464
}