{
    "commit": "7c07c83bd5fa9cbc18d3f6b8e49f6236900899ee",
    "start_epoch": 1760743235.144314,
    "end_epoch": 1760743317.353964,
    "elapsed_seconds": 82.20965,
    "model": "gpt-4-0125-preview",
    "input_cost_per_token": 1e-05,
    "output_cost_per_token": 3e-05,
    "total_input_tokens": 10766,
    "total_output_tokens": 3213,
    "total_tokens": 13979,
    "total_cost": 0.20405
}