{
    "commit": "2d86a392246cdead2b645321bd058784f5378153",
    "start_epoch": 1760514894.421434,
    "end_epoch": 1760514999.875675,
    "elapsed_seconds": 105.454241,
    "model": "gpt-4-0125-preview",
    "input_cost_per_token": 1e-05,
    "output_cost_per_token": 3e-05,
    "total_input_tokens": 12122,
    "total_output_tokens": 3833,
    "total_tokens": 15955,
    "total_cost": 0.23621000000000003
}