{
    "commit": "b9cd3aa2888d17f32f0a6183ede65a2948f3d8f5",
    "start_epoch": 1760733548.094005,
    "end_epoch": 1760733645.867964,
    "elapsed_seconds": 97.773959,
    "model": "gpt-4-0125-preview",
    "input_cost_per_token": 1e-05,
    "output_cost_per_token": 3e-05,
    "total_input_tokens": 17532,
    "total_output_tokens": 3259,
    "total_tokens": 20791,
    "total_cost": 0.27309
}