{
    "commit": "eae0723002cae8c2b75031f227f147798fa823f1",
    "start_epoch": 1760743779.273304,
    "end_epoch": 1760743819.06763,
    "elapsed_seconds": 39.794326,
    "model": "gpt-4-0125-preview",
    "input_cost_per_token": 1e-05,
    "output_cost_per_token": 3e-05,
    "total_input_tokens": 5635,
    "total_output_tokens": 1329,
    "total_tokens": 6964,
    "total_cost": 0.09622
}