{
    "commit": "849fdc81ab4545416ebfaed1ab3406a7dab591fd",
    "start_epoch": 1760804677.701185,
    "end_epoch": 1760804765.396857,
    "elapsed_seconds": 87.695672,
    "model": "gpt-4-0125-preview",
    "input_cost_per_token": 1e-05,
    "output_cost_per_token": 3e-05,
    "total_input_tokens": 8410,
    "total_output_tokens": 2697,
    "total_tokens": 11107,
    "total_cost": 0.16501
}