{
    "commit": "f03890db5672bb2fc483451aef2a62d644629997",
    "start_epoch": 1760694969.030206,
    "end_epoch": 1760695010.170708,
    "elapsed_seconds": 41.140502,
    "model": "gpt-4-0125-preview",
    "input_cost_per_token": 1e-05,
    "output_cost_per_token": 3e-05,
    "total_input_tokens": 7399,
    "total_output_tokens": 1475,
    "total_tokens": 8874,
    "total_cost": 0.11824
}