{
    "commit": "fa37e990d599b2c04033acf7f94903595e8eb77d",
    "start_epoch": 1760695857.354541,
    "end_epoch": 1760695938.006335,
    "elapsed_seconds": 80.651794,
    "model": "gpt-4-0125-preview",
    "input_cost_per_token": 1e-05,
    "output_cost_per_token": 3e-05,
    "total_input_tokens": 8103,
    "total_output_tokens": 2866,
    "total_tokens": 10969,
    "total_cost": 0.16701
}