{
    "commit": "a8ed1af6d16555cd84a6a9b8d06ee3f3d16471f3",
    "start_epoch": 1760750666.855237,
    "end_epoch": 1760750707.31749,
    "elapsed_seconds": 40.462253,
    "model": "gpt-4-0125-preview",
    "input_cost_per_token": 1e-05,
    "output_cost_per_token": 3e-05,
    "total_input_tokens": 7508,
    "total_output_tokens": 1559,
    "total_tokens": 9067,
    "total_cost": 0.12185000000000001
}