{
    "commit": "4e75b0b856e922d1e5441ee54d5c9a9e15b262b0",
    "start_epoch": 1760709725.500209,
    "end_epoch": 1760709835.402133,
    "elapsed_seconds": 109.901924,
    "model": "gpt-4-0125-preview",
    "input_cost_per_token": 1e-05,
    "output_cost_per_token": 3e-05,
    "total_input_tokens": 15873,
    "total_output_tokens": 3918,
    "total_tokens": 19791,
    "total_cost": 0.27627
}