{
    "commit": "79a9c73405492d1ae5f886524be2a31d45f6dae6",
    "start_epoch": 1760574282.027051,
    "end_epoch": 1760574325.790251,
    "elapsed_seconds": 43.7632,
    "model": "gpt-4-0125-preview",
    "input_cost_per_token": 1e-05,
    "output_cost_per_token": 3e-05,
    "total_input_tokens": 9951,
    "total_output_tokens": 1693,
    "total_tokens": 11644,
    "total_cost": 0.15030000000000002
}