{
    "commit": "99d2c9dc229f5cc5c1efc8c66a92dede930b34dd",
    "start_epoch": 1760505511.690236,
    "end_epoch": 1760505563.355536,
    "elapsed_seconds": 51.6653,
    "model": "gpt-4-0125-preview",
    "input_cost_per_token": 1e-05,
    "output_cost_per_token": 3e-05,
    "total_input_tokens": 6574,
    "total_output_tokens": 1835,
    "total_tokens": 8409,
    "total_cost": 0.12079
}