{
    "commit": "ccb4f1a29b780faa6200b73ffdb3cc874ca2ff7e",
    "start_epoch": 1760807596.741776,
    "end_epoch": 1760807686.702156,
    "elapsed_seconds": 89.96038,
    "model": "gpt-4-0125-preview",
    "input_cost_per_token": 1e-05,
    "output_cost_per_token": 3e-05,
    "total_input_tokens": 9847,
    "total_output_tokens": 3517,
    "total_tokens": 13364,
    "total_cost": 0.20398
}