{
    "commit": "2949a4bb1bee16844e90591cbc1270576b19908d",
    "start_epoch": 1760798574.418969,
    "end_epoch": 1760798662.63087,
    "elapsed_seconds": 88.211901,
    "model": "gpt-4-0125-preview",
    "input_cost_per_token": 1e-05,
    "output_cost_per_token": 3e-05,
    "total_input_tokens": 19231,
    "total_output_tokens": 3417,
    "total_tokens": 22648,
    "total_cost": 0.29482
}