{
    "commit": "b1f04b742440edae4d0ca39c24132d1a8a0040a4",
    "start_epoch": 1760507049.234274,
    "end_epoch": 1760507122.466691,
    "elapsed_seconds": 73.232417,
    "model": "gpt-4-0125-preview",
    "input_cost_per_token": 1e-05,
    "output_cost_per_token": 3e-05,
    "total_input_tokens": 6237,
    "total_output_tokens": 2496,
    "total_tokens": 8733,
    "total_cost": 0.13724999999999998
}