{
    "commit": "e215a1282ea88e6d01a72a40f5d9001b8c474498",
    "start_epoch": 1760544801.59711,
    "end_epoch": 1760544947.393329,
    "elapsed_seconds": 145.796219,
    "model": "gpt-4-0125-preview",
    "input_cost_per_token": 1e-05,
    "output_cost_per_token": 3e-05,
    "total_input_tokens": 28010,
    "total_output_tokens": 4645,
    "total_tokens": 32655,
    "total_cost": 0.41945
}