{
    "commit": "cebc2a35231029f976a4663705401b29c4fc549f",
    "start_epoch": 1760731488.859519,
    "end_epoch": 1760731590.041546,
    "elapsed_seconds": 101.182027,
    "model": "gpt-4-0125-preview",
    "input_cost_per_token": 1e-05,
    "output_cost_per_token": 3e-05,
    "total_input_tokens": 17682,
    "total_output_tokens": 3394,
    "total_tokens": 21076,
    "total_cost": 0.27864
}