{
    "commit": "375b287e12de7493f727e1e68334051bce07c04e",
    "start_epoch": 1760702116.558164,
    "end_epoch": 1760702217.152204,
    "elapsed_seconds": 100.59404,
    "model": "gpt-4-0125-preview",
    "input_cost_per_token": 1e-05,
    "output_cost_per_token": 3e-05,
    "total_input_tokens": 13626,
    "total_output_tokens": 4174,
    "total_tokens": 17800,
    "total_cost": 0.26148000000000005
}