{
    "commit": "22c5fd5bb02c6a9435565bebba4ecd8360a7c735",
    "start_epoch": 1760807873.455887,
    "end_epoch": 1760807980.837068,
    "elapsed_seconds": 107.381181,
    "model": "gpt-4-0125-preview",
    "input_cost_per_token": 1e-05,
    "output_cost_per_token": 3e-05,
    "total_input_tokens": 21925,
    "total_output_tokens": 4178,
    "total_tokens": 26103,
    "total_cost": 0.34459
}