{
    "commit": "dedf1b00a69d8880afa5062d09a11d4fbf6633bf",
    "start_epoch": 1760562603.958142,
    "end_epoch": 1760562742.757327,
    "elapsed_seconds": 138.799185,
    "model": "gpt-4-0125-preview",
    "input_cost_per_token": 1e-05,
    "output_cost_per_token": 3e-05,
    "total_input_tokens": 25946,
    "total_output_tokens": 5211,
    "total_tokens": 31157,
    "total_cost": 0.41579
}