{
    "commit": "d1a82b34c798dcb1baef221282dcdacaeedd5d1c",
    "start_epoch": 1760819079.344562,
    "end_epoch": 1760819164.256349,
    "elapsed_seconds": 84.911787,
    "model": "gpt-4-0125-preview",
    "input_cost_per_token": 1e-05,
    "output_cost_per_token": 3e-05,
    "total_input_tokens": 11093,
    "total_output_tokens": 2996,
    "total_tokens": 14089,
    "total_cost": 0.20081
}