{
    "commit": "3c9cad730aaa0da41116a312d30257cf88109c93",
    "start_epoch": 1760782471.178322,
    "end_epoch": 1760782517.95231,
    "elapsed_seconds": 46.773988,
    "model": "gpt-4-0125-preview",
    "input_cost_per_token": 1e-05,
    "output_cost_per_token": 3e-05,
    "total_input_tokens": 5247,
    "total_output_tokens": 1480,
    "total_tokens": 6727,
    "total_cost": 0.09687
}