{
    "commit": "c9e86fe99fccf541a4b3a480267bbe07efdabc51",
    "start_epoch": 1760763399.531603,
    "end_epoch": 1760763443.076345,
    "elapsed_seconds": 43.544742,
    "model": "gpt-4-0125-preview",
    "input_cost_per_token": 1e-05,
    "output_cost_per_token": 3e-05,
    "total_input_tokens": 7069,
    "total_output_tokens": 1594,
    "total_tokens": 8663,
    "total_cost": 0.11851
}