{
    "commit": "498e7b13b119327bc7f481a666fb90fe716dc623",
    "start_epoch": 1760499498.237524,
    "end_epoch": 1760499534.528859,
    "elapsed_seconds": 36.291335,
    "model": "gpt-4-0125-preview",
    "input_cost_per_token": 1e-05,
    "output_cost_per_token": 3e-05,
    "total_input_tokens": 5162,
    "total_output_tokens": 1338,
    "total_tokens": 6500,
    "total_cost": 0.09176000000000001
}