{
    "commit": "bf46b3f93392e1d713b87f62348b7c13a036e4ab",
    "start_epoch": 1760763831.634494,
    "end_epoch": 1760763915.634752,
    "elapsed_seconds": 84.000258,
    "model": "gpt-4-0125-preview",
    "input_cost_per_token": 1e-05,
    "output_cost_per_token": 3e-05,
    "total_input_tokens": 16394,
    "total_output_tokens": 3147,
    "total_tokens": 19541,
    "total_cost": 0.25835
}