{
    "commit": "2fba4f5a9a3bd5dcdd128d68bd13513ae673efdf",
    "start_epoch": 1760497389.889901,
    "end_epoch": 1760497435.529026,
    "elapsed_seconds": 45.639125,
    "model": "gpt-4-0125-preview",
    "input_cost_per_token": 1e-05,
    "output_cost_per_token": 3e-05,
    "total_input_tokens": 6970,
    "total_output_tokens": 1745,
    "total_tokens": 8715,
    "total_cost": 0.12205000000000002
}