{
    "commit": "c6f7cee3d1d9f313b92e43767a6cc89b68e891cf",
    "start_epoch": 1760697880.691279,
    "end_epoch": 1760697934.295641,
    "elapsed_seconds": 53.604362,
    "model": "gpt-4-0125-preview",
    "input_cost_per_token": 1e-05,
    "output_cost_per_token": 3e-05,
    "total_input_tokens": 9961,
    "total_output_tokens": 2027,
    "total_tokens": 11988,
    "total_cost": 0.16042
}