{
    "commit": "459875d05de139ff8d56149fbd533d19d1a2fd2c",
    "start_epoch": 1760723152.953637,
    "end_epoch": 1760723256.221671,
    "elapsed_seconds": 103.268034,
    "model": "gpt-4-0125-preview",
    "input_cost_per_token": 1e-05,
    "output_cost_per_token": 3e-05,
    "total_input_tokens": 19414,
    "total_output_tokens": 3801,
    "total_tokens": 23215,
    "total_cost": 0.30817
}