{
    "commit": "c990b6f3d9686fa133a47fcb99f55ba26e4fd80e",
    "start_epoch": 1760760274.707572,
    "end_epoch": 1760760375.385584,
    "elapsed_seconds": 100.678012,
    "model": "gpt-4-0125-preview",
    "input_cost_per_token": 1e-05,
    "output_cost_per_token": 3e-05,
    "total_input_tokens": 21191,
    "total_output_tokens": 3650,
    "total_tokens": 24841,
    "total_cost": 0.32141
}