{
    "commit": "b1ec8291b6bed8f30b8fdd0f7a9cd8eac4bc4705",
    "start_epoch": 1760562977.134625,
    "end_epoch": 1760563068.275631,
    "elapsed_seconds": 91.141006,
    "model": "gpt-4-0125-preview",
    "input_cost_per_token": 1e-05,
    "output_cost_per_token": 3e-05,
    "total_input_tokens": 15960,
    "total_output_tokens": 3544,
    "total_tokens": 19504,
    "total_cost": 0.26592
}