{
    "commit": "ce2166ef4628500b44b8d366d3465605f08c8380",
    "start_epoch": 1760581906.672352,
    "end_epoch": 1760581962.8472,
    "elapsed_seconds": 56.174848,
    "model": "gpt-4-0125-preview",
    "input_cost_per_token": 1e-05,
    "output_cost_per_token": 3e-05,
    "total_input_tokens": 7591,
    "total_output_tokens": 1991,
    "total_tokens": 9582,
    "total_cost": 0.13564
}