{
    "commit": "66e840089074e38cb7045301233dcf54dcdb8dba",
    "start_epoch": 1760695689.219927,
    "end_epoch": 1760695857.10667,
    "elapsed_seconds": 167.886743,
    "model": "gpt-4-0125-preview",
    "input_cost_per_token": 1e-05,
    "output_cost_per_token": 3e-05,
    "total_input_tokens": 81312,
    "total_output_tokens": 5154,
    "total_tokens": 86466,
    "total_cost": 0.9677399999999997
}