{
    "commit": "e7e4b28d469ca84b15da24fb43de5f77fdf2c9a0",
    "start_epoch": 1760817960.546154,
    "end_epoch": 1760818017.318067,
    "elapsed_seconds": 56.771913,
    "model": "gpt-4-0125-preview",
    "input_cost_per_token": 1e-05,
    "output_cost_per_token": 3e-05,
    "total_input_tokens": 14069,
    "total_output_tokens": 1370,
    "total_tokens": 15439,
    "total_cost": 0.18179
}