{
    "commit": "dc67dcc38c3aa92fb51d570142dee6c7ac9ee450",
    "start_epoch": 1760767977.830237,
    "end_epoch": 1760768077.022298,
    "elapsed_seconds": 99.192061,
    "model": "gpt-4-0125-preview",
    "input_cost_per_token": 1e-05,
    "output_cost_per_token": 3e-05,
    "total_input_tokens": 11263,
    "total_output_tokens": 4100,
    "total_tokens": 15363,
    "total_cost": 0.23563
}