{
    "commit": "6afd38a112ba69cbf5f82a0c33534b3f81c7b6fb",
    "start_epoch": 1760726891.129175,
    "end_epoch": 1760726946.462337,
    "elapsed_seconds": 55.333162,
    "model": "gpt-4-0125-preview",
    "input_cost_per_token": 1e-05,
    "output_cost_per_token": 3e-05,
    "total_input_tokens": 15306,
    "total_output_tokens": 1880,
    "total_tokens": 17186,
    "total_cost": 0.20946000000000004
}