{
    "commit": "630115649ada3443e1857f1838dcf7695b2baec7",
    "start_epoch": 1760499992.568995,
    "end_epoch": 1760500038.542118,
    "elapsed_seconds": 45.973123,
    "model": "gpt-4-0125-preview",
    "input_cost_per_token": 1e-05,
    "output_cost_per_token": 3e-05,
    "total_input_tokens": 6948,
    "total_output_tokens": 1708,
    "total_tokens": 8656,
    "total_cost": 0.12072
}