{
    "commit": "50588f5e8e8807ce38b16894f8bb77e9be427e9e",
    "start_epoch": 1760805923.688099,
    "end_epoch": 1760805972.485829,
    "elapsed_seconds": 48.79773,
    "model": "gpt-4-0125-preview",
    "input_cost_per_token": 1e-05,
    "output_cost_per_token": 3e-05,
    "total_input_tokens": 10296,
    "total_output_tokens": 1899,
    "total_tokens": 12195,
    "total_cost": 0.15993000000000004
}