{
    "commit": "3330e6347c7d31fb03b9d2990a9e12d950450f2f",
    "start_epoch": 1760727198.39544,
    "end_epoch": 1760727247.454498,
    "elapsed_seconds": 49.059058,
    "model": "gpt-4-0125-preview",
    "input_cost_per_token": 1e-05,
    "output_cost_per_token": 3e-05,
    "total_input_tokens": 9823,
    "total_output_tokens": 1744,
    "total_tokens": 11567,
    "total_cost": 0.15055000000000002
}