{
    "commit": "fe7cc2544242df7a022e6e1274c1cfe080cc1dba",
    "start_epoch": 1760770965.94715,
    "end_epoch": 1760771111.565489,
    "elapsed_seconds": 145.618339,
    "model": "gpt-4-0125-preview",
    "input_cost_per_token": 1e-05,
    "output_cost_per_token": 3e-05,
    "total_input_tokens": 33442,
    "total_output_tokens": 4765,
    "total_tokens": 38207,
    "total_cost": 0.4773700000000002
}