{
    "commit": "e0f03d0cf74d151604cea9bb2e258ed46d328e60",
    "start_epoch": 1760695202.42578,
    "end_epoch": 1760695322.49997,
    "elapsed_seconds": 120.07419,
    "model": "gpt-4-0125-preview",
    "input_cost_per_token": 1e-05,
    "output_cost_per_token": 3e-05,
    "total_input_tokens": 14047,
    "total_output_tokens": 4504,
    "total_tokens": 18551,
    "total_cost": 0.27559
}