{
    "commit": "77c2a3308901cf01ff4431c92ababeb28b8d43fd",
    "start_epoch": 1760560870.531471,
    "end_epoch": 1760560970.982317,
    "elapsed_seconds": 100.450846,
    "model": "gpt-4-0125-preview",
    "input_cost_per_token": 1e-05,
    "output_cost_per_token": 3e-05,
    "total_input_tokens": 20288,
    "total_output_tokens": 3615,
    "total_tokens": 23903,
    "total_cost": 0.31133
}