{
    "commit": "172245ef439e0252c6ebebc62229cb0d675651b9",
    "start_epoch": 1760768418.247047,
    "end_epoch": 1760768515.241156,
    "elapsed_seconds": 96.994109,
    "model": "gpt-4-0125-preview",
    "input_cost_per_token": 1e-05,
    "output_cost_per_token": 3e-05,
    "total_input_tokens": 9136,
    "total_output_tokens": 3825,
    "total_tokens": 12961,
    "total_cost": 0.20611000000000002
}