{
    "commit": "b0760fdb1bb285e339e1976caeb4a2148b105f10",
    "start_epoch": 1760731197.986283,
    "end_epoch": 1760731310.275982,
    "elapsed_seconds": 112.289699,
    "model": "gpt-4-0125-preview",
    "input_cost_per_token": 1e-05,
    "output_cost_per_token": 3e-05,
    "total_input_tokens": 53144,
    "total_output_tokens": 3464,
    "total_tokens": 56608,
    "total_cost": 0.63536
}