{
    "commit": "53799df44e6b9de61dff960762f460f60a5f2570",
    "start_epoch": 1760787241.163389,
    "end_epoch": 1760787279.69994,
    "elapsed_seconds": 38.536551,
    "model": "gpt-4-0125-preview",
    "input_cost_per_token": 1e-05,
    "output_cost_per_token": 3e-05,
    "total_input_tokens": 5042,
    "total_output_tokens": 1229,
    "total_tokens": 6271,
    "total_cost": 0.08729
}