{
    "commit": "adaecd415aed4cb56a2de20be354888ed99c3f9a",
    "start_epoch": 1760821697.386923,
    "end_epoch": 1760821806.337539,
    "elapsed_seconds": 108.950616,
    "model": "gpt-4-0125-preview",
    "input_cost_per_token": 1e-05,
    "output_cost_per_token": 3e-05,
    "total_input_tokens": 9698,
    "total_output_tokens": 3586,
    "total_tokens": 13284,
    "total_cost": 0.20456
}