{
    "commit": "fee683f24953cca47e37b06026bca5b2bf77afb2",
    "start_epoch": 1760757269.572153,
    "end_epoch": 1760757359.246574,
    "elapsed_seconds": 89.674421,
    "model": "gpt-4-0125-preview",
    "input_cost_per_token": 1e-05,
    "output_cost_per_token": 3e-05,
    "total_input_tokens": 10286,
    "total_output_tokens": 3492,
    "total_tokens": 13778,
    "total_cost": 0.20762000000000003
}