{
    "commit": "5893b7a31e0e154babf4ce8fa807a3066ff62108",
    "start_epoch": 1760814494.04485,
    "end_epoch": 1760814560.936678,
    "elapsed_seconds": 66.891828,
    "model": "gpt-4-0125-preview",
    "input_cost_per_token": 1e-05,
    "output_cost_per_token": 3e-05,
    "total_input_tokens": 10835,
    "total_output_tokens": 2354,
    "total_tokens": 13189,
    "total_cost": 0.17897000000000002
}