{
    "commit": "0d87ff6e8b40206bc51d455479427789cc49a63c",
    "start_epoch": 1760787200.463946,
    "end_epoch": 1760787240.987405,
    "elapsed_seconds": 40.523459,
    "model": "gpt-4-0125-preview",
    "input_cost_per_token": 1e-05,
    "output_cost_per_token": 3e-05,
    "total_input_tokens": 4748,
    "total_output_tokens": 1387,
    "total_tokens": 6135,
    "total_cost": 0.08909
}