{
    "commit": "c8e881a5fd99709f41532eb2a835fcb07e26c051",
    "start_epoch": 1760569161.343476,
    "end_epoch": 1760569306.465301,
    "elapsed_seconds": 145.121825,
    "model": "gpt-4-0125-preview",
    "input_cost_per_token": 1e-05,
    "output_cost_per_token": 3e-05,
    "total_input_tokens": 29884,
    "total_output_tokens": 4596,
    "total_tokens": 34480,
    "total_cost": 0.43671999999999994
}