{
    "commit": "591297fc094e31172e92bfaf059ec387f8b434cb",
    "start_epoch": 1760499273.6156,
    "end_epoch": 1760499319.44751,
    "elapsed_seconds": 45.83191,
    "model": "gpt-4-0125-preview",
    "input_cost_per_token": 1e-05,
    "output_cost_per_token": 3e-05,
    "total_input_tokens": 6490,
    "total_output_tokens": 1647,
    "total_tokens": 8137,
    "total_cost": 0.11431000000000002
}