{
    "commit": "7e48f592c90799b8018845ce810dd78eea54021e",
    "start_epoch": 1760771723.819036,
    "end_epoch": 1760771897.605433,
    "elapsed_seconds": 173.786397,
    "model": "gpt-4-0125-preview",
    "input_cost_per_token": 1e-05,
    "output_cost_per_token": 3e-05,
    "total_input_tokens": 45203,
    "total_output_tokens": 5335,
    "total_tokens": 50538,
    "total_cost": 0.6120800000000001
}