{
    "commit": "cafa4de1a22668dbbfee7055137d62ce3db38b7a",
    "start_epoch": 1760696327.126514,
    "end_epoch": 1760696387.301754,
    "elapsed_seconds": 60.17524,
    "model": "gpt-4-0125-preview",
    "input_cost_per_token": 1e-05,
    "output_cost_per_token": 3e-05,
    "total_input_tokens": 10509,
    "total_output_tokens": 2138,
    "total_tokens": 12647,
    "total_cost": 0.16923000000000002
}