{
    "commit": "5d18ef36dc0de9a5a248c21f9e550518d60ed7fe",
    "start_epoch": 1760561375.661367,
    "end_epoch": 1760561471.269834,
    "elapsed_seconds": 95.608467,
    "model": "gpt-4-0125-preview",
    "input_cost_per_token": 1e-05,
    "output_cost_per_token": 3e-05,
    "total_input_tokens": 8782,
    "total_output_tokens": 2400,
    "total_tokens": 11182,
    "total_cost": 0.15982000000000002
}