{
    "commit": "158a69e0c45fd5de079589f451b1345d129702e1",
    "start_epoch": 1760739978.141988,
    "end_epoch": 1760740023.726024,
    "elapsed_seconds": 45.584036,
    "model": "gpt-4-0125-preview",
    "input_cost_per_token": 1e-05,
    "output_cost_per_token": 3e-05,
    "total_input_tokens": 7054,
    "total_output_tokens": 1764,
    "total_tokens": 8818,
    "total_cost": 0.12346000000000001
}