{
    "commit": "9bd29be144d28f6c21d8bb7c8f9b0ec10331113b",
    "start_epoch": 1760754956.79509,
    "end_epoch": 1760755033.483991,
    "elapsed_seconds": 76.688901,
    "model": "gpt-4-0125-preview",
    "input_cost_per_token": 1e-05,
    "output_cost_per_token": 3e-05,
    "total_input_tokens": 14302,
    "total_output_tokens": 3034,
    "total_tokens": 17336,
    "total_cost": 0.23404
}