{
    "commit": "88b369c5d4d66831b6c9faf13fdd909b285d85eb",
    "start_epoch": 1760694205.966269,
    "end_epoch": 1760694284.504293,
    "elapsed_seconds": 78.538024,
    "model": "gpt-4-0125-preview",
    "input_cost_per_token": 1e-05,
    "output_cost_per_token": 3e-05,
    "total_input_tokens": 10188,
    "total_output_tokens": 3022,
    "total_tokens": 13210,
    "total_cost": 0.19254000000000002
}