{
    "commit": "86c9d7941d6c002de64e0a4ef5da6f2fd11463e5",
    "start_epoch": 1760818801.710227,
    "end_epoch": 1760818856.239388,
    "elapsed_seconds": 54.529161,
    "model": "gpt-4-0125-preview",
    "input_cost_per_token": 1e-05,
    "output_cost_per_token": 3e-05,
    "total_input_tokens": 8913,
    "total_output_tokens": 1717,
    "total_tokens": 10630,
    "total_cost": 0.14064000000000002
}