{
    "commit": "5cfa60494676467a4737114be276d8746196a079",
    "start_epoch": 1760700337.572246,
    "end_epoch": 1760700388.375524,
    "elapsed_seconds": 50.803278,
    "model": "gpt-4-0125-preview",
    "input_cost_per_token": 1e-05,
    "output_cost_per_token": 3e-05,
    "total_input_tokens": 7102,
    "total_output_tokens": 1764,
    "total_tokens": 8866,
    "total_cost": 0.12394000000000001
}