{
    "commit": "eb576f571ea482c2f4574e9924934ba9d56cfec5",
    "start_epoch": 1760554802.514391,
    "end_epoch": 1760554857.945107,
    "elapsed_seconds": 55.430716,
    "model": "gpt-4-0125-preview",
    "input_cost_per_token": 1e-05,
    "output_cost_per_token": 3e-05,
    "total_input_tokens": 5710,
    "total_output_tokens": 1706,
    "total_tokens": 7416,
    "total_cost": 0.10828
}