{
    "commit": "fc5400b693277c85d2fc4ace4b99af88e7f82a92",
    "start_epoch": 1760745197.950852,
    "end_epoch": 1760745243.6679,
    "elapsed_seconds": 45.717048,
    "model": "gpt-4-0125-preview",
    "input_cost_per_token": 1e-05,
    "output_cost_per_token": 3e-05,
    "total_input_tokens": 5971,
    "total_output_tokens": 1735,
    "total_tokens": 7706,
    "total_cost": 0.11176000000000001
}