{
    "commit": "142e1cc9e4f803d7db4eed703b7b0c622e0f839a",
    "start_epoch": 1760501519.756266,
    "end_epoch": 1760501604.423702,
    "elapsed_seconds": 84.667436,
    "model": "gpt-4-0125-preview",
    "input_cost_per_token": 1e-05,
    "output_cost_per_token": 3e-05,
    "total_input_tokens": 11663,
    "total_output_tokens": 3389,
    "total_tokens": 15052,
    "total_cost": 0.2183
}