{
    "commit": "d01096cb70eee45e428f2f67af2a83cc5dd9714e",
    "start_epoch": 1760496234.742364,
    "end_epoch": 1760496273.46722,
    "elapsed_seconds": 38.724856,
    "model": "gpt-4-0125-preview",
    "input_cost_per_token": 1e-05,
    "output_cost_per_token": 3e-05,
    "total_input_tokens": 9855,
    "total_output_tokens": 1136,
    "total_tokens": 10991,
    "total_cost": 0.13263000000000003
}