{
    "commit": "5c97d202c5b51b1e713330393a4ab98718a87564",
    "start_epoch": 1760502470.922095,
    "end_epoch": 1760502537.78383,
    "elapsed_seconds": 66.861735,
    "model": "gpt-4-0125-preview",
    "input_cost_per_token": 1e-05,
    "output_cost_per_token": 3e-05,
    "total_input_tokens": 7968,
    "total_output_tokens": 2250,
    "total_tokens": 10218,
    "total_cost": 0.14718
}