{
    "commit": "ce64f00f1c1e9fab09ab75e6e87a53469dd09a3c",
    "start_epoch": 1760809510.1135,
    "end_epoch": 1760809564.275063,
    "elapsed_seconds": 54.161563,
    "model": "gpt-4-0125-preview",
    "input_cost_per_token": 1e-05,
    "output_cost_per_token": 3e-05,
    "total_input_tokens": 5864,
    "total_output_tokens": 1876,
    "total_tokens": 7740,
    "total_cost": 0.11492
}