{
    "commit": "a3db6da54def04dcca60f4a4bd03199d5667d6f4",
    "start_epoch": 1760792105.941185,
    "end_epoch": 1760792146.099744,
    "elapsed_seconds": 40.158559,
    "model": "gpt-4-0125-preview",
    "input_cost_per_token": 1e-05,
    "output_cost_per_token": 3e-05,
    "total_input_tokens": 7083,
    "total_output_tokens": 1364,
    "total_tokens": 8447,
    "total_cost": 0.11175000000000002
}