{
    "commit": "78aa8aef9410cfbcc3306664597ac1a4376c850b",
    "start_epoch": 1760806518.178187,
    "end_epoch": 1760806582.203865,
    "elapsed_seconds": 64.025678,
    "model": "gpt-4-0125-preview",
    "input_cost_per_token": 1e-05,
    "output_cost_per_token": 3e-05,
    "total_input_tokens": 10191,
    "total_output_tokens": 2100,
    "total_tokens": 12291,
    "total_cost": 0.16491
}