{
    "commit": "c984deb5439dc52e6654ef29f8b618afa307ad70",
    "start_epoch": 1760498176.902173,
    "end_epoch": 1760498261.915383,
    "elapsed_seconds": 85.01321,
    "model": "gpt-4-0125-preview",
    "input_cost_per_token": 1e-05,
    "output_cost_per_token": 3e-05,
    "total_input_tokens": 14435,
    "total_output_tokens": 3413,
    "total_tokens": 17848,
    "total_cost": 0.24674000000000004
}