{
    "commit": "5d4fe624a37dc640ae49483c3c85a1b2cd9072d1",
    "start_epoch": 1760521631.468922,
    "end_epoch": 1760521679.78986,
    "elapsed_seconds": 48.320938,
    "model": "gpt-4-0125-preview",
    "input_cost_per_token": 1e-05,
    "output_cost_per_token": 3e-05,
    "total_input_tokens": 4634,
    "total_output_tokens": 1587,
    "total_tokens": 6221,
    "total_cost": 0.09395
}