{
    "commit": "262d469c4a1ba35cf0e0232f625ff372b34afda5",
    "start_epoch": 1760586693.875955,
    "end_epoch": 1760586769.262381,
    "elapsed_seconds": 75.386426,
    "model": "gpt-4-0125-preview",
    "input_cost_per_token": 1e-05,
    "output_cost_per_token": 3e-05,
    "total_input_tokens": 6862,
    "total_output_tokens": 2478,
    "total_tokens": 9340,
    "total_cost": 0.14296
}