{
    "commit": "0f195eb1ba504c383d213cbe8a1ae8a858a3b033",
    "start_epoch": 1760521184.499859,
    "end_epoch": 1760521334.125131,
    "elapsed_seconds": 149.625272,
    "model": "gpt-4-0125-preview",
    "input_cost_per_token": 1e-05,
    "output_cost_per_token": 3e-05,
    "total_input_tokens": 38573,
    "total_output_tokens": 4747,
    "total_tokens": 43320,
    "total_cost": 0.5281399999999998
}