{
    "commit": "333a55bd970bd2dc5755d2ae6bb834c8d51423f4",
    "start_epoch": 1760776305.754842,
    "end_epoch": 1760776390.428903,
    "elapsed_seconds": 84.674061,
    "model": "gpt-4-0125-preview",
    "input_cost_per_token": 1e-05,
    "output_cost_per_token": 3e-05,
    "total_input_tokens": 16821,
    "total_output_tokens": 3029,
    "total_tokens": 19850,
    "total_cost": 0.25908000000000003
}