{
    "commit": "0cc94a48901da8f46df0d4615b4e98f84c88e17f",
    "start_epoch": 1760762298.419424,
    "end_epoch": 1760762365.340934,
    "elapsed_seconds": 66.92151,
    "model": "gpt-4-0125-preview",
    "input_cost_per_token": 1e-05,
    "output_cost_per_token": 3e-05,
    "total_input_tokens": 11585,
    "total_output_tokens": 2615,
    "total_tokens": 14200,
    "total_cost": 0.19430000000000003
}