{
    "commit": "52b38c67ef268ddea97c5b9feac63f695aba4dbd",
    "start_epoch": 1760571762.778823,
    "end_epoch": 1760571809.397691,
    "elapsed_seconds": 46.618868,
    "model": "gpt-4-0125-preview",
    "input_cost_per_token": 1e-05,
    "output_cost_per_token": 3e-05,
    "total_input_tokens": 6214,
    "total_output_tokens": 1487,
    "total_tokens": 7701,
    "total_cost": 0.10675000000000001
}