{
    "commit": "e3532f5587e69b386ce1600660a358d686fc34c5",
    "start_epoch": 1760738902.967172,
    "end_epoch": 1760738989.354602,
    "elapsed_seconds": 86.38743,
    "model": "gpt-4-0125-preview",
    "input_cost_per_token": 1e-05,
    "output_cost_per_token": 3e-05,
    "total_input_tokens": 10774,
    "total_output_tokens": 3424,
    "total_tokens": 14198,
    "total_cost": 0.21046
}