{
    "commit": "03d8b0fd9dc156d5681be1d4ddbb7720afeccf18",
    "start_epoch": 1760733839.128197,
    "end_epoch": 1760733925.268333,
    "elapsed_seconds": 86.140136,
    "model": "gpt-4-0125-preview",
    "input_cost_per_token": 1e-05,
    "output_cost_per_token": 3e-05,
    "total_input_tokens": 9636,
    "total_output_tokens": 2657,
    "total_tokens": 12293,
    "total_cost": 0.17606999999999998
}