{
    "commit": "19058b037a5aa74e896d021b8b401cc618ffb8c7",
    "start_epoch": 1760528174.050434,
    "end_epoch": 1760528287.038735,
    "elapsed_seconds": 112.988301,
    "model": "gpt-4-0125-preview",
    "input_cost_per_token": 1e-05,
    "output_cost_per_token": 3e-05,
    "total_input_tokens": 9760,
    "total_output_tokens": 4120,
    "total_tokens": 13880,
    "total_cost": 0.22120000000000004
}