{
    "commit": "5da9edb36f29a0265611c7ea494e2573ee1d3daa",
    "start_epoch": 1760768825.998275,
    "end_epoch": 1760768925.763289,
    "elapsed_seconds": 99.765014,
    "model": "gpt-4-0125-preview",
    "input_cost_per_token": 1e-05,
    "output_cost_per_token": 3e-05,
    "total_input_tokens": 21529,
    "total_output_tokens": 3718,
    "total_tokens": 25247,
    "total_cost": 0.32683
}