{
    "commit": "92d940ad3023a6c2a7c09740e4b953d6d370908e",
    "start_epoch": 1760553067.754874,
    "end_epoch": 1760553126.763581,
    "elapsed_seconds": 59.008707,
    "model": "gpt-4-0125-preview",
    "input_cost_per_token": 1e-05,
    "output_cost_per_token": 3e-05,
    "total_input_tokens": 5974,
    "total_output_tokens": 1614,
    "total_tokens": 7588,
    "total_cost": 0.10816
}