{
    "commit": "8fd43dc466bac3b7ee7b14d275ad1844ab82b5e6",
    "start_epoch": 1760764537.337042,
    "end_epoch": 1760764584.611601,
    "elapsed_seconds": 47.274559,
    "model": "gpt-4-0125-preview",
    "input_cost_per_token": 1e-05,
    "output_cost_per_token": 3e-05,
    "total_input_tokens": 17519,
    "total_output_tokens": 1842,
    "total_tokens": 19361,
    "total_cost": 0.23045000000000002
}