{
    "commit": "bd36bf6cf8a4b06b9869b293579071314a0927e5",
    "start_epoch": 1760575766.067691,
    "end_epoch": 1760575804.438048,
    "elapsed_seconds": 38.370357,
    "model": "gpt-4-0125-preview",
    "input_cost_per_token": 1e-05,
    "output_cost_per_token": 3e-05,
    "total_input_tokens": 4648,
    "total_output_tokens": 1310,
    "total_tokens": 5958,
    "total_cost": 0.08578
}