{
    "commit": "0515900452bb72f91a77747ba589f516a0fb8d5f",
    "start_epoch": 1760513290.878597,
    "end_epoch": 1760513390.261582,
    "elapsed_seconds": 99.382985,
    "model": "gpt-4-0125-preview",
    "input_cost_per_token": 1e-05,
    "output_cost_per_token": 3e-05,
    "total_input_tokens": 27892,
    "total_output_tokens": 3261,
    "total_tokens": 31153,
    "total_cost": 0.3767500000000001
}