{
    "commit": "25412f2b079e4d1cdbd6413ab98c54b2899fe087",
    "start_epoch": 1760770737.370355,
    "end_epoch": 1760770860.081907,
    "elapsed_seconds": 122.711552,
    "model": "gpt-4-0125-preview",
    "input_cost_per_token": 1e-05,
    "output_cost_per_token": 3e-05,
    "total_input_tokens": 22117,
    "total_output_tokens": 4462,
    "total_tokens": 26579,
    "total_cost": 0.35503000000000007
}