{
    "commit": "e1f1c995acc8474d9111b47f9c69a859e34cff5c",
    "start_epoch": 1760770428.353351,
    "end_epoch": 1760770621.616747,
    "elapsed_seconds": 193.263396,
    "model": "gpt-4-0125-preview",
    "input_cost_per_token": 1e-05,
    "output_cost_per_token": 3e-05,
    "total_input_tokens": 116023,
    "total_output_tokens": 6704,
    "total_tokens": 122727,
    "total_cost": 1.3613500000000005
}