{
    "commit": "c62d3fda569f098a0890fb7d951a2af3a9afd03d",
    "start_epoch": 1760510021.14938,
    "end_epoch": 1760510151.628424,
    "elapsed_seconds": 130.479044,
    "model": "gpt-4-0125-preview",
    "input_cost_per_token": 1e-05,
    "output_cost_per_token": 3e-05,
    "total_input_tokens": 19018,
    "total_output_tokens": 4516,
    "total_tokens": 23534,
    "total_cost": 0.32566
}