{
    "commit": "108b67652577f52971c7c044bcedd44403f7d1e9",
    "start_epoch": 1760804472.562207,
    "end_epoch": 1760804506.479471,
    "elapsed_seconds": 33.917264,
    "model": "gpt-4-0125-preview",
    "input_cost_per_token": 1e-05,
    "output_cost_per_token": 3e-05,
    "total_input_tokens": 5705,
    "total_output_tokens": 1109,
    "total_tokens": 6814,
    "total_cost": 0.09032000000000001
}