{
    "commit": "f8fc41c869ca665a468d37201313705a3682ffd1",
    "start_epoch": 1760554665.995451,
    "end_epoch": 1760554802.306666,
    "elapsed_seconds": 136.311215,
    "model": "gpt-4-0125-preview",
    "input_cost_per_token": 1e-05,
    "output_cost_per_token": 3e-05,
    "total_input_tokens": 24438,
    "total_output_tokens": 4716,
    "total_tokens": 29154,
    "total_cost": 0.38586000000000004
}