{
    "commit": "ff7d2f3dda844160cbd603c79f6d8fe00670cafa",
    "start_epoch": 1760741721.664194,
    "end_epoch": 1760741816.431832,
    "elapsed_seconds": 94.767638,
    "model": "gpt-4-0125-preview",
    "input_cost_per_token": 1e-05,
    "output_cost_per_token": 3e-05,
    "total_input_tokens": 13114,
    "total_output_tokens": 3853,
    "total_tokens": 16967,
    "total_cost": 0.24673000000000003
}