{
    "commit": "7a02af18647b76f3b2295f61214e31855c80d908",
    "start_epoch": 1760701079.146556,
    "end_epoch": 1760701126.819494,
    "elapsed_seconds": 47.672938,
    "model": "gpt-4-0125-preview",
    "input_cost_per_token": 1e-05,
    "output_cost_per_token": 3e-05,
    "total_input_tokens": 6758,
    "total_output_tokens": 2005,
    "total_tokens": 8763,
    "total_cost": 0.12772999999999998
}