{
    "commit": "997cf726c6fb995434e9d2eebf4e6b5d2f9ef3a9",
    "start_epoch": 1760751145.361206,
    "end_epoch": 1760751192.544629,
    "elapsed_seconds": 47.183423,
    "model": "gpt-4-0125-preview",
    "input_cost_per_token": 1e-05,
    "output_cost_per_token": 3e-05,
    "total_input_tokens": 6109,
    "total_output_tokens": 1589,
    "total_tokens": 7698,
    "total_cost": 0.10876000000000001
}