{
    "commit": "970b38c36cc655f9a2045c8ad47d16d35c8ae6dc",
    "start_epoch": 1760737781.727371,
    "end_epoch": 1760737901.620583,
    "elapsed_seconds": 119.893212,
    "model": "gpt-4-0125-preview",
    "input_cost_per_token": 1e-05,
    "output_cost_per_token": 3e-05,
    "total_input_tokens": 22132,
    "total_output_tokens": 4189,
    "total_tokens": 26321,
    "total_cost": 0.3469900000000001
}