{
    "commit": "0bb86116ecd5c1876ba99f91d4602ed9f0579e2a",
    "start_epoch": 1760536824.47645,
    "end_epoch": 1760536874.420944,
    "elapsed_seconds": 49.944494,
    "model": "gpt-4-0125-preview",
    "input_cost_per_token": 1e-05,
    "output_cost_per_token": 3e-05,
    "total_input_tokens": 8336,
    "total_output_tokens": 1178,
    "total_tokens": 9514,
    "total_cost": 0.1187
}