{
    "commit": "aa9312f64d5116ea778b726ead526cfc7a860c7b",
    "start_epoch": 1760539619.751112,
    "end_epoch": 1760539760.63552,
    "elapsed_seconds": 140.884408,
    "model": "gpt-4-0125-preview",
    "input_cost_per_token": 1e-05,
    "output_cost_per_token": 3e-05,
    "total_input_tokens": 17467,
    "total_output_tokens": 4448,
    "total_tokens": 21915,
    "total_cost": 0.30811
}