{
    "commit": "602d1e69c53a2c2dea82b6fd89784831c44ce9c2",
    "start_epoch": 1760810715.975238,
    "end_epoch": 1760810841.342488,
    "elapsed_seconds": 125.36725,
    "model": "gpt-4-0125-preview",
    "input_cost_per_token": 1e-05,
    "output_cost_per_token": 3e-05,
    "total_input_tokens": 25677,
    "total_output_tokens": 4777,
    "total_tokens": 30454,
    "total_cost": 0.40008000000000005
}