{
    "commit": "40a726d9e13c445ae018212f27a6a5339b4d2b00",
    "start_epoch": 1760549235.700336,
    "end_epoch": 1760549370.876634,
    "elapsed_seconds": 135.176298,
    "model": "gpt-4-0125-preview",
    "input_cost_per_token": 1e-05,
    "output_cost_per_token": 3e-05,
    "total_input_tokens": 18637,
    "total_output_tokens": 4688,
    "total_tokens": 23325,
    "total_cost": 0.32701
}