{
    "commit": "c678d1589ae830f3b46e35d077958d31e2a0e394",
    "start_epoch": 1760584281.16927,
    "end_epoch": 1760584341.352166,
    "elapsed_seconds": 60.182896,
    "model": "gpt-4-0125-preview",
    "input_cost_per_token": 1e-05,
    "output_cost_per_token": 3e-05,
    "total_input_tokens": 13505,
    "total_output_tokens": 1864,
    "total_tokens": 15369,
    "total_cost": 0.19096999999999997
}