{
    "commit": "8fe17e37d371e95f122012d7d207d4725bc62ea9",
    "start_epoch": 1760533558.564065,
    "end_epoch": 1760533660.890361,
    "elapsed_seconds": 102.326296,
    "model": "gpt-4-0125-preview",
    "input_cost_per_token": 1e-05,
    "output_cost_per_token": 3e-05,
    "total_input_tokens": 20751,
    "total_output_tokens": 3114,
    "total_tokens": 23865,
    "total_cost": 0.30093000000000003
}