{
    "commit": "ab22b69da7fa705dd93f042595a50cf7b0ccde00",
    "start_epoch": 1760811231.396896,
    "end_epoch": 1760811348.470103,
    "elapsed_seconds": 117.073207,
    "model": "gpt-4-0125-preview",
    "input_cost_per_token": 1e-05,
    "output_cost_per_token": 3e-05,
    "total_input_tokens": 17328,
    "total_output_tokens": 4795,
    "total_tokens": 22123,
    "total_cost": 0.31712999999999997
}