{
    "commit": "f5f0c06ebe9b72328996295413920e82b0c792cb",
    "start_epoch": 1760573255.901324,
    "end_epoch": 1760573378.931525,
    "elapsed_seconds": 123.030201,
    "model": "gpt-4-0125-preview",
    "input_cost_per_token": 1e-05,
    "output_cost_per_token": 3e-05,
    "total_input_tokens": 18533,
    "total_output_tokens": 4216,
    "total_tokens": 22749,
    "total_cost": 0.31181000000000003
}