{
    "commit": "1cc46d3c801b30431895107618b2a3c9f8504837",
    "start_epoch": 1760523854.377226,
    "end_epoch": 1760523912.112404,
    "elapsed_seconds": 57.735178,
    "model": "gpt-4-0125-preview",
    "input_cost_per_token": 1e-05,
    "output_cost_per_token": 3e-05,
    "total_input_tokens": 11071,
    "total_output_tokens": 1820,
    "total_tokens": 12891,
    "total_cost": 0.16531
}