{
    "commit": "1c75d639a55b5e0e786e06acae1c71610f90bd47",
    "start_epoch": 1760775434.076648,
    "end_epoch": 1760775500.59821,
    "elapsed_seconds": 66.521562,
    "model": "gpt-4-0125-preview",
    "input_cost_per_token": 1e-05,
    "output_cost_per_token": 3e-05,
    "total_input_tokens": 8995,
    "total_output_tokens": 2217,
    "total_tokens": 11212,
    "total_cost": 0.15646000000000002
}