{
    "commit": "0e6102a59549df63e54ce69a475fae6eca019370",
    "start_epoch": 1760515000.093882,
    "end_epoch": 1760515102.13582,
    "elapsed_seconds": 102.041938,
    "model": "gpt-4-0125-preview",
    "input_cost_per_token": 1e-05,
    "output_cost_per_token": 3e-05,
    "total_input_tokens": 16351,
    "total_output_tokens": 3795,
    "total_tokens": 20146,
    "total_cost": 0.27736000000000005
}