{
    "commit": "353c6967ec8f4df5af824f34ae9131bdffdb4bdc",
    "start_epoch": 1760526353.670913,
    "end_epoch": 1760526474.502902,
    "elapsed_seconds": 120.831989,
    "model": "gpt-4-0125-preview",
    "input_cost_per_token": 1e-05,
    "output_cost_per_token": 3e-05,
    "total_input_tokens": 17832,
    "total_output_tokens": 4378,
    "total_tokens": 22210,
    "total_cost": 0.30966
}