{
    "commit": "e851140aad8745e4f8e1af73d29c1ac86abea58a",
    "start_epoch": 1760777744.571034,
    "end_epoch": 1760777801.222392,
    "elapsed_seconds": 56.651358,
    "model": "gpt-4-0125-preview",
    "input_cost_per_token": 1e-05,
    "output_cost_per_token": 3e-05,
    "total_input_tokens": 13432,
    "total_output_tokens": 1823,
    "total_tokens": 15255,
    "total_cost": 0.18901
}