{
    "commit": "78105f020e98502680b50eff0ca363115602fd38",
    "start_epoch": 1760511362.358005,
    "end_epoch": 1760511563.567725,
    "elapsed_seconds": 201.20972,
    "model": "gpt-4-0125-preview",
    "input_cost_per_token": 1e-05,
    "output_cost_per_token": 3e-05,
    "total_input_tokens": 65757,
    "total_output_tokens": 7406,
    "total_tokens": 73163,
    "total_cost": 0.87975
}