{
    "commit": "c8722641a5f8fe2710e9c6987ebaee522a15a5d5",
    "start_epoch": 1760735018.330322,
    "end_epoch": 1760735192.883604,
    "elapsed_seconds": 174.553282,
    "model": "gpt-4-0125-preview",
    "input_cost_per_token": 1e-05,
    "output_cost_per_token": 3e-05,
    "total_input_tokens": 63186,
    "total_output_tokens": 4735,
    "total_tokens": 67921,
    "total_cost": 0.7739100000000001
}