{
    "commit": "4cc9c0d082180c005fcb13da6501652fbea54361",
    "start_epoch": 1760571914.172934,
    "end_epoch": 1760571952.522177,
    "elapsed_seconds": 38.349243,
    "model": "gpt-4-0125-preview",
    "input_cost_per_token": 1e-05,
    "output_cost_per_token": 3e-05,
    "total_input_tokens": 4980,
    "total_output_tokens": 1240,
    "total_tokens": 6220,
    "total_cost": 0.08700000000000002
}