{
    "commit": "39eb419ef6e8835b7990863632dd0413fe9ebcd6",
    "start_epoch": 1760753044.987412,
    "end_epoch": 1760753146.103379,
    "elapsed_seconds": 101.115967,
    "model": "gpt-4-0125-preview",
    "input_cost_per_token": 1e-05,
    "output_cost_per_token": 3e-05,
    "total_input_tokens": 18510,
    "total_output_tokens": 4066,
    "total_tokens": 22576,
    "total_cost": 0.30708
}