{
    "commit": "554e3707c87c3a6076d3a2bcbab6b3d1ab092f8e",
    "start_epoch": 1760554214.762512,
    "end_epoch": 1760554272.178469,
    "elapsed_seconds": 57.415957,
    "model": "gpt-4-0125-preview",
    "input_cost_per_token": 1e-05,
    "output_cost_per_token": 3e-05,
    "total_input_tokens": 8329,
    "total_output_tokens": 1852,
    "total_tokens": 10181,
    "total_cost": 0.13885
}