{
    "commit": "467a290fb1d9756b84e754e696919e92c9cb7858",
    "start_epoch": 1760765865.428647,
    "end_epoch": 1760765965.872236,
    "elapsed_seconds": 100.443589,
    "model": "gpt-4-0125-preview",
    "input_cost_per_token": 1e-05,
    "output_cost_per_token": 3e-05,
    "total_input_tokens": 23644,
    "total_output_tokens": 3958,
    "total_tokens": 27602,
    "total_cost": 0.35518
}