{
    "commit": "8c11b38b8d3fe5ae4f5af44b1d403f66ff8dc738",
    "start_epoch": 1760577225.309253,
    "end_epoch": 1760577357.688412,
    "elapsed_seconds": 132.379159,
    "model": "gpt-4-0125-preview",
    "input_cost_per_token": 1e-05,
    "output_cost_per_token": 3e-05,
    "total_input_tokens": 30416,
    "total_output_tokens": 4338,
    "total_tokens": 34754,
    "total_cost": 0.4343
}