{
    "commit": "dccc9af81983d9b2132ca82705c5eb67967926db",
    "start_epoch": 1760806931.17554,
    "end_epoch": 1760806973.625631,
    "elapsed_seconds": 42.450091,
    "model": "gpt-4-0125-preview",
    "input_cost_per_token": 1e-05,
    "output_cost_per_token": 3e-05,
    "total_input_tokens": 11509,
    "total_output_tokens": 1517,
    "total_tokens": 13026,
    "total_cost": 0.16060000000000002
}