{
    "commit": "7d36e5d632ca81b52d95b5d34049f6ca770f1a66",
    "start_epoch": 1760566007.432558,
    "end_epoch": 1760566104.608167,
    "elapsed_seconds": 97.175609,
    "model": "gpt-4-0125-preview",
    "input_cost_per_token": 1e-05,
    "output_cost_per_token": 3e-05,
    "total_input_tokens": 16496,
    "total_output_tokens": 3388,
    "total_tokens": 19884,
    "total_cost": 0.26660000000000006
}