{
    "commit": "69e21482c9e88b1d89728510869a988bc8c6721c",
    "start_epoch": 1760768925.910056,
    "end_epoch": 1760769030.279069,
    "elapsed_seconds": 104.369013,
    "model": "gpt-4-0125-preview",
    "input_cost_per_token": 1e-05,
    "output_cost_per_token": 3e-05,
    "total_input_tokens": 23852,
    "total_output_tokens": 3602,
    "total_tokens": 27454,
    "total_cost": 0.34658000000000005
}