{
    "commit": "21e003629c5a82f42226526e694399701c5c578a",
    "start_epoch": 1760793321.272209,
    "end_epoch": 1760793397.487476,
    "elapsed_seconds": 76.215267,
    "model": "gpt-4-0125-preview",
    "input_cost_per_token": 1e-05,
    "output_cost_per_token": 3e-05,
    "total_input_tokens": 11326,
    "total_output_tokens": 2898,
    "total_tokens": 14224,
    "total_cost": 0.2002
}