{
    "commit": "827ae720bc10018a2ba568e2750aa50e491124be",
    "start_epoch": 1760758902.664588,
    "end_epoch": 1760758973.92576,
    "elapsed_seconds": 71.261172,
    "model": "gpt-4-0125-preview",
    "input_cost_per_token": 1e-05,
    "output_cost_per_token": 3e-05,
    "total_input_tokens": 13878,
    "total_output_tokens": 2734,
    "total_tokens": 16612,
    "total_cost": 0.22080000000000002
}