{
    "commit": "31ced5e732a38e48330562cfc0bc23d9bcf2a7ea",
    "start_epoch": 1760699249.224111,
    "end_epoch": 1760699442.374836,
    "elapsed_seconds": 193.150725,
    "model": "gpt-4-0125-preview",
    "input_cost_per_token": 1e-05,
    "output_cost_per_token": 3e-05,
    "total_input_tokens": 43445,
    "total_output_tokens": 7598,
    "total_tokens": 51043,
    "total_cost": 0.66239
}