{
    "commit": "562298374076a8c132ed513fc4231b6cc43b1711",
    "start_epoch": 1760517663.045225,
    "end_epoch": 1760517759.070034,
    "elapsed_seconds": 96.024809,
    "model": "gpt-4-0125-preview",
    "input_cost_per_token": 1e-05,
    "output_cost_per_token": 3e-05,
    "total_input_tokens": 21980,
    "total_output_tokens": 2946,
    "total_tokens": 24926,
    "total_cost": 0.30818
}