{
    "commit": "7fc1e323d6ca3a919e185e34977a0f4c35386056",
    "start_epoch": 1760756737.80275,
    "end_epoch": 1760756831.788545,
    "elapsed_seconds": 93.985795,
    "model": "gpt-4-0125-preview",
    "input_cost_per_token": 1e-05,
    "output_cost_per_token": 3e-05,
    "total_input_tokens": 13858,
    "total_output_tokens": 3465,
    "total_tokens": 17323,
    "total_cost": 0.24253
}