{
    "commit": "5e099a80248e1710ae6a4411905ed72cf49cc615",
    "start_epoch": 1760582990.222233,
    "end_epoch": 1760583174.826403,
    "elapsed_seconds": 184.60417,
    "model": "gpt-4-0125-preview",
    "input_cost_per_token": 1e-05,
    "output_cost_per_token": 3e-05,
    "total_input_tokens": 52684,
    "total_output_tokens": 6200,
    "total_tokens": 58884,
    "total_cost": 0.71284
}