{
    "commit": "7804a89585c0c40f411db370e82e70c917ce5fb5",
    "start_epoch": 1760783924.625083,
    "end_epoch": 1760783976.41388,
    "elapsed_seconds": 51.788797,
    "model": "gpt-4-0125-preview",
    "input_cost_per_token": 1e-05,
    "output_cost_per_token": 3e-05,
    "total_input_tokens": 6278,
    "total_output_tokens": 1995,
    "total_tokens": 8273,
    "total_cost": 0.12262999999999999
}