{
    "commit": "34bd5223693a91f540354af08c74b1320ae9ed9c",
    "start_epoch": 1760699442.594234,
    "end_epoch": 1760699488.170641,
    "elapsed_seconds": 45.576407,
    "model": "gpt-4-0125-preview",
    "input_cost_per_token": 1e-05,
    "output_cost_per_token": 3e-05,
    "total_input_tokens": 6308,
    "total_output_tokens": 1408,
    "total_tokens": 7716,
    "total_cost": 0.10532
}