{
    "commit": "177f41aed0a09c8c3df4193184f62f230f8dc0d2",
    "start_epoch": 1760769905.530319,
    "end_epoch": 1760769993.276475,
    "elapsed_seconds": 87.746156,
    "model": "gpt-4-0125-preview",
    "input_cost_per_token": 1e-05,
    "output_cost_per_token": 3e-05,
    "total_input_tokens": 26415,
    "total_output_tokens": 3452,
    "total_tokens": 29867,
    "total_cost": 0.3677100000000001
}