{
    "commit": "97680550405827bfd5ac74f074c7cba5d76a6570",
    "start_epoch": 1760761655.972271,
    "end_epoch": 1760761733.640376,
    "elapsed_seconds": 77.668105,
    "model": "gpt-4-0125-preview",
    "input_cost_per_token": 1e-05,
    "output_cost_per_token": 3e-05,
    "total_input_tokens": 12392,
    "total_output_tokens": 3063,
    "total_tokens": 15455,
    "total_cost": 0.21581000000000003
}