{
    "commit": "4e2578bdc933093d4c515bd613301b43512e2a51",
    "start_epoch": 1760557753.734654,
    "end_epoch": 1760557801.809984,
    "elapsed_seconds": 48.07533,
    "model": "gpt-4-0125-preview",
    "input_cost_per_token": 1e-05,
    "output_cost_per_token": 3e-05,
    "total_input_tokens": 7188,
    "total_output_tokens": 1710,
    "total_tokens": 8898,
    "total_cost": 0.12318000000000001
}