{
    "commit": "f50c04097e06067f7a6bc84169cb4b9ecdfede0c",
    "start_epoch": 1760582123.748497,
    "end_epoch": 1760582175.251965,
    "elapsed_seconds": 51.503468,
    "model": "gpt-4-0125-preview",
    "input_cost_per_token": 1e-05,
    "output_cost_per_token": 3e-05,
    "total_input_tokens": 55174,
    "total_output_tokens": 1195,
    "total_tokens": 56369,
    "total_cost": 0.5875900000000001
}