{
    "commit": "07a3978874df1cb4736cd36e9ba1acf7b16fdc4c",
    "start_epoch": 1760724323.679362,
    "end_epoch": 1760724372.793429,
    "elapsed_seconds": 49.114067,
    "model": "gpt-4-0125-preview",
    "input_cost_per_token": 1e-05,
    "output_cost_per_token": 3e-05,
    "total_input_tokens": 7008,
    "total_output_tokens": 1738,
    "total_tokens": 8746,
    "total_cost": 0.12222
}