{
    "commit": "3234f0a1ba4864ed44f8cbd56f74f2e805b23527",
    "start_epoch": 1760725151.616386,
    "end_epoch": 1760725273.93363,
    "elapsed_seconds": 122.317244,
    "model": "gpt-4-0125-preview",
    "input_cost_per_token": 1e-05,
    "output_cost_per_token": 3e-05,
    "total_input_tokens": 23117,
    "total_output_tokens": 4945,
    "total_tokens": 28062,
    "total_cost": 0.37952
}