{
    "commit": "4b21ff2b71d8f911181b245d087c5d6a43fc92ef",
    "start_epoch": 1760575694.103987,
    "end_epoch": 1760575765.94303,
    "elapsed_seconds": 71.839043,
    "model": "gpt-4-0125-preview",
    "input_cost_per_token": 1e-05,
    "output_cost_per_token": 3e-05,
    "total_input_tokens": 18932,
    "total_output_tokens": 2764,
    "total_tokens": 21696,
    "total_cost": 0.27224
}