{
    "commit": "79f4de57bf3549d61946065967bd90c375606562",
    "start_epoch": 1760790652.183394,
    "end_epoch": 1760790766.565002,
    "elapsed_seconds": 114.381608,
    "model": "gpt-4-0125-preview",
    "input_cost_per_token": 1e-05,
    "output_cost_per_token": 3e-05,
    "total_input_tokens": 11090,
    "total_output_tokens": 4167,
    "total_tokens": 15257,
    "total_cost": 0.23591
}