{
    "commit": "e409f7700954954dfb4e17ddea6b0a7b1ba2d697",
    "start_epoch": 1760721724.967329,
    "end_epoch": 1760721824.092788,
    "elapsed_seconds": 99.125459,
    "model": "gpt-4-0125-preview",
    "input_cost_per_token": 1e-05,
    "output_cost_per_token": 3e-05,
    "total_input_tokens": 16976,
    "total_output_tokens": 3711,
    "total_tokens": 20687,
    "total_cost": 0.28109
}