{
    "commit": "c641aaf13af4eac7e5ea743aee5ba8b7375828d3",
    "start_epoch": 1760570395.31981,
    "end_epoch": 1760570478.709821,
    "elapsed_seconds": 83.390011,
    "model": "gpt-4-0125-preview",
    "input_cost_per_token": 1e-05,
    "output_cost_per_token": 3e-05,
    "total_input_tokens": 17738,
    "total_output_tokens": 3016,
    "total_tokens": 20754,
    "total_cost": 0.26786
}