{
    "commit": "f2064266a31a814cb1e386bbecdb1ad59284699a",
    "start_epoch": 1760586925.14843,
    "end_epoch": 1760587004.494053,
    "elapsed_seconds": 79.345623,
    "model": "gpt-4-0125-preview",
    "input_cost_per_token": 1e-05,
    "output_cost_per_token": 3e-05,
    "total_input_tokens": 10864,
    "total_output_tokens": 3060,
    "total_tokens": 13924,
    "total_cost": 0.20044000000000003
}