{
    "commit": "a19839b82e5b4f5455abdebd228ee427eb2c97c1",
    "start_epoch": 1760767653.929754,
    "end_epoch": 1760767753.553224,
    "elapsed_seconds": 99.62347,
    "model": "gpt-4-0125-preview",
    "input_cost_per_token": 1e-05,
    "output_cost_per_token": 3e-05,
    "total_input_tokens": 16876,
    "total_output_tokens": 3594,
    "total_tokens": 20470,
    "total_cost": 0.27658
}