{
    "commit": "faeac589427a416d0de229732d05e6782372e411",
    "start_epoch": 1760747802.572686,
    "end_epoch": 1760748095.535377,
    "elapsed_seconds": 292.962691,
    "model": "gpt-4-0125-preview",
    "input_cost_per_token": 1e-05,
    "output_cost_per_token": 3e-05,
    "total_input_tokens": 12117,
    "total_output_tokens": 3587,
    "total_tokens": 15704,
    "total_cost": 0.22878000000000004
}