{
    "commit": "209d0e182c83288b615f6fc002c8d10c0992f396",
    "start_epoch": 1760705322.802843,
    "end_epoch": 1760705369.981582,
    "elapsed_seconds": 47.178739,
    "model": "gpt-4-0125-preview",
    "input_cost_per_token": 1e-05,
    "output_cost_per_token": 3e-05,
    "total_input_tokens": 6814,
    "total_output_tokens": 1685,
    "total_tokens": 8499,
    "total_cost": 0.11869
}