{
    "commit": "5d2607c16dd6c42eeef0bf86a7d394655cb4174c",
    "start_epoch": 1760729633.136616,
    "end_epoch": 1760729690.938793,
    "elapsed_seconds": 57.802177,
    "model": "gpt-4-0125-preview",
    "input_cost_per_token": 1e-05,
    "output_cost_per_token": 3e-05,
    "total_input_tokens": 5250,
    "total_output_tokens": 1442,
    "total_tokens": 6692,
    "total_cost": 0.09576
}