{
    "commit": "b0f84ac502b41ff525f4f927fffad34a42c41b37",
    "start_epoch": 1760500469.611923,
    "end_epoch": 1760500562.616469,
    "elapsed_seconds": 93.004546,
    "model": "gpt-4-0125-preview",
    "input_cost_per_token": 1e-05,
    "output_cost_per_token": 3e-05,
    "total_input_tokens": 14889,
    "total_output_tokens": 3450,
    "total_tokens": 18339,
    "total_cost": 0.25239
}