{
    "commit": "d8bc037befe38cfcbc3974529c9cddc7b7178d29",
    "start_epoch": 1760542268.9597,
    "end_epoch": 1760542311.928585,
    "elapsed_seconds": 42.968885,
    "model": "gpt-4-0125-preview",
    "input_cost_per_token": 1e-05,
    "output_cost_per_token": 3e-05,
    "total_input_tokens": 9750,
    "total_output_tokens": 1250,
    "total_tokens": 11000,
    "total_cost": 0.135
}