{
    "commit": "2c5f2c91992318b17d84374254936b2a1083a003",
    "start_epoch": 1760814738.045091,
    "end_epoch": 1760814784.478541,
    "elapsed_seconds": 46.43345,
    "model": "gpt-4-0125-preview",
    "input_cost_per_token": 1e-05,
    "output_cost_per_token": 3e-05,
    "total_input_tokens": 8000,
    "total_output_tokens": 1756,
    "total_tokens": 9756,
    "total_cost": 0.13268000000000002
}