{
    "commit": "38f0229adcc3f1d7bc8554f25e6be1cbb3ee9025",
    "start_epoch": 1760745733.431131,
    "end_epoch": 1760745791.387105,
    "elapsed_seconds": 57.955974,
    "model": "gpt-4-0125-preview",
    "input_cost_per_token": 1e-05,
    "output_cost_per_token": 3e-05,
    "total_input_tokens": 11809,
    "total_output_tokens": 1963,
    "total_tokens": 13772,
    "total_cost": 0.17698
}