{
    "commit": "16595202948f6c34b6a83109d49f289b0e8d28b0",
    "start_epoch": 1760532936.435279,
    "end_epoch": 1760533074.821249,
    "elapsed_seconds": 138.38597,
    "model": "gpt-4-0125-preview",
    "input_cost_per_token": 1e-05,
    "output_cost_per_token": 3e-05,
    "total_input_tokens": 5100,
    "total_output_tokens": 1292,
    "total_tokens": 6392,
    "total_cost": 0.08976
}