{
    "commit": "f61fa05dcdb4cb2d8ae648ce539870a8b906fba9",
    "start_epoch": 1760517514.56987,
    "end_epoch": 1760517571.817617,
    "elapsed_seconds": 57.247747,
    "model": "gpt-4-0125-preview",
    "input_cost_per_token": 1e-05,
    "output_cost_per_token": 3e-05,
    "total_input_tokens": 17864,
    "total_output_tokens": 1992,
    "total_tokens": 19856,
    "total_cost": 0.2384
}