{
    "commit": "96c7099d697af98ec541b92bc740647ea67bb22b",
    "start_epoch": 1760728612.70833,
    "end_epoch": 1760728671.221239,
    "elapsed_seconds": 58.512909,
    "model": "gpt-4-0125-preview",
    "input_cost_per_token": 1e-05,
    "output_cost_per_token": 3e-05,
    "total_input_tokens": 13755,
    "total_output_tokens": 2132,
    "total_tokens": 15887,
    "total_cost": 0.20151000000000002
}