{
    "commit": "94cde003e7602cb748d91a9c267e21ec977a1f4d",
    "start_epoch": 1760767755.622256,
    "end_epoch": 1760767859.748035,
    "elapsed_seconds": 104.125779,
    "model": "gpt-4-0125-preview",
    "input_cost_per_token": 1e-05,
    "output_cost_per_token": 3e-05,
    "total_input_tokens": 12892,
    "total_output_tokens": 3880,
    "total_tokens": 16772,
    "total_cost": 0.24532000000000004
}