{
    "commit": "01f5c83ebac1933e70779662da392d1424b7a819",
    "start_epoch": 1760564020.533049,
    "end_epoch": 1760564114.264973,
    "elapsed_seconds": 93.731924,
    "model": "gpt-4-0125-preview",
    "input_cost_per_token": 1e-05,
    "output_cost_per_token": 3e-05,
    "total_input_tokens": 16620,
    "total_output_tokens": 3203,
    "total_tokens": 19823,
    "total_cost": 0.26229
}