{
    "commit": "a510089ec6929f3599e4a3c3200dd54337e292bf",
    "start_epoch": 1760533661.047755,
    "end_epoch": 1760533735.465279,
    "elapsed_seconds": 74.417524,
    "model": "gpt-4-0125-preview",
    "input_cost_per_token": 1e-05,
    "output_cost_per_token": 3e-05,
    "total_input_tokens": 13847,
    "total_output_tokens": 2242,
    "total_tokens": 16089,
    "total_cost": 0.20573000000000002
}