{
    "commit": "5e6b2248964f87093e8b86a9a746334af6f52602",
    "start_epoch": 1760514333.9933,
    "end_epoch": 1760514429.621418,
    "elapsed_seconds": 95.628118,
    "model": "gpt-4-0125-preview",
    "input_cost_per_token": 1e-05,
    "output_cost_per_token": 3e-05,
    "total_input_tokens": 51434,
    "total_output_tokens": 3118,
    "total_tokens": 54552,
    "total_cost": 0.6078800000000002
}