{
    "commit": "97244a2792ebb037a93a22feaedae262ada2a274",
    "start_epoch": 1760748915.382613,
    "end_epoch": 1760748969.132632,
    "elapsed_seconds": 53.750019,
    "model": "gpt-4-0125-preview",
    "input_cost_per_token": 1e-05,
    "output_cost_per_token": 3e-05,
    "total_input_tokens": 14076,
    "total_output_tokens": 2015,
    "total_tokens": 16091,
    "total_cost": 0.20121
}