{
    "commit": "3bc4012a5a64ac2282bbf55c8fac6e65689c3c90",
    "start_epoch": 1760729151.6987,
    "end_epoch": 1760729198.500041,
    "elapsed_seconds": 46.801341,
    "model": "gpt-4-0125-preview",
    "input_cost_per_token": 1e-05,
    "output_cost_per_token": 3e-05,
    "total_input_tokens": 6257,
    "total_output_tokens": 1545,
    "total_tokens": 7802,
    "total_cost": 0.10891999999999999
}