{
    "commit": "b211b3bf345f28acbecb305322c832980ca07ad7",
    "start_epoch": 1760499534.719761,
    "end_epoch": 1760499639.353833,
    "elapsed_seconds": 104.634072,
    "model": "gpt-4-0125-preview",
    "input_cost_per_token": 1e-05,
    "output_cost_per_token": 3e-05,
    "total_input_tokens": 9470,
    "total_output_tokens": 4036,
    "total_tokens": 13506,
    "total_cost": 0.21578000000000003
}