{
    "commit": "90987206da40a4170b7ba725479a02bf16acb547",
    "start_epoch": 1760731657.543638,
    "end_epoch": 1760731732.938519,
    "elapsed_seconds": 75.394881,
    "model": "gpt-4-0125-preview",
    "input_cost_per_token": 1e-05,
    "output_cost_per_token": 3e-05,
    "total_input_tokens": 8665,
    "total_output_tokens": 2546,
    "total_tokens": 11211,
    "total_cost": 0.16303
}