{
    "commit": "a0d7384618995b5426a3b77fca945e17c018f68f",
    "start_epoch": 1760504653.971592,
    "end_epoch": 1760504691.761765,
    "elapsed_seconds": 37.790173,
    "model": "gpt-4-0125-preview",
    "input_cost_per_token": 1e-05,
    "output_cost_per_token": 3e-05,
    "total_input_tokens": 5966,
    "total_output_tokens": 1349,
    "total_tokens": 7315,
    "total_cost": 0.10013000000000001
}