{
    "commit": "d8788771988f14f3230268e07ff95721f0dae8a7",
    "start_epoch": 1760719268.277377,
    "end_epoch": 1760719353.619511,
    "elapsed_seconds": 85.342134,
    "model": "gpt-4-0125-preview",
    "input_cost_per_token": 1e-05,
    "output_cost_per_token": 3e-05,
    "total_input_tokens": 15168,
    "total_output_tokens": 2907,
    "total_tokens": 18075,
    "total_cost": 0.23889000000000005
}