{
    "commit": "3247e5d8d5e5d376bfbbb006f2b4ba93944bfc93",
    "start_epoch": 1760801851.099773,
    "end_epoch": 1760801955.050501,
    "elapsed_seconds": 103.950728,
    "model": "gpt-4-0125-preview",
    "input_cost_per_token": 1e-05,
    "output_cost_per_token": 3e-05,
    "total_input_tokens": 23287,
    "total_output_tokens": 4033,
    "total_tokens": 27320,
    "total_cost": 0.35386000000000006
}