{
    "commit": "daca836f87ff3e7492658e9566293ef0e7823234",
    "start_epoch": 1760580373.934582,
    "end_epoch": 1760580478.031806,
    "elapsed_seconds": 104.097224,
    "model": "gpt-4-0125-preview",
    "input_cost_per_token": 1e-05,
    "output_cost_per_token": 3e-05,
    "total_input_tokens": 53372,
    "total_output_tokens": 3582,
    "total_tokens": 56954,
    "total_cost": 0.6411800000000001
}