{
    "commit": "bd32ad1aa1c71210b18a118eebcb5a3dba3b2c2e",
    "start_epoch": 1760550996.204412,
    "end_epoch": 1760551097.92507,
    "elapsed_seconds": 101.720658,
    "model": "gpt-4-0125-preview",
    "input_cost_per_token": 1e-05,
    "output_cost_per_token": 3e-05,
    "total_input_tokens": 10693,
    "total_output_tokens": 3513,
    "total_tokens": 14206,
    "total_cost": 0.21232
}