{
    "commit": "14e5531402f032dd8fcac139676aad5a812b256e",
    "start_epoch": 1760745909.550085,
    "end_epoch": 1760745979.267879,
    "elapsed_seconds": 69.717794,
    "model": "gpt-4-0125-preview",
    "input_cost_per_token": 1e-05,
    "output_cost_per_token": 3e-05,
    "total_input_tokens": 13150,
    "total_output_tokens": 2592,
    "total_tokens": 15742,
    "total_cost": 0.20926
}