{
    "commit": "817ae44cf9dd97dbfc67ede62351676954d68367",
    "start_epoch": 1760760375.518229,
    "end_epoch": 1760760477.282295,
    "elapsed_seconds": 101.764066,
    "model": "gpt-4-0125-preview",
    "input_cost_per_token": 1e-05,
    "output_cost_per_token": 3e-05,
    "total_input_tokens": 29052,
    "total_output_tokens": 4121,
    "total_tokens": 33173,
    "total_cost": 0.41415
}