{
    "commit": "d600745107d70c026cab8dac7e50468e8c9ed418",
    "start_epoch": 1760582452.773658,
    "end_epoch": 1760582519.44756,
    "elapsed_seconds": 66.673902,
    "model": "gpt-4-0125-preview",
    "input_cost_per_token": 1e-05,
    "output_cost_per_token": 3e-05,
    "total_input_tokens": 15974,
    "total_output_tokens": 1770,
    "total_tokens": 17744,
    "total_cost": 0.21284
}