{
    "commit": "5477b44e5ff597d8ae01b293d30a1a16a0652db3",
    "start_epoch": 1760780606.416165,
    "end_epoch": 1760780692.168747,
    "elapsed_seconds": 85.752582,
    "model": "gpt-4-0125-preview",
    "input_cost_per_token": 1e-05,
    "output_cost_per_token": 3e-05,
    "total_input_tokens": 17430,
    "total_output_tokens": 3482,
    "total_tokens": 20912,
    "total_cost": 0.27876
}