{
    "commit": "51a3793cde74ff412a3841f5977a43054bbda3a3",
    "start_epoch": 1760507916.07323,
    "end_epoch": 1760508022.989341,
    "elapsed_seconds": 106.916111,
    "model": "gpt-4-0125-preview",
    "input_cost_per_token": 1e-05,
    "output_cost_per_token": 3e-05,
    "total_input_tokens": 13678,
    "total_output_tokens": 3734,
    "total_tokens": 17412,
    "total_cost": 0.24880000000000008
}