{
    "commit": "ea11885af352963033e7c8dfd5cca3c934c95063",
    "start_epoch": 1760587389.145545,
    "end_epoch": 1760587679.970424,
    "elapsed_seconds": 290.824879,
    "model": "gpt-4-0125-preview",
    "input_cost_per_token": 1e-05,
    "output_cost_per_token": 3e-05,
    "total_input_tokens": 89775,
    "total_output_tokens": 5084,
    "total_tokens": 94859,
    "total_cost": 1.05027
}