{
    "commit": "87852cef57ffeda0579b5acc0510ff314a2ae0af",
    "start_epoch": 1760558812.731382,
    "end_epoch": 1760558908.693856,
    "elapsed_seconds": 95.962474,
    "model": "gpt-4-0125-preview",
    "input_cost_per_token": 1e-05,
    "output_cost_per_token": 3e-05,
    "total_input_tokens": 14636,
    "total_output_tokens": 3270,
    "total_tokens": 17906,
    "total_cost": 0.24446000000000004
}