{
    "commit": "da40793907cea448d971940a7849a000c55f42b0",
    "start_epoch": 1760759609.517188,
    "end_epoch": 1760759698.177239,
    "elapsed_seconds": 88.660051,
    "model": "gpt-4-0125-preview",
    "input_cost_per_token": 1e-05,
    "output_cost_per_token": 3e-05,
    "total_input_tokens": 54516,
    "total_output_tokens": 3234,
    "total_tokens": 57750,
    "total_cost": 0.6421800000000002
}