{
    "commit": "c819fe8bd20835caa3d5fc3097298e0a26475a35",
    "start_epoch": 1760727911.176786,
    "end_epoch": 1760727993.652357,
    "elapsed_seconds": 82.475571,
    "model": "gpt-4-0125-preview",
    "input_cost_per_token": 1e-05,
    "output_cost_per_token": 3e-05,
    "total_input_tokens": 17160,
    "total_output_tokens": 3269,
    "total_tokens": 20429,
    "total_cost": 0.26967
}