{
    "commit": "2cc48abf54c3d93a64504c6274fa8277009e593f",
    "start_epoch": 1760763915.782004,
    "end_epoch": 1760763990.28754,
    "elapsed_seconds": 74.505536,
    "model": "gpt-4-0125-preview",
    "input_cost_per_token": 1e-05,
    "output_cost_per_token": 3e-05,
    "total_input_tokens": 11360,
    "total_output_tokens": 2897,
    "total_tokens": 14257,
    "total_cost": 0.20051
}