{
    "commit": "e633e6ade5d1a7d2328c7c5778994ef6a00a1227",
    "start_epoch": 1760549952.762155,
    "end_epoch": 1760549993.924968,
    "elapsed_seconds": 41.162813,
    "model": "gpt-4-0125-preview",
    "input_cost_per_token": 1e-05,
    "output_cost_per_token": 3e-05,
    "total_input_tokens": 6299,
    "total_output_tokens": 1235,
    "total_tokens": 7534,
    "total_cost": 0.10004
}