{
    "commit": "caed4da53de5f3dc3210b1e9ce9337c2fcbd5a04",
    "start_epoch": 1760503217.651805,
    "end_epoch": 1760503268.568088,
    "elapsed_seconds": 50.916283,
    "model": "gpt-4-0125-preview",
    "input_cost_per_token": 1e-05,
    "output_cost_per_token": 3e-05,
    "total_input_tokens": 7279,
    "total_output_tokens": 1984,
    "total_tokens": 9263,
    "total_cost": 0.13230999999999998
}