{
    "commit": "4e9ed3f1b3e8eefc0a8ba42baa43350d7c332501",
    "start_epoch": 1760700388.618373,
    "end_epoch": 1760700428.724416,
    "elapsed_seconds": 40.106043,
    "model": "gpt-4-0125-preview",
    "input_cost_per_token": 1e-05,
    "output_cost_per_token": 3e-05,
    "total_input_tokens": 5394,
    "total_output_tokens": 1438,
    "total_tokens": 6832,
    "total_cost": 0.09708000000000001
}