{
    "commit": "4cce5b8802343372a8cdf0e17e7a9b00e3e0796e",
    "start_epoch": 1760818856.36949,
    "end_epoch": 1760818945.059243,
    "elapsed_seconds": 88.689753,
    "model": "gpt-4-0125-preview",
    "input_cost_per_token": 1e-05,
    "output_cost_per_token": 3e-05,
    "total_input_tokens": 14445,
    "total_output_tokens": 3161,
    "total_tokens": 17606,
    "total_cost": 0.23928000000000002
}