{
    "commit": "9a602c0985ee8f223a60fc92b518729b82015d51",
    "start_epoch": 1760789824.78824,
    "end_epoch": 1760789906.240103,
    "elapsed_seconds": 81.451863,
    "model": "gpt-4-0125-preview",
    "input_cost_per_token": 1e-05,
    "output_cost_per_token": 3e-05,
    "total_input_tokens": 8280,
    "total_output_tokens": 3111,
    "total_tokens": 11391,
    "total_cost": 0.17613
}