{
    "commit": "8cbfcc10a493ff1d34b548b54c926856751be0f6",
    "start_epoch": 1760561871.940122,
    "end_epoch": 1760561966.338372,
    "elapsed_seconds": 94.39825,
    "model": "gpt-4-0125-preview",
    "input_cost_per_token": 1e-05,
    "output_cost_per_token": 3e-05,
    "total_input_tokens": 20172,
    "total_output_tokens": 3220,
    "total_tokens": 23392,
    "total_cost": 0.29832000000000003
}