{
    "commit": "063d63b239e7393457e4bd31b75faa6d6b4d6310",
    "start_epoch": 1760586769.398785,
    "end_epoch": 1760586849.081375,
    "elapsed_seconds": 79.68259,
    "model": "gpt-4-0125-preview",
    "input_cost_per_token": 1e-05,
    "output_cost_per_token": 3e-05,
    "total_input_tokens": 17878,
    "total_output_tokens": 2548,
    "total_tokens": 20426,
    "total_cost": 0.25522
}