{
    "commit": "94cbc658954be2af01b8cdbdda825e89d53d0bdf",
    "start_epoch": 1760697796.019119,
    "end_epoch": 1760697880.509624,
    "elapsed_seconds": 84.490505,
    "model": "gpt-4-0125-preview",
    "input_cost_per_token": 1e-05,
    "output_cost_per_token": 3e-05,
    "total_input_tokens": 21552,
    "total_output_tokens": 3211,
    "total_tokens": 24763,
    "total_cost": 0.31185000000000007
}