{
    "commit": "27982f0d5215669c3f721f62d7877ff571e5104c",
    "start_epoch": 1760802441.120311,
    "end_epoch": 1760802513.072679,
    "elapsed_seconds": 71.952368,
    "model": "gpt-4-0125-preview",
    "input_cost_per_token": 1e-05,
    "output_cost_per_token": 3e-05,
    "total_input_tokens": 12320,
    "total_output_tokens": 2786,
    "total_tokens": 15106,
    "total_cost": 0.20678
}