{
    "commit": "e60996d8940473150b092b47d784c0322f4360ea",
    "start_epoch": 1760541644.70283,
    "end_epoch": 1760541704.101175,
    "elapsed_seconds": 59.398345,
    "model": "gpt-4-0125-preview",
    "input_cost_per_token": 1e-05,
    "output_cost_per_token": 3e-05,
    "total_input_tokens": 20191,
    "total_output_tokens": 1958,
    "total_tokens": 22149,
    "total_cost": 0.26065000000000005
}