{
    "commit": "586ec4430683c66131c8a7b2ecb9f6984c0f7cce",
    "start_epoch": 1760695093.395791,
    "end_epoch": 1760695131.401008,
    "elapsed_seconds": 38.005217,
    "model": "gpt-4-0125-preview",
    "input_cost_per_token": 1e-05,
    "output_cost_per_token": 3e-05,
    "total_input_tokens": 4825,
    "total_output_tokens": 1186,
    "total_tokens": 6011,
    "total_cost": 0.08383000000000002
}