{
    "commit": "ea9716e876fa8ef214cb0c319035779864347e8c",
    "start_epoch": 1760553545.153144,
    "end_epoch": 1760553617.647699,
    "elapsed_seconds": 72.494555,
    "model": "gpt-4-0125-preview",
    "input_cost_per_token": 1e-05,
    "output_cost_per_token": 3e-05,
    "total_input_tokens": 6723,
    "total_output_tokens": 2196,
    "total_tokens": 8919,
    "total_cost": 0.13311
}