{
    "commit": "04a7f574e45f2d80400c60b8c927aa8b9e86efc3",
    "start_epoch": 1760498922.355336,
    "end_epoch": 1760499141.181371,
    "elapsed_seconds": 218.826035,
    "model": "gpt-4-0125-preview",
    "input_cost_per_token": 1e-05,
    "output_cost_per_token": 3e-05,
    "total_input_tokens": 49395,
    "total_output_tokens": 8161,
    "total_tokens": 57556,
    "total_cost": 0.7387799999999999
}