{
    "commit": "b0c436cf4ea5e40cfc2a9733ee267d3b31ed716e",
    "start_epoch": 1760778527.816183,
    "end_epoch": 1760778595.761883,
    "elapsed_seconds": 67.9457,
    "model": "gpt-4-0125-preview",
    "input_cost_per_token": 1e-05,
    "output_cost_per_token": 3e-05,
    "total_input_tokens": 18724,
    "total_output_tokens": 2173,
    "total_tokens": 20897,
    "total_cost": 0.25243
}