{
    "commit": "3ce312c2d8020687ab9398500c211161cb216463",
    "start_epoch": 1760800875.849689,
    "end_epoch": 1760801003.867804,
    "elapsed_seconds": 128.018115,
    "model": "gpt-4-0125-preview",
    "input_cost_per_token": 1e-05,
    "output_cost_per_token": 3e-05,
    "total_input_tokens": 60070,
    "total_output_tokens": 4610,
    "total_tokens": 64680,
    "total_cost": 0.7390000000000001
}