{
    "commit": "938527e458b2697737b7bd48c02caa34e2b63c0b",
    "start_epoch": 1760542054.988425,
    "end_epoch": 1760542168.853508,
    "elapsed_seconds": 113.865083,
    "model": "gpt-4-0125-preview",
    "input_cost_per_token": 1e-05,
    "output_cost_per_token": 3e-05,
    "total_input_tokens": 37083,
    "total_output_tokens": 3495,
    "total_tokens": 40578,
    "total_cost": 0.47568000000000005
}