{
    "commit": "e127050bfa6a0f548d9c3738e2307a6ac2a5d336",
    "start_epoch": 1760570839.458876,
    "end_epoch": 1760570913.98973,
    "elapsed_seconds": 74.530854,
    "model": "gpt-4-0125-preview",
    "input_cost_per_token": 1e-05,
    "output_cost_per_token": 3e-05,
    "total_input_tokens": 21991,
    "total_output_tokens": 2908,
    "total_tokens": 24899,
    "total_cost": 0.30715000000000003
}