{
    "commit": "9c5a6176943bf058583547f2f356c1eb10f94336",
    "start_epoch": 1760529615.039871,
    "end_epoch": 1760529676.029284,
    "elapsed_seconds": 60.989413,
    "model": "gpt-4-0125-preview",
    "input_cost_per_token": 1e-05,
    "output_cost_per_token": 3e-05,
    "total_input_tokens": 21816,
    "total_output_tokens": 1697,
    "total_tokens": 23513,
    "total_cost": 0.26907
}