{
    "commit": "3241250ba4879d752a4b5b470349a995fa8de6f9",
    "start_epoch": 1760768515.401741,
    "end_epoch": 1760768715.467359,
    "elapsed_seconds": 200.065618,
    "model": "gpt-4-0125-preview",
    "input_cost_per_token": 1e-05,
    "output_cost_per_token": 3e-05,
    "total_input_tokens": 46706,
    "total_output_tokens": 7837,
    "total_tokens": 54543,
    "total_cost": 0.7021700000000002
}