{
    "commit": "4ae2275727c511f5612adc980a26d36222f4f2c6",
    "start_epoch": 1760790598.088555,
    "end_epoch": 1760790652.001825,
    "elapsed_seconds": 53.91327,
    "model": "gpt-4-0125-preview",
    "input_cost_per_token": 1e-05,
    "output_cost_per_token": 3e-05,
    "total_input_tokens": 10827,
    "total_output_tokens": 1789,
    "total_tokens": 12616,
    "total_cost": 0.16193999999999997
}