{
    "commit": "266af927059be8726192bb87398a21edde7ce50e",
    "start_epoch": 1760548107.447425,
    "end_epoch": 1760548227.112219,
    "elapsed_seconds": 119.664794,
    "model": "gpt-4-0125-preview",
    "input_cost_per_token": 1e-05,
    "output_cost_per_token": 3e-05,
    "total_input_tokens": 16987,
    "total_output_tokens": 4133,
    "total_tokens": 21120,
    "total_cost": 0.29385999999999995
}