{
    "commit": "16159f34c6b00ca08898ecbd095de68ecb23ccd9",
    "start_epoch": 1760785306.268894,
    "end_epoch": 1760785355.997982,
    "elapsed_seconds": 49.729088,
    "model": "gpt-4-0125-preview",
    "input_cost_per_token": 1e-05,
    "output_cost_per_token": 3e-05,
    "total_input_tokens": 8700,
    "total_output_tokens": 1880,
    "total_tokens": 10580,
    "total_cost": 0.1434
}