{
    "commit": "e1c4997ca97b266b65fab3b8d5f6de4f87839a59",
    "start_epoch": 1760809192.70987,
    "end_epoch": 1760809277.662525,
    "elapsed_seconds": 84.952655,
    "model": "gpt-4-0125-preview",
    "input_cost_per_token": 1e-05,
    "output_cost_per_token": 3e-05,
    "total_input_tokens": 11441,
    "total_output_tokens": 3281,
    "total_tokens": 14722,
    "total_cost": 0.21284
}