{
    "commit": "79f74c43aca45c19198aa853f43a04af2b425dbf",
    "start_epoch": 1760793170.584801,
    "end_epoch": 1760793271.69719,
    "elapsed_seconds": 101.112389,
    "model": "gpt-4-0125-preview",
    "input_cost_per_token": 1e-05,
    "output_cost_per_token": 3e-05,
    "total_input_tokens": 12264,
    "total_output_tokens": 4162,
    "total_tokens": 16426,
    "total_cost": 0.24750000000000003
}