{
    "commit": "d4b7e8806f47ccb1672c3522edcee3e31696bdba",
    "start_epoch": 1760561753.254854,
    "end_epoch": 1760561807.543838,
    "elapsed_seconds": 54.288984,
    "model": "gpt-4-0125-preview",
    "input_cost_per_token": 1e-05,
    "output_cost_per_token": 3e-05,
    "total_input_tokens": 18152,
    "total_output_tokens": 1818,
    "total_tokens": 19970,
    "total_cost": 0.23606
}