{
    "commit": "ef16e94aa54ccdc20022b5eee784637e33ac8cdd",
    "start_epoch": 1760721343.44451,
    "end_epoch": 1760721481.088333,
    "elapsed_seconds": 137.643823,
    "model": "gpt-4-0125-preview",
    "input_cost_per_token": 1e-05,
    "output_cost_per_token": 3e-05,
    "total_input_tokens": 21445,
    "total_output_tokens": 5325,
    "total_tokens": 26770,
    "total_cost": 0.37420000000000003
}