{
    "commit": "8462903975e2a072119e7fe8cbcc38e6c3b996bb",
    "start_epoch": 1760501743.42739,
    "end_epoch": 1760501854.97279,
    "elapsed_seconds": 111.5454,
    "model": "gpt-4-0125-preview",
    "input_cost_per_token": 1e-05,
    "output_cost_per_token": 3e-05,
    "total_input_tokens": 11265,
    "total_output_tokens": 4247,
    "total_tokens": 15512,
    "total_cost": 0.24006000000000002
}