{
    "commit": "e774abe357b0bf32c2fa204863bfac70288c7ecb",
    "start_epoch": 1760764890.938559,
    "end_epoch": 1760765013.299793,
    "elapsed_seconds": 122.361234,
    "model": "gpt-4-0125-preview",
    "input_cost_per_token": 1e-05,
    "output_cost_per_token": 3e-05,
    "total_input_tokens": 32485,
    "total_output_tokens": 4961,
    "total_tokens": 37446,
    "total_cost": 0.47368
}