{
    "commit": "f1f55185bece852a0428eeea1d93a5fb61a27b6f",
    "start_epoch": 1760750025.623852,
    "end_epoch": 1760750072.424286,
    "elapsed_seconds": 46.800434,
    "model": "gpt-4-0125-preview",
    "input_cost_per_token": 1e-05,
    "output_cost_per_token": 3e-05,
    "total_input_tokens": 8187,
    "total_output_tokens": 1763,
    "total_tokens": 9950,
    "total_cost": 0.13476000000000002
}