{
    "commit": "18487e58a19ff91b3b42e35d77037b60b5d1938a",
    "start_epoch": 1760744827.342999,
    "end_epoch": 1760744877.144242,
    "elapsed_seconds": 49.801243,
    "model": "gpt-4-0125-preview",
    "input_cost_per_token": 1e-05,
    "output_cost_per_token": 3e-05,
    "total_input_tokens": 5832,
    "total_output_tokens": 1903,
    "total_tokens": 7735,
    "total_cost": 0.11541000000000001
}