{
    "commit": "d789179fc802f631d8e313d347132ca8af006b49",
    "start_epoch": 1760717454.420984,
    "end_epoch": 1760717517.416022,
    "elapsed_seconds": 62.995038,
    "model": "gpt-4-0125-preview",
    "input_cost_per_token": 1e-05,
    "output_cost_per_token": 3e-05,
    "total_input_tokens": 5782,
    "total_output_tokens": 1517,
    "total_tokens": 7299,
    "total_cost": 0.10333
}