{
    "commit": "dea62d0f816ce739dc11ca6e5faec89432666502",
    "start_epoch": 1760539457.414605,
    "end_epoch": 1760539542.5667,
    "elapsed_seconds": 85.152095,
    "model": "gpt-4-0125-preview",
    "input_cost_per_token": 1e-05,
    "output_cost_per_token": 3e-05,
    "total_input_tokens": 26698,
    "total_output_tokens": 2489,
    "total_tokens": 29187,
    "total_cost": 0.34165
}