{
    "commit": "705e0d916192e0bd2b9b08c68957dc3b52525eb9",
    "start_epoch": 1760546376.203496,
    "end_epoch": 1760546417.387334,
    "elapsed_seconds": 41.183838,
    "model": "gpt-4-0125-preview",
    "input_cost_per_token": 1e-05,
    "output_cost_per_token": 3e-05,
    "total_input_tokens": 7614,
    "total_output_tokens": 1382,
    "total_tokens": 8996,
    "total_cost": 0.11760000000000001
}