{
    "commit": "1650e7d813ec3aaf5854674d57c2725498822917",
    "start_epoch": 1760805834.054975,
    "end_epoch": 1760805877.17896,
    "elapsed_seconds": 43.123985,
    "model": "gpt-4-0125-preview",
    "input_cost_per_token": 1e-05,
    "output_cost_per_token": 3e-05,
    "total_input_tokens": 6159,
    "total_output_tokens": 1594,
    "total_tokens": 7753,
    "total_cost": 0.10941
}