{
    "commit": "cbf1e6533268dc996b33c1965933df8fceb30400",
    "start_epoch": 1760519433.375414,
    "end_epoch": 1760519593.653414,
    "elapsed_seconds": 160.278,
    "model": "gpt-4-0125-preview",
    "input_cost_per_token": 1e-05,
    "output_cost_per_token": 3e-05,
    "total_input_tokens": 42503,
    "total_output_tokens": 4812,
    "total_tokens": 47315,
    "total_cost": 0.5693900000000002
}