{
    "commit": "1af6c74c8cc20f82bfe95b155808159c386d938d",
    "start_epoch": 1760780984.3982,
    "end_epoch": 1760781067.611542,
    "elapsed_seconds": 83.213342,
    "model": "gpt-4-0125-preview",
    "input_cost_per_token": 1e-05,
    "output_cost_per_token": 3e-05,
    "total_input_tokens": 41993,
    "total_output_tokens": 3171,
    "total_tokens": 45164,
    "total_cost": 0.5150600000000001
}