{
    "commit": "5f2d98e22f181af8cc4fc09c2ed7a8a73c2f7def",
    "start_epoch": 1760712008.865414,
    "end_epoch": 1760712099.969141,
    "elapsed_seconds": 91.103727,
    "model": "gpt-4-0125-preview",
    "input_cost_per_token": 1e-05,
    "output_cost_per_token": 3e-05,
    "total_input_tokens": 21400,
    "total_output_tokens": 3242,
    "total_tokens": 24642,
    "total_cost": 0.31126
}