{
    "commit": "a3a4a99e2b5313b49532cb0c39b16d9db2bd1b24",
    "start_epoch": 1760805064.497554,
    "end_epoch": 1760805128.799624,
    "elapsed_seconds": 64.30207,
    "model": "gpt-4-0125-preview",
    "input_cost_per_token": 1e-05,
    "output_cost_per_token": 3e-05,
    "total_input_tokens": 15618,
    "total_output_tokens": 2549,
    "total_tokens": 18167,
    "total_cost": 0.23265
}