{
    "commit": "62d3d46d7cb56ad4e60f0ba7aeb7d1ddae11b43f",
    "start_epoch": 1760772796.232018,
    "end_epoch": 1760772891.588481,
    "elapsed_seconds": 95.356463,
    "model": "gpt-4-0125-preview",
    "input_cost_per_token": 1e-05,
    "output_cost_per_token": 3e-05,
    "total_input_tokens": 20557,
    "total_output_tokens": 3588,
    "total_tokens": 24145,
    "total_cost": 0.31321000000000004
}