{
    "commit": "b0bd277c4889ee0fe1540b434bec79cb9b7bd81f",
    "start_epoch": 1760771377.158006,
    "end_epoch": 1760771477.042211,
    "elapsed_seconds": 99.884205,
    "model": "gpt-4-0125-preview",
    "input_cost_per_token": 1e-05,
    "output_cost_per_token": 3e-05,
    "total_input_tokens": 15886,
    "total_output_tokens": 4220,
    "total_tokens": 20106,
    "total_cost": 0.28546000000000005
}