{
    "commit": "b69df59e90b25fbc94615fc9e9b2bc23ca3f9afc",
    "start_epoch": 1760521334.244973,
    "end_epoch": 1760521466.082889,
    "elapsed_seconds": 131.837916,
    "model": "gpt-4-0125-preview",
    "input_cost_per_token": 1e-05,
    "output_cost_per_token": 3e-05,
    "total_input_tokens": 29451,
    "total_output_tokens": 4295,
    "total_tokens": 33746,
    "total_cost": 0.42336000000000007
}