{
    "commit": "b478b1605bbad11089916af22ab17087097db281",
    "start_epoch": 1760810841.458161,
    "end_epoch": 1760810949.77431,
    "elapsed_seconds": 108.316149,
    "model": "gpt-4-0125-preview",
    "input_cost_per_token": 1e-05,
    "output_cost_per_token": 3e-05,
    "total_input_tokens": 11614,
    "total_output_tokens": 3947,
    "total_tokens": 15561,
    "total_cost": 0.23455000000000006
}