{
    "commit": "95c8e575a3ebce22df351bc3bb7b6c3db090a800",
    "start_epoch": 1760779589.537845,
    "end_epoch": 1760779676.088051,
    "elapsed_seconds": 86.550206,
    "model": "gpt-4-0125-preview",
    "input_cost_per_token": 1e-05,
    "output_cost_per_token": 3e-05,
    "total_input_tokens": 13898,
    "total_output_tokens": 3192,
    "total_tokens": 17090,
    "total_cost": 0.23474000000000003
}