{
    "commit": "a12fdafcd0230f577adf75ffe974aa277d4fca61",
    "start_epoch": 1760779112.764324,
    "end_epoch": 1760779200.726659,
    "elapsed_seconds": 87.962335,
    "model": "gpt-4-0125-preview",
    "input_cost_per_token": 1e-05,
    "output_cost_per_token": 3e-05,
    "total_input_tokens": 19484,
    "total_output_tokens": 2981,
    "total_tokens": 22465,
    "total_cost": 0.28427
}