{
    "commit": "e3d9aeb6d3f4abcccdaaf73a8c7f616e3c3db19f",
    "start_epoch": 1760816688.400977,
    "end_epoch": 1760816781.794064,
    "elapsed_seconds": 93.393087,
    "model": "gpt-4-0125-preview",
    "input_cost_per_token": 1e-05,
    "output_cost_per_token": 3e-05,
    "total_input_tokens": 17425,
    "total_output_tokens": 3203,
    "total_tokens": 20628,
    "total_cost": 0.27033999999999997
}