{
    "commit": "e7171676c62bcfe70197cf69bcbbb631ef6a56c2",
    "start_epoch": 1760555614.41711,
    "end_epoch": 1760555660.696843,
    "elapsed_seconds": 46.279733,
    "model": "gpt-4-0125-preview",
    "input_cost_per_token": 1e-05,
    "output_cost_per_token": 3e-05,
    "total_input_tokens": 7066,
    "total_output_tokens": 1456,
    "total_tokens": 8522,
    "total_cost": 0.11434000000000002
}