{
    "commit": "959144a4734ce89093d32ceb039bbbb8b7fbae14",
    "start_epoch": 1760587255.393102,
    "end_epoch": 1760587324.415534,
    "elapsed_seconds": 69.022432,
    "model": "gpt-4-0125-preview",
    "input_cost_per_token": 1e-05,
    "output_cost_per_token": 3e-05,
    "total_input_tokens": 7180,
    "total_output_tokens": 2113,
    "total_tokens": 9293,
    "total_cost": 0.13519
}