{
    "commit": "0aeb6c5bb634fd8595af1862fec732528e1b9b16",
    "start_epoch": 1760822025.759292,
    "end_epoch": 1760822216.05524,
    "elapsed_seconds": 190.295948,
    "model": "gpt-4-0125-preview",
    "input_cost_per_token": 1e-05,
    "output_cost_per_token": 3e-05,
    "total_input_tokens": 58600,
    "total_output_tokens": 5921,
    "total_tokens": 64521,
    "total_cost": 0.7636299999999999
}