{
    "commit": "697fee40d4a8cbfbda7fc0d258b12e057763477e",
    "start_epoch": 1760815674.660515,
    "end_epoch": 1760815725.701816,
    "elapsed_seconds": 51.041301,
    "model": "gpt-4-0125-preview",
    "input_cost_per_token": 1e-05,
    "output_cost_per_token": 3e-05,
    "total_input_tokens": 7236,
    "total_output_tokens": 1565,
    "total_tokens": 8801,
    "total_cost": 0.11931000000000001
}