{
    "commit": "f49b1e1ff6b73f97c0f7910d406b4fbae8bccc22",
    "start_epoch": 1760528400.55568,
    "end_epoch": 1760528535.148168,
    "elapsed_seconds": 134.592488,
    "model": "gpt-4-0125-preview",
    "input_cost_per_token": 1e-05,
    "output_cost_per_token": 3e-05,
    "total_input_tokens": 19589,
    "total_output_tokens": 4951,
    "total_tokens": 24540,
    "total_cost": 0.34442000000000006
}