{
    "commit": "a26a1812b6da24ea270326fa24ca2210299ab757",
    "start_epoch": 1760696288.642931,
    "end_epoch": 1760696326.957106,
    "elapsed_seconds": 38.314175,
    "model": "gpt-4-0125-preview",
    "input_cost_per_token": 1e-05,
    "output_cost_per_token": 3e-05,
    "total_input_tokens": 5206,
    "total_output_tokens": 1339,
    "total_tokens": 6545,
    "total_cost": 0.09223
}