{
    "commit": "0db2697b27e431f64a5eeaa5a36b6dd145e5d58d",
    "start_epoch": 1760524925.789759,
    "end_epoch": 1760524998.802475,
    "elapsed_seconds": 73.012716,
    "model": "gpt-4-0125-preview",
    "input_cost_per_token": 1e-05,
    "output_cost_per_token": 3e-05,
    "total_input_tokens": 10746,
    "total_output_tokens": 2521,
    "total_tokens": 13267,
    "total_cost": 0.18309
}