{
    "commit": "aea81c097d64c423acc63c123c563d430a85cb80",
    "start_epoch": 1760530011.017899,
    "end_epoch": 1760530105.332329,
    "elapsed_seconds": 94.31443,
    "model": "gpt-4-0125-preview",
    "input_cost_per_token": 1e-05,
    "output_cost_per_token": 3e-05,
    "total_input_tokens": 17695,
    "total_output_tokens": 3106,
    "total_tokens": 20801,
    "total_cost": 0.27013000000000004
}