{
    "commit": "b302e260eea0b067da2591f65b94e4d330b4a04e",
    "start_epoch": 1760578384.408106,
    "end_epoch": 1760578448.343203,
    "elapsed_seconds": 63.935097,
    "model": "gpt-4-0125-preview",
    "input_cost_per_token": 1e-05,
    "output_cost_per_token": 3e-05,
    "total_input_tokens": 8277,
    "total_output_tokens": 2397,
    "total_tokens": 10674,
    "total_cost": 0.15468
}