{
    "commit": "8e59b18c31cb15f6771585adb0cf77cf5263d93d",
    "start_epoch": 1760712290.191714,
    "end_epoch": 1760712360.81035,
    "elapsed_seconds": 70.618636,
    "model": "gpt-4-0125-preview",
    "input_cost_per_token": 1e-05,
    "output_cost_per_token": 3e-05,
    "total_input_tokens": 14453,
    "total_output_tokens": 2380,
    "total_tokens": 16833,
    "total_cost": 0.21592999999999998
}