{
    "commit": "05c0337a6029403d48989aad5eebf50b9ba3e88e",
    "start_epoch": 1760755598.519456,
    "end_epoch": 1760755716.912115,
    "elapsed_seconds": 118.392659,
    "model": "gpt-4-0125-preview",
    "input_cost_per_token": 1e-05,
    "output_cost_per_token": 3e-05,
    "total_input_tokens": 20023,
    "total_output_tokens": 4342,
    "total_tokens": 24365,
    "total_cost": 0.33049000000000006
}