{
    "commit": "18a8b343feb9f1b54451452ce58bb56dc5177d06",
    "start_epoch": 1760812922.529788,
    "end_epoch": 1760813069.746133,
    "elapsed_seconds": 147.216345,
    "model": "gpt-4-0125-preview",
    "input_cost_per_token": 1e-05,
    "output_cost_per_token": 3e-05,
    "total_input_tokens": 28714,
    "total_output_tokens": 5640,
    "total_tokens": 34354,
    "total_cost": 0.4563400000000001
}