{
    "commit": "a466e84be4d777e9ca45a1b1043da8f2c97efe72",
    "start_epoch": 1760516092.76934,
    "end_epoch": 1760516176.348672,
    "elapsed_seconds": 83.579332,
    "model": "gpt-4-0125-preview",
    "input_cost_per_token": 1e-05,
    "output_cost_per_token": 3e-05,
    "total_input_tokens": 14649,
    "total_output_tokens": 2694,
    "total_tokens": 17343,
    "total_cost": 0.22731
}