{
    "commit": "70c516648fdde272d32cd3f8865b27051c0fe96b",
    "start_epoch": 1760765728.517956,
    "end_epoch": 1760765768.482135,
    "elapsed_seconds": 39.964179,
    "model": "gpt-4-0125-preview",
    "input_cost_per_token": 1e-05,
    "output_cost_per_token": 3e-05,
    "total_input_tokens": 6335,
    "total_output_tokens": 1267,
    "total_tokens": 7602,
    "total_cost": 0.10136
}