{
    "commit": "f17d5651aec75b2b677131ce9073f06548da4994",
    "start_epoch": 1760793442.272192,
    "end_epoch": 1760793480.775719,
    "elapsed_seconds": 38.503527,
    "model": "gpt-4-0125-preview",
    "input_cost_per_token": 1e-05,
    "output_cost_per_token": 3e-05,
    "total_input_tokens": 6022,
    "total_output_tokens": 1322,
    "total_tokens": 7344,
    "total_cost": 0.09988000000000001
}