{
    "commit": "c0b35f443261318eee646e48ed4bd58001405fd8",
    "start_epoch": 1760571809.504339,
    "end_epoch": 1760571914.005883,
    "elapsed_seconds": 104.501544,
    "model": "gpt-4-0125-preview",
    "input_cost_per_token": 1e-05,
    "output_cost_per_token": 3e-05,
    "total_input_tokens": 19185,
    "total_output_tokens": 3969,
    "total_tokens": 23154,
    "total_cost": 0.31092000000000003
}