{
    "commit": "c2c7f7893a161612ba853665b18ddad5de514412",
    "start_epoch": 1760798104.640281,
    "end_epoch": 1760798172.684324,
    "elapsed_seconds": 68.044043,
    "model": "gpt-4-0125-preview",
    "input_cost_per_token": 1e-05,
    "output_cost_per_token": 3e-05,
    "total_input_tokens": 13881,
    "total_output_tokens": 2739,
    "total_tokens": 16620,
    "total_cost": 0.22098
}