{
    "commit": "2b267f2d6b08e1e79a76f754ab13288a6bb12f6c",
    "start_epoch": 1760777687.314567,
    "end_epoch": 1760777744.418404,
    "elapsed_seconds": 57.103837,
    "model": "gpt-4-0125-preview",
    "input_cost_per_token": 1e-05,
    "output_cost_per_token": 3e-05,
    "total_input_tokens": 11273,
    "total_output_tokens": 1770,
    "total_tokens": 13043,
    "total_cost": 0.16583000000000003
}