{
    "commit": "f8215059fc97f5ff39b692fd1a9610f6bc180df6",
    "start_epoch": 1760784657.142658,
    "end_epoch": 1760784709.627399,
    "elapsed_seconds": 52.484741,
    "model": "gpt-4-0125-preview",
    "input_cost_per_token": 1e-05,
    "output_cost_per_token": 3e-05,
    "total_input_tokens": 24147,
    "total_output_tokens": 1847,
    "total_tokens": 25994,
    "total_cost": 0.29688000000000003
}