{
    "commit": "96c02790786f8fd2bf87e504e35d306747d323a5",
    "start_epoch": 1760496517.840368,
    "end_epoch": 1760496601.081344,
    "elapsed_seconds": 83.240976,
    "model": "gpt-4-0125-preview",
    "input_cost_per_token": 1e-05,
    "output_cost_per_token": 3e-05,
    "total_input_tokens": 11048,
    "total_output_tokens": 2972,
    "total_tokens": 14020,
    "total_cost": 0.19964000000000004
}