{
    "commit": "9b5add2ae180b9c5eb02ee2649d2d3e44f08dbf4",
    "start_epoch": 1760765270.133218,
    "end_epoch": 1760765318.565237,
    "elapsed_seconds": 48.432019,
    "model": "gpt-4-0125-preview",
    "input_cost_per_token": 1e-05,
    "output_cost_per_token": 3e-05,
    "total_input_tokens": 5679,
    "total_output_tokens": 2030,
    "total_tokens": 7709,
    "total_cost": 0.11769000000000002
}