{
    "commit": "88fd4db4b0570eea89f6595b4c4a73be838c1243",
    "start_epoch": 1760789906.418724,
    "end_epoch": 1760789951.421767,
    "elapsed_seconds": 45.003043,
    "model": "gpt-4-0125-preview",
    "input_cost_per_token": 1e-05,
    "output_cost_per_token": 3e-05,
    "total_input_tokens": 5818,
    "total_output_tokens": 1629,
    "total_tokens": 7447,
    "total_cost": 0.10705
}