{
    "commit": "4f4450e44b71c783462b7312d8a968a8a3cc1b6b",
    "start_epoch": 1760812212.189783,
    "end_epoch": 1760812344.412692,
    "elapsed_seconds": 132.222909,
    "model": "gpt-4-0125-preview",
    "input_cost_per_token": 1e-05,
    "output_cost_per_token": 3e-05,
    "total_input_tokens": 20968,
    "total_output_tokens": 5258,
    "total_tokens": 26226,
    "total_cost": 0.3674200000000001
}