{
    "commit": "7ffd9f771bc5884e180542450d229df89e3c50cd",
    "start_epoch": 1760729691.08636,
    "end_epoch": 1760729786.787396,
    "elapsed_seconds": 95.701036,
    "model": "gpt-4-0125-preview",
    "input_cost_per_token": 1e-05,
    "output_cost_per_token": 3e-05,
    "total_input_tokens": 13070,
    "total_output_tokens": 3431,
    "total_tokens": 16501,
    "total_cost": 0.23363
}