{
    "commit": "ad188ba3af034626c833e029a97a1057debc28fa",
    "start_epoch": 1760788967.874964,
    "end_epoch": 1760789009.964693,
    "elapsed_seconds": 42.089729,
    "model": "gpt-4-0125-preview",
    "input_cost_per_token": 1e-05,
    "output_cost_per_token": 3e-05,
    "total_input_tokens": 5916,
    "total_output_tokens": 1417,
    "total_tokens": 7333,
    "total_cost": 0.10167
}