{
    "commit": "4de2967ff5a6178657bfc88a859914428501f87b",
    "start_epoch": 1760797937.016121,
    "end_epoch": 1760798007.80644,
    "elapsed_seconds": 70.790319,
    "model": "gpt-4-0125-preview",
    "input_cost_per_token": 1e-05,
    "output_cost_per_token": 3e-05,
    "total_input_tokens": 20163,
    "total_output_tokens": 2480,
    "total_tokens": 22643,
    "total_cost": 0.27603000000000005
}