{
    "commit": "9d951338f38210b67b9369cecba1adf85e97c74c",
    "start_epoch": 1760740605.650767,
    "end_epoch": 1760740647.915162,
    "elapsed_seconds": 42.264395,
    "model": "gpt-4-0125-preview",
    "input_cost_per_token": 1e-05,
    "output_cost_per_token": 3e-05,
    "total_input_tokens": 5557,
    "total_output_tokens": 1693,
    "total_tokens": 7250,
    "total_cost": 0.10636
}