{
    "commit": "7752fe96961ccf365d39d7cfdd1f68f05015bb07",
    "start_epoch": 1760514705.421347,
    "end_epoch": 1760514801.335794,
    "elapsed_seconds": 95.914447,
    "model": "gpt-4-0125-preview",
    "input_cost_per_token": 1e-05,
    "output_cost_per_token": 3e-05,
    "total_input_tokens": 23689,
    "total_output_tokens": 3498,
    "total_tokens": 27187,
    "total_cost": 0.34183
}