{
    "commit": "035e9a3a74a4a814829a566417e81de995c64287",
    "start_epoch": 1760792526.688666,
    "end_epoch": 1760792581.619063,
    "elapsed_seconds": 54.930397,
    "model": "gpt-4-0125-preview",
    "input_cost_per_token": 1e-05,
    "output_cost_per_token": 3e-05,
    "total_input_tokens": 7404,
    "total_output_tokens": 1865,
    "total_tokens": 9269,
    "total_cost": 0.12999000000000002
}