{
    "commit": "76769a4735041af325467177f86f0814556df18b",
    "start_epoch": 1760745290.156528,
    "end_epoch": 1760745370.826727,
    "elapsed_seconds": 80.670199,
    "model": "gpt-4-0125-preview",
    "input_cost_per_token": 1e-05,
    "output_cost_per_token": 3e-05,
    "total_input_tokens": 26704,
    "total_output_tokens": 3191,
    "total_tokens": 29895,
    "total_cost": 0.36277000000000004
}