{
    "commit": "a67e2337c419b3e22c2742d292ff5455cbe4aed1",
    "start_epoch": 1760806051.828475,
    "end_epoch": 1760806131.404049,
    "elapsed_seconds": 79.575574,
    "model": "gpt-4-0125-preview",
    "input_cost_per_token": 1e-05,
    "output_cost_per_token": 3e-05,
    "total_input_tokens": 10696,
    "total_output_tokens": 2950,
    "total_tokens": 13646,
    "total_cost": 0.19546000000000002
}