{
    "commit": "f309f25b154be41e5a84bfd68cb3b53731c25dd7",
    "start_epoch": 1760580995.181245,
    "end_epoch": 1760581107.168498,
    "elapsed_seconds": 111.987253,
    "model": "gpt-4-0125-preview",
    "input_cost_per_token": 1e-05,
    "output_cost_per_token": 3e-05,
    "total_input_tokens": 28285,
    "total_output_tokens": 3473,
    "total_tokens": 31758,
    "total_cost": 0.38703999999999994
}