{
    "commit": "93622312426f67652a06854745ebc9c6dbee6f65",
    "start_epoch": 1760504897.797092,
    "end_epoch": 1760504948.239958,
    "elapsed_seconds": 50.442866,
    "model": "gpt-4-0125-preview",
    "input_cost_per_token": 1e-05,
    "output_cost_per_token": 3e-05,
    "total_input_tokens": 6014,
    "total_output_tokens": 1674,
    "total_tokens": 7688,
    "total_cost": 0.11036000000000001
}