{
    "commit": "091276bb39d67db46ea5111597747be76a115ae7",
    "start_epoch": 1760745573.220685,
    "end_epoch": 1760745622.915609,
    "elapsed_seconds": 49.694924,
    "model": "gpt-4-0125-preview",
    "input_cost_per_token": 1e-05,
    "output_cost_per_token": 3e-05,
    "total_input_tokens": 5260,
    "total_output_tokens": 1363,
    "total_tokens": 6623,
    "total_cost": 0.09349000000000002
}