{
    "commit": "ddfa079ad231b24730580257c3860e1ecfa92ec3",
    "start_epoch": 1760701631.393044,
    "end_epoch": 1760701680.985558,
    "elapsed_seconds": 49.592514,
    "model": "gpt-4-0125-preview",
    "input_cost_per_token": 1e-05,
    "output_cost_per_token": 3e-05,
    "total_input_tokens": 5561,
    "total_output_tokens": 1613,
    "total_tokens": 7174,
    "total_cost": 0.104
}