{
    "commit": "e102661056a3fbcb1a55b75c691583dab2d0e233",
    "start_epoch": 1760516476.532955,
    "end_epoch": 1760516524.400877,
    "elapsed_seconds": 47.867922,
    "model": "gpt-4-0125-preview",
    "input_cost_per_token": 1e-05,
    "output_cost_per_token": 3e-05,
    "total_input_tokens": 6976,
    "total_output_tokens": 1812,
    "total_tokens": 8788,
    "total_cost": 0.12412000000000001
}