{
    "commit": "dda2721c56522eb72e3653fce1cc27d58d731a99",
    "start_epoch": 1760734358.972976,
    "end_epoch": 1760734456.888911,
    "elapsed_seconds": 97.915935,
    "model": "gpt-4-0125-preview",
    "input_cost_per_token": 1e-05,
    "output_cost_per_token": 3e-05,
    "total_input_tokens": 13048,
    "total_output_tokens": 3422,
    "total_tokens": 16470,
    "total_cost": 0.23314000000000001
}