{
    "commit": "034d0783974f151fcb875fb5b49bd0950e7b4466",
    "start_epoch": 1760697450.258923,
    "end_epoch": 1760697562.041968,
    "elapsed_seconds": 111.783045,
    "model": "gpt-4-0125-preview",
    "input_cost_per_token": 1e-05,
    "output_cost_per_token": 3e-05,
    "total_input_tokens": 14818,
    "total_output_tokens": 4291,
    "total_tokens": 19109,
    "total_cost": 0.27691000000000004
}