{
    "commit": "8f5cafaea8f0efb6214e130d7d9f5e94650cd86f",
    "start_epoch": 1760704489.801389,
    "end_epoch": 1760704531.84152,
    "elapsed_seconds": 42.040131,
    "model": "gpt-4-0125-preview",
    "input_cost_per_token": 1e-05,
    "output_cost_per_token": 3e-05,
    "total_input_tokens": 5737,
    "total_output_tokens": 1423,
    "total_tokens": 7160,
    "total_cost": 0.10006000000000001
}