{
    "commit": "8d925a7afa7f80808c265ae295e803db0804bdc2",
    "start_epoch": 1760718042.034179,
    "end_epoch": 1760718093.514349,
    "elapsed_seconds": 51.48017,
    "model": "gpt-4-0125-preview",
    "input_cost_per_token": 1e-05,
    "output_cost_per_token": 3e-05,
    "total_input_tokens": 8655,
    "total_output_tokens": 1812,
    "total_tokens": 10467,
    "total_cost": 0.14091
}