{
    "commit": "38acc5e8f2dbaf222203e71879e7b40d2c93fe22",
    "start_epoch": 1760777919.220758,
    "end_epoch": 1760777981.85878,
    "elapsed_seconds": 62.638022,
    "model": "gpt-4-0125-preview",
    "input_cost_per_token": 1e-05,
    "output_cost_per_token": 3e-05,
    "total_input_tokens": 10071,
    "total_output_tokens": 2043,
    "total_tokens": 12114,
    "total_cost": 0.16200000000000003
}