{
    "commit": "8e5a97ef5f09af63414ef30abc463feded369472",
    "start_epoch": 1760580165.163055,
    "end_epoch": 1760580298.651817,
    "elapsed_seconds": 133.488762,
    "model": "gpt-4-0125-preview",
    "input_cost_per_token": 1e-05,
    "output_cost_per_token": 3e-05,
    "total_input_tokens": 25075,
    "total_output_tokens": 4893,
    "total_tokens": 29968,
    "total_cost": 0.39753999999999995
}