{
    "commit": "fdc9058ddd7b83824d2686508c5d498566cd2264",
    "start_epoch": 1760720435.378192,
    "end_epoch": 1760720548.982639,
    "elapsed_seconds": 113.604447,
    "model": "gpt-4-0125-preview",
    "input_cost_per_token": 1e-05,
    "output_cost_per_token": 3e-05,
    "total_input_tokens": 15472,
    "total_output_tokens": 3826,
    "total_tokens": 19298,
    "total_cost": 0.2695
}