{
    "commit": "1ee2775752ccdfa54eae640522c748b33d321e98",
    "start_epoch": 1760785643.147997,
    "end_epoch": 1760785717.109063,
    "elapsed_seconds": 73.961066,
    "model": "gpt-4-0125-preview",
    "input_cost_per_token": 1e-05,
    "output_cost_per_token": 3e-05,
    "total_input_tokens": 14232,
    "total_output_tokens": 3156,
    "total_tokens": 17388,
    "total_cost": 0.23700000000000002
}