{
    "commit": "0bcf2593654a40826608cb55710fcbc56e3b637d",
    "start_epoch": 1760702616.716596,
    "end_epoch": 1760702712.140614,
    "elapsed_seconds": 95.424018,
    "model": "gpt-4-0125-preview",
    "input_cost_per_token": 1e-05,
    "output_cost_per_token": 3e-05,
    "total_input_tokens": 23812,
    "total_output_tokens": 3404,
    "total_tokens": 27216,
    "total_cost": 0.34024000000000004
}