{
    "commit": "c7cb1ee7d78310b3c67915ce28b617f5069fa46d",
    "start_epoch": 1760703572.235275,
    "end_epoch": 1760703741.860895,
    "elapsed_seconds": 169.62562,
    "model": "gpt-4-0125-preview",
    "input_cost_per_token": 1e-05,
    "output_cost_per_token": 3e-05,
    "total_input_tokens": 9103,
    "total_output_tokens": 2379,
    "total_tokens": 11482,
    "total_cost": 0.16240000000000002
}