{
    "commit": "831c26218ec4ba9a10808f2490c013c927071159",
    "start_epoch": 1760713313.077844,
    "end_epoch": 1760713400.644313,
    "elapsed_seconds": 87.566469,
    "model": "gpt-4-0125-preview",
    "input_cost_per_token": 1e-05,
    "output_cost_per_token": 3e-05,
    "total_input_tokens": 9102,
    "total_output_tokens": 3037,
    "total_tokens": 12139,
    "total_cost": 0.18213000000000001
}