{
    "commit": "3c68ffef1218c90694d367e3f33de96957a055f4",
    "start_epoch": 1760733294.327049,
    "end_epoch": 1760733547.858971,
    "elapsed_seconds": 253.531922,
    "model": "gpt-4-0125-preview",
    "input_cost_per_token": 1e-05,
    "output_cost_per_token": 3e-05,
    "total_input_tokens": 120774,
    "total_output_tokens": 2895,
    "total_tokens": 123669,
    "total_cost": 1.29459
}