{
    "commit": "5830937014377e617a91ff91a1740d9ffd408f8e",
    "start_epoch": 1760564264.451522,
    "end_epoch": 1760564365.35114,
    "elapsed_seconds": 100.899618,
    "model": "gpt-4-0125-preview",
    "input_cost_per_token": 1e-05,
    "output_cost_per_token": 3e-05,
    "total_input_tokens": 22579,
    "total_output_tokens": 3544,
    "total_tokens": 26123,
    "total_cost": 0.33211
}