{
    "commit": "a52adc665cdcbef69c82e3da79cd3f7431a22c06",
    "start_epoch": 1760777347.351204,
    "end_epoch": 1760777407.355778,
    "elapsed_seconds": 60.004574,
    "model": "gpt-4-0125-preview",
    "input_cost_per_token": 1e-05,
    "output_cost_per_token": 3e-05,
    "total_input_tokens": 7784,
    "total_output_tokens": 1872,
    "total_tokens": 9656,
    "total_cost": 0.134
}