{
    "commit": "928aee732c442f24e747c28461279fd88cce8fc4",
    "start_epoch": 1760574325.903422,
    "end_epoch": 1760574420.480062,
    "elapsed_seconds": 94.57664,
    "model": "gpt-4-0125-preview",
    "input_cost_per_token": 1e-05,
    "output_cost_per_token": 3e-05,
    "total_input_tokens": 9690,
    "total_output_tokens": 3750,
    "total_tokens": 13440,
    "total_cost": 0.2094
}