{
    "commit": "4132ff4537e9f6f87e2166e6a17236a7aaf667a1",
    "start_epoch": 1760725847.888603,
    "end_epoch": 1760725983.712711,
    "elapsed_seconds": 135.824108,
    "model": "gpt-4-0125-preview",
    "input_cost_per_token": 1e-05,
    "output_cost_per_token": 3e-05,
    "total_input_tokens": 19765,
    "total_output_tokens": 5054,
    "total_tokens": 24819,
    "total_cost": 0.34927
}