{
    "commit": "e856507fe9651b7d3787849fd4441adef6fa1e47",
    "start_epoch": 1760515689.623497,
    "end_epoch": 1760515784.211172,
    "elapsed_seconds": 94.587675,
    "model": "gpt-4-0125-preview",
    "input_cost_per_token": 1e-05,
    "output_cost_per_token": 3e-05,
    "total_input_tokens": 10708,
    "total_output_tokens": 3535,
    "total_tokens": 14243,
    "total_cost": 0.21313
}