{
    "commit": "d11126dbdc2be6868c87d3dc0f1303a633b20ab8",
    "start_epoch": 1760777264.534433,
    "end_epoch": 1760777347.20555,
    "elapsed_seconds": 82.671117,
    "model": "gpt-4-0125-preview",
    "input_cost_per_token": 1e-05,
    "output_cost_per_token": 3e-05,
    "total_input_tokens": 9286,
    "total_output_tokens": 2801,
    "total_tokens": 12087,
    "total_cost": 0.17689000000000002
}