{
    "commit": "1e8df29596b9e34ea33ad5d74ca1e44fb7f95874",
    "start_epoch": 1760783410.532447,
    "end_epoch": 1760783488.947403,
    "elapsed_seconds": 78.414956,
    "model": "gpt-4-0125-preview",
    "input_cost_per_token": 1e-05,
    "output_cost_per_token": 3e-05,
    "total_input_tokens": 22653,
    "total_output_tokens": 3412,
    "total_tokens": 26065,
    "total_cost": 0.32889
}