{
    "commit": "4638f8265fc54d0c91ab0109784188d5d25751d5",
    "start_epoch": 1760540937.969384,
    "end_epoch": 1760541018.106836,
    "elapsed_seconds": 80.137452,
    "model": "gpt-4-0125-preview",
    "input_cost_per_token": 1e-05,
    "output_cost_per_token": 3e-05,
    "total_input_tokens": 19866,
    "total_output_tokens": 1692,
    "total_tokens": 21558,
    "total_cost": 0.24942
}