{
    "commit": "09f90b05acf2494e00fa3db11cb4364be0c10757",
    "start_epoch": 1760818945.207555,
    "end_epoch": 1760819019.047431,
    "elapsed_seconds": 73.839876,
    "model": "gpt-4-0125-preview",
    "input_cost_per_token": 1e-05,
    "output_cost_per_token": 3e-05,
    "total_input_tokens": 11771,
    "total_output_tokens": 2816,
    "total_tokens": 14587,
    "total_cost": 0.20218999999999998
}