{
    "commit": "0a136e76b3da4be39dc1b4497bb00ffc4934c477",
    "start_epoch": 1760783017.744334,
    "end_epoch": 1760783059.960101,
    "elapsed_seconds": 42.215767,
    "model": "gpt-4-0125-preview",
    "input_cost_per_token": 1e-05,
    "output_cost_per_token": 3e-05,
    "total_input_tokens": 5309,
    "total_output_tokens": 1495,
    "total_tokens": 6804,
    "total_cost": 0.09794
}