{
    "commit": "9e600d1ab87904e9747474b8518ec7d2865a9aa1",
    "start_epoch": 1760773873.238443,
    "end_epoch": 1760773986.07265,
    "elapsed_seconds": 112.834207,
    "model": "gpt-4-0125-preview",
    "input_cost_per_token": 1e-05,
    "output_cost_per_token": 3e-05,
    "total_input_tokens": 26021,
    "total_output_tokens": 3794,
    "total_tokens": 29815,
    "total_cost": 0.37403000000000003
}