{
    "commit": "2ba0ee11446537ae196bbed30d18b506461604ca",
    "start_epoch": 1760505957.02108,
    "end_epoch": 1760506047.67991,
    "elapsed_seconds": 90.65883,
    "model": "gpt-4-0125-preview",
    "input_cost_per_token": 1e-05,
    "output_cost_per_token": 3e-05,
    "total_input_tokens": 12335,
    "total_output_tokens": 3617,
    "total_tokens": 15952,
    "total_cost": 0.23186
}