{
    "commit": "eed16e24e8a99c4286d5a71e97e3388d4ee80842",
    "start_epoch": 1760710165.899905,
    "end_epoch": 1760710236.108368,
    "elapsed_seconds": 70.208463,
    "model": "gpt-4-0125-preview",
    "input_cost_per_token": 1e-05,
    "output_cost_per_token": 3e-05,
    "total_input_tokens": 19051,
    "total_output_tokens": 2571,
    "total_tokens": 21622,
    "total_cost": 0.26764
}