{
    "commit": "0d99b79cb4d2edf2f46399ff2c65b08aef04d283",
    "start_epoch": 1760700814.960323,
    "end_epoch": 1760700862.921393,
    "elapsed_seconds": 47.96107,
    "model": "gpt-4-0125-preview",
    "input_cost_per_token": 1e-05,
    "output_cost_per_token": 3e-05,
    "total_input_tokens": 5028,
    "total_output_tokens": 1393,
    "total_tokens": 6421,
    "total_cost": 0.09207
}