{
    "commit": "15c8857da3c5204fd42391f591d64c9f887919a1",
    "start_epoch": 1760744505.571593,
    "end_epoch": 1760744548.526025,
    "elapsed_seconds": 42.954432,
    "model": "gpt-4-0125-preview",
    "input_cost_per_token": 1e-05,
    "output_cost_per_token": 3e-05,
    "total_input_tokens": 13782,
    "total_output_tokens": 1548,
    "total_tokens": 15330,
    "total_cost": 0.18426
}