{
    "commit": "2f2d6f6a0e6ab385b37e324b19055fc275ba0899",
    "start_epoch": 1760577357.848894,
    "end_epoch": 1760577401.218301,
    "elapsed_seconds": 43.369407,
    "model": "gpt-4-0125-preview",
    "input_cost_per_token": 1e-05,
    "output_cost_per_token": 3e-05,
    "total_input_tokens": 6356,
    "total_output_tokens": 1417,
    "total_tokens": 7773,
    "total_cost": 0.10607000000000003
}