{
    "commit": "9e3cd258ae049ac3afb468213cae44bc928afc86",
    "start_epoch": 1760795692.731842,
    "end_epoch": 1760795760.886037,
    "elapsed_seconds": 68.154195,
    "model": "gpt-4-0125-preview",
    "input_cost_per_token": 1e-05,
    "output_cost_per_token": 3e-05,
    "total_input_tokens": 18168,
    "total_output_tokens": 2150,
    "total_tokens": 20318,
    "total_cost": 0.24618
}