{
    "commit": "e76bce78748b1d8c943dab8347010d4ca3a2757e",
    "start_epoch": 1760772939.341576,
    "end_epoch": 1760772995.300171,
    "elapsed_seconds": 55.958595,
    "model": "gpt-4-0125-preview",
    "input_cost_per_token": 1e-05,
    "output_cost_per_token": 3e-05,
    "total_input_tokens": 10944,
    "total_output_tokens": 2144,
    "total_tokens": 13088,
    "total_cost": 0.17376
}