{
    "commit": "f90a660c83f029a8642279ea4478dd48390877be",
    "start_epoch": 1760728159.324603,
    "end_epoch": 1760728203.505272,
    "elapsed_seconds": 44.180669,
    "model": "gpt-4-0125-preview",
    "input_cost_per_token": 1e-05,
    "output_cost_per_token": 3e-05,
    "total_input_tokens": 5435,
    "total_output_tokens": 1651,
    "total_tokens": 7086,
    "total_cost": 0.10388
}