{
    "commit": "e196de51ed9225b9473366314ebf4eb5381d5eb5",
    "start_epoch": 1760549090.964663,
    "end_epoch": 1760549143.51747,
    "elapsed_seconds": 52.552807,
    "model": "gpt-4-0125-preview",
    "input_cost_per_token": 1e-05,
    "output_cost_per_token": 3e-05,
    "total_input_tokens": 17381,
    "total_output_tokens": 1733,
    "total_tokens": 19114,
    "total_cost": 0.2258
}