{
    "commit": "347f8dd7835c007ca4f18acb2babd1432569a0b1",
    "start_epoch": 1760522671.760788,
    "end_epoch": 1760522817.310197,
    "elapsed_seconds": 145.549409,
    "model": "gpt-4-0125-preview",
    "input_cost_per_token": 1e-05,
    "output_cost_per_token": 3e-05,
    "total_input_tokens": 23807,
    "total_output_tokens": 4412,
    "total_tokens": 28219,
    "total_cost": 0.37043
}