{
    "commit": "faa6275ff0e4743d1d597012c4bc3e9d097fca62",
    "start_epoch": 1760508417.148247,
    "end_epoch": 1760508473.791191,
    "elapsed_seconds": 56.642944,
    "model": "gpt-4-0125-preview",
    "input_cost_per_token": 1e-05,
    "output_cost_per_token": 3e-05,
    "total_input_tokens": 7636,
    "total_output_tokens": 1991,
    "total_tokens": 9627,
    "total_cost": 0.13609000000000002
}