{
    "commit": "965f9a5cc8db2e3d92ceffad350c66446cc1ffc9",
    "start_epoch": 1760563159.079602,
    "end_epoch": 1760563228.522591,
    "elapsed_seconds": 69.442989,
    "model": "gpt-4-0125-preview",
    "input_cost_per_token": 1e-05,
    "output_cost_per_token": 3e-05,
    "total_input_tokens": 18360,
    "total_output_tokens": 2711,
    "total_tokens": 21071,
    "total_cost": 0.26492999999999994
}