{
    "commit": "a1d0e7dd53d847a05b2bb8f2ec27052b8bcb5b9e",
    "start_epoch": 1760506389.071004,
    "end_epoch": 1760506496.163751,
    "elapsed_seconds": 107.092747,
    "model": "gpt-4-0125-preview",
    "input_cost_per_token": 1e-05,
    "output_cost_per_token": 3e-05,
    "total_input_tokens": 10817,
    "total_output_tokens": 4044,
    "total_tokens": 14861,
    "total_cost": 0.22949
}