{
    "commit": "d760deaafecc917ffece375064d9cc2d986de540",
    "start_epoch": 1760504177.752635,
    "end_epoch": 1760504280.319326,
    "elapsed_seconds": 102.566691,
    "model": "gpt-4-0125-preview",
    "input_cost_per_token": 1e-05,
    "output_cost_per_token": 3e-05,
    "total_input_tokens": 11097,
    "total_output_tokens": 3974,
    "total_tokens": 15071,
    "total_cost": 0.23019
}