{
    "commit": "ef024721f7ac800a7eb987103367eae8331670f9",
    "start_epoch": 1760784592.416489,
    "end_epoch": 1760784656.959291,
    "elapsed_seconds": 64.542802,
    "model": "gpt-4-0125-preview",
    "input_cost_per_token": 1e-05,
    "output_cost_per_token": 3e-05,
    "total_input_tokens": 9545,
    "total_output_tokens": 2414,
    "total_tokens": 11959,
    "total_cost": 0.16787000000000002
}