{
    "commit": "d85fa3f631cf611939f05a35e1c5ef7aac20d7c2",
    "start_epoch": 1760702067.798497,
    "end_epoch": 1760702116.388216,
    "elapsed_seconds": 48.589719,
    "model": "gpt-4-0125-preview",
    "input_cost_per_token": 1e-05,
    "output_cost_per_token": 3e-05,
    "total_input_tokens": 7442,
    "total_output_tokens": 1916,
    "total_tokens": 9358,
    "total_cost": 0.13190000000000002
}