{
    "commit": "da5922701b42358164c3bd1c30178af492eea1a4",
    "start_epoch": 1760743928.581398,
    "end_epoch": 1760743972.509774,
    "elapsed_seconds": 43.928376,
    "model": "gpt-4-0125-preview",
    "input_cost_per_token": 1e-05,
    "output_cost_per_token": 3e-05,
    "total_input_tokens": 5537,
    "total_output_tokens": 1608,
    "total_tokens": 7145,
    "total_cost": 0.10361000000000001
}