{
    "commit": "99b4df4a924b9cd32c7b6d036bc9d449f7689c2a",
    "start_epoch": 1760572076.788688,
    "end_epoch": 1760572169.240349,
    "elapsed_seconds": 92.451661,
    "model": "gpt-4-0125-preview",
    "input_cost_per_token": 1e-05,
    "output_cost_per_token": 3e-05,
    "total_input_tokens": 17720,
    "total_output_tokens": 3786,
    "total_tokens": 21506,
    "total_cost": 0.29078000000000004
}