{
    "commit": "5c6a5de55ae692422d4582affa4d066feebdb34e",
    "start_epoch": 1760587739.050048,
    "end_epoch": 1760587828.984515,
    "elapsed_seconds": 89.934467,
    "model": "gpt-4-0125-preview",
    "input_cost_per_token": 1e-05,
    "output_cost_per_token": 3e-05,
    "total_input_tokens": 9202,
    "total_output_tokens": 3340,
    "total_tokens": 12542,
    "total_cost": 0.19222
}