{
    "commit": "d5b5641104d931469b7380909a9358ec34e9c617",
    "start_epoch": 1760735273.510548,
    "end_epoch": 1760735638.816048,
    "elapsed_seconds": 365.3055,
    "model": "gpt-4-0125-preview",
    "input_cost_per_token": 1e-05,
    "output_cost_per_token": 3e-05,
    "total_input_tokens": 191809,
    "total_output_tokens": 9171,
    "total_tokens": 200980,
    "total_cost": 2.193220000000001
}