{
    "commit": "bc94ead1db3da76c0e361e8a8dd6fa87db3c232f",
    "start_epoch": 1760533440.246317,
    "end_epoch": 1760533558.418782,
    "elapsed_seconds": 118.172465,
    "model": "gpt-4-0125-preview",
    "input_cost_per_token": 1e-05,
    "output_cost_per_token": 3e-05,
    "total_input_tokens": 21598,
    "total_output_tokens": 4127,
    "total_tokens": 25725,
    "total_cost": 0.33979
}