{
    "commit": "9a87b2eb10d845ff4f341f821dd4dd796845946b",
    "start_epoch": 1760724554.83189,
    "end_epoch": 1760724641.031113,
    "elapsed_seconds": 86.199223,
    "model": "gpt-4-0125-preview",
    "input_cost_per_token": 1e-05,
    "output_cost_per_token": 3e-05,
    "total_input_tokens": 11922,
    "total_output_tokens": 2794,
    "total_tokens": 14716,
    "total_cost": 0.20304000000000003
}