{
    "commit": "bf26709a3cd0bbea6bb45446aa4c702c88840a61",
    "start_epoch": 1760819483.842418,
    "end_epoch": 1760819544.540947,
    "elapsed_seconds": 60.698529,
    "model": "gpt-4-0125-preview",
    "input_cost_per_token": 1e-05,
    "output_cost_per_token": 3e-05,
    "total_input_tokens": 14644,
    "total_output_tokens": 2039,
    "total_tokens": 16683,
    "total_cost": 0.20761
}