{
    "commit": "89bf6ce478814d04c7cd38d432ba1d8ebed31e52",
    "start_epoch": 1760565167.969818,
    "end_epoch": 1760565259.484606,
    "elapsed_seconds": 91.514788,
    "model": "gpt-4-0125-preview",
    "input_cost_per_token": 1e-05,
    "output_cost_per_token": 3e-05,
    "total_input_tokens": 27471,
    "total_output_tokens": 3375,
    "total_tokens": 30846,
    "total_cost": 0.37596000000000007
}