{
    "commit": "93de9a76014b346b724d580c35e98ecdfa7abb3f",
    "start_epoch": 1760515375.929454,
    "end_epoch": 1760515490.254048,
    "elapsed_seconds": 114.324594,
    "model": "gpt-4-0125-preview",
    "input_cost_per_token": 1e-05,
    "output_cost_per_token": 3e-05,
    "total_input_tokens": 19760,
    "total_output_tokens": 3913,
    "total_tokens": 23673,
    "total_cost": 0.31499000000000005
}