{
    "commit": "d92e8a2c05a05b11838f4eba3b2b5f7591fa9f8a",
    "start_epoch": 1760519328.107653,
    "end_epoch": 1760519433.248083,
    "elapsed_seconds": 105.14043,
    "model": "gpt-4-0125-preview",
    "input_cost_per_token": 1e-05,
    "output_cost_per_token": 3e-05,
    "total_input_tokens": 30930,
    "total_output_tokens": 3032,
    "total_tokens": 33962,
    "total_cost": 0.40026
}