{
    "commit": "19dc0c9fbedef12d8339b1a7da34f0e71904f7c2",
    "start_epoch": 1760555389.854047,
    "end_epoch": 1760555439.857495,
    "elapsed_seconds": 50.003448,
    "model": "gpt-4-0125-preview",
    "input_cost_per_token": 1e-05,
    "output_cost_per_token": 3e-05,
    "total_input_tokens": 8093,
    "total_output_tokens": 1969,
    "total_tokens": 10062,
    "total_cost": 0.14
}