{
    "commit": "96385871354a5078869f962993ff8a58fe655117",
    "start_epoch": 1760704589.190637,
    "end_epoch": 1760704653.817936,
    "elapsed_seconds": 64.627299,
    "model": "gpt-4-0125-preview",
    "input_cost_per_token": 1e-05,
    "output_cost_per_token": 3e-05,
    "total_input_tokens": 5557,
    "total_output_tokens": 1972,
    "total_tokens": 7529,
    "total_cost": 0.11473
}