{
    "commit": "edcab5829e78f24f4e62c255f37c58af0139bd54",
    "start_epoch": 1760561569.942703,
    "end_epoch": 1760561671.371572,
    "elapsed_seconds": 101.428869,
    "model": "gpt-4-0125-preview",
    "input_cost_per_token": 1e-05,
    "output_cost_per_token": 3e-05,
    "total_input_tokens": 29939,
    "total_output_tokens": 3104,
    "total_tokens": 33043,
    "total_cost": 0.39251
}