{
    "commit": "2a51e36c5964986666f8e80594f50f10b8c839f5",
    "start_epoch": 1760705566.694775,
    "end_epoch": 1760705645.404297,
    "elapsed_seconds": 78.709522,
    "model": "gpt-4-0125-preview",
    "input_cost_per_token": 1e-05,
    "output_cost_per_token": 3e-05,
    "total_input_tokens": 16045,
    "total_output_tokens": 3016,
    "total_tokens": 19061,
    "total_cost": 0.25093
}