{
    "commit": "a147305cf68a77320f9c9912b28b4aadb26a8787",
    "start_epoch": 1760790395.265891,
    "end_epoch": 1760790437.017754,
    "elapsed_seconds": 41.751863,
    "model": "gpt-4-0125-preview",
    "input_cost_per_token": 1e-05,
    "output_cost_per_token": 3e-05,
    "total_input_tokens": 4846,
    "total_output_tokens": 1280,
    "total_tokens": 6126,
    "total_cost": 0.08686000000000002
}