{
    "commit": "0c1869a1469c24adeb2ffda98e4ca9ffd54209f8",
    "start_epoch": 1760549714.138286,
    "end_epoch": 1760549803.535879,
    "elapsed_seconds": 89.397593,
    "model": "gpt-4-0125-preview",
    "input_cost_per_token": 1e-05,
    "output_cost_per_token": 3e-05,
    "total_input_tokens": 21089,
    "total_output_tokens": 3000,
    "total_tokens": 24089,
    "total_cost": 0.30089000000000005
}