{
    "commit": "a2056663c7d8a4c7c854d6fa9968d402f4c9776d",
    "start_epoch": 1760813292.22523,
    "end_epoch": 1760813364.739992,
    "elapsed_seconds": 72.514762,
    "model": "gpt-4-0125-preview",
    "input_cost_per_token": 1e-05,
    "output_cost_per_token": 3e-05,
    "total_input_tokens": 13034,
    "total_output_tokens": 2708,
    "total_tokens": 15742,
    "total_cost": 0.21158000000000002
}