{
    "commit": "da6a7691faf4cd9242ead8a3afdc5521f2058476",
    "start_epoch": 1760587142.523619,
    "end_epoch": 1760587209.429654,
    "elapsed_seconds": 66.906035,
    "model": "gpt-4-0125-preview",
    "input_cost_per_token": 1e-05,
    "output_cost_per_token": 3e-05,
    "total_input_tokens": 8430,
    "total_output_tokens": 2231,
    "total_tokens": 10661,
    "total_cost": 0.15123
}