{
    "commit": "199470754c97bbb6b48cba8138e913b6175c7621",
    "start_epoch": 1760715112.444243,
    "end_epoch": 1760715201.787229,
    "elapsed_seconds": 89.342986,
    "model": "gpt-4-0125-preview",
    "input_cost_per_token": 1e-05,
    "output_cost_per_token": 3e-05,
    "total_input_tokens": 19848,
    "total_output_tokens": 3303,
    "total_tokens": 23151,
    "total_cost": 0.29757
}