{
    "commit": "e05b9f683ebbc2d721656a4d76e195ea09508776",
    "start_epoch": 1760704654.006488,
    "end_epoch": 1760704751.20217,
    "elapsed_seconds": 97.195682,
    "model": "gpt-4-0125-preview",
    "input_cost_per_token": 1e-05,
    "output_cost_per_token": 3e-05,
    "total_input_tokens": 7475,
    "total_output_tokens": 3103,
    "total_tokens": 10578,
    "total_cost": 0.16784
}