{
    "commit": "6683197e78536f226f16ccc7f2338dc645aaaf0a",
    "start_epoch": 1760734524.603108,
    "end_epoch": 1760734592.461529,
    "elapsed_seconds": 67.858421,
    "model": "gpt-4-0125-preview",
    "input_cost_per_token": 1e-05,
    "output_cost_per_token": 3e-05,
    "total_input_tokens": 7056,
    "total_output_tokens": 2231,
    "total_tokens": 9287,
    "total_cost": 0.13749
}