{
    "commit": "ec7f987b974c83dc1ce4ad5e30790c07279305b6",
    "start_epoch": 1760806686.995434,
    "end_epoch": 1760806728.065353,
    "elapsed_seconds": 41.069919,
    "model": "gpt-4-0125-preview",
    "input_cost_per_token": 1e-05,
    "output_cost_per_token": 3e-05,
    "total_input_tokens": 6887,
    "total_output_tokens": 1531,
    "total_tokens": 8418,
    "total_cost": 0.1148
}