{
    "commit": "b70d509904c029e91bb13aaf6a710098aab61ffe",
    "start_epoch": 1760752292.945813,
    "end_epoch": 1760752331.514982,
    "elapsed_seconds": 38.569169,
    "model": "gpt-4-0125-preview",
    "input_cost_per_token": 1e-05,
    "output_cost_per_token": 3e-05,
    "total_input_tokens": 4419,
    "total_output_tokens": 1343,
    "total_tokens": 5762,
    "total_cost": 0.08448
}