{
    "commit": "e382629bb681c81d3daf601b486ddc43056e06da",
    "start_epoch": 1760774899.851885,
    "end_epoch": 1760774962.424346,
    "elapsed_seconds": 62.572461,
    "model": "gpt-4-0125-preview",
    "input_cost_per_token": 1e-05,
    "output_cost_per_token": 3e-05,
    "total_input_tokens": 8433,
    "total_output_tokens": 2272,
    "total_tokens": 10705,
    "total_cost": 0.15249000000000001
}