{
    "commit": "366f9f4cc279215f3e4b4adf8b092993f6368c85",
    "start_epoch": 1760819704.29354,
    "end_epoch": 1760819776.044215,
    "elapsed_seconds": 71.750675,
    "model": "gpt-4-0125-preview",
    "input_cost_per_token": 1e-05,
    "output_cost_per_token": 3e-05,
    "total_input_tokens": 10845,
    "total_output_tokens": 2303,
    "total_tokens": 13148,
    "total_cost": 0.17754
}