{
    "commit": "f8ad97a9cc40ab6ef6d995702261d137ac25fb83",
    "start_epoch": 1760736268.020781,
    "end_epoch": 1760736331.386914,
    "elapsed_seconds": 63.366133,
    "model": "gpt-4-0125-preview",
    "input_cost_per_token": 1e-05,
    "output_cost_per_token": 3e-05,
    "total_input_tokens": 13646,
    "total_output_tokens": 2023,
    "total_tokens": 15669,
    "total_cost": 0.19715000000000002
}