{
    "commit": "566144f83944a1e6202de085d1202e199e987897",
    "start_epoch": 1760584552.139739,
    "end_epoch": 1760584841.557214,
    "elapsed_seconds": 289.417475,
    "model": "gpt-4-0125-preview",
    "input_cost_per_token": 1e-05,
    "output_cost_per_token": 3e-05,
    "total_input_tokens": 136153,
    "total_output_tokens": 6462,
    "total_tokens": 142615,
    "total_cost": 1.5553900000000007
}