{
    "commit": "7b42fae2ec5bf18a9caf0911956e111c404ae67c",
    "start_epoch": 1760770384.233231,
    "end_epoch": 1760770428.180744,
    "elapsed_seconds": 43.947513,
    "model": "gpt-4-0125-preview",
    "input_cost_per_token": 1e-05,
    "output_cost_per_token": 3e-05,
    "total_input_tokens": 8183,
    "total_output_tokens": 1703,
    "total_tokens": 9886,
    "total_cost": 0.13292000000000004
}