{
    "commit": "1b94db7841aa1e5e9bb4597835b2aba1efa56288",
    "start_epoch": 1760583340.665247,
    "end_epoch": 1760583549.034443,
    "elapsed_seconds": 208.369196,
    "model": "gpt-4-0125-preview",
    "input_cost_per_token": 1e-05,
    "output_cost_per_token": 3e-05,
    "total_input_tokens": 47460,
    "total_output_tokens": 2934,
    "total_tokens": 50394,
    "total_cost": 0.56262
}