{
    "commit": "78c085deeda7f0c13ed53de863f9ac86fac5539c",
    "start_epoch": 1760761530.440587,
    "end_epoch": 1760761655.85816,
    "elapsed_seconds": 125.417573,
    "model": "gpt-4-0125-preview",
    "input_cost_per_token": 1e-05,
    "output_cost_per_token": 3e-05,
    "total_input_tokens": 20148,
    "total_output_tokens": 4995,
    "total_tokens": 25143,
    "total_cost": 0.35133000000000003
}