{
    "commit": "42177ea20da2539a82325dcd322e61a34f6cc580",
    "start_epoch": 1760742952.265859,
    "end_epoch": 1760742997.086565,
    "elapsed_seconds": 44.820706,
    "model": "gpt-4-0125-preview",
    "input_cost_per_token": 1e-05,
    "output_cost_per_token": 3e-05,
    "total_input_tokens": 6944,
    "total_output_tokens": 1568,
    "total_tokens": 8512,
    "total_cost": 0.11648
}