{
    "commit": "ede8fcaefda03048278504165620191f63263ce8",
    "start_epoch": 1760516366.958838,
    "end_epoch": 1760516476.434545,
    "elapsed_seconds": 109.475707,
    "model": "gpt-4-0125-preview",
    "input_cost_per_token": 1e-05,
    "output_cost_per_token": 3e-05,
    "total_input_tokens": 28684,
    "total_output_tokens": 3757,
    "total_tokens": 32441,
    "total_cost": 0.39954999999999996
}