{
    "commit": "6a65db78744c2a410183178f50563768552ac147",
    "start_epoch": 1760757898.120088,
    "end_epoch": 1760758001.117564,
    "elapsed_seconds": 102.997476,
    "model": "gpt-4-0125-preview",
    "input_cost_per_token": 1e-05,
    "output_cost_per_token": 3e-05,
    "total_input_tokens": 12142,
    "total_output_tokens": 4395,
    "total_tokens": 16537,
    "total_cost": 0.25327
}