{
    "commit": "7ce59231f6653d77aa371fb59f455395b4c76feb",
    "start_epoch": 1760527882.566097,
    "end_epoch": 1760527987.842942,
    "elapsed_seconds": 105.276845,
    "model": "gpt-4-0125-preview",
    "input_cost_per_token": 1e-05,
    "output_cost_per_token": 3e-05,
    "total_input_tokens": 13620,
    "total_output_tokens": 4038,
    "total_tokens": 17658,
    "total_cost": 0.25734
}