{
    "commit": "9a8f16cfcdbef3f572f5f3b63934b72675d24fdf",
    "start_epoch": 1760805729.749232,
    "end_epoch": 1760805833.928327,
    "elapsed_seconds": 104.179095,
    "model": "gpt-4-0125-preview",
    "input_cost_per_token": 1e-05,
    "output_cost_per_token": 3e-05,
    "total_input_tokens": 22072,
    "total_output_tokens": 4193,
    "total_tokens": 26265,
    "total_cost": 0.34651
}