{
    "commit": "883644b2b5c1e4f726c6cfc519963bb2f2279668",
    "start_epoch": 1760756690.251206,
    "end_epoch": 1760756737.619432,
    "elapsed_seconds": 47.368226,
    "model": "gpt-4-0125-preview",
    "input_cost_per_token": 1e-05,
    "output_cost_per_token": 3e-05,
    "total_input_tokens": 17010,
    "total_output_tokens": 1596,
    "total_tokens": 18606,
    "total_cost": 0.21798
}