{
    "commit": "5a4cd73ef466f4568e46e5d44a3893dacff5e84f",
    "start_epoch": 1760761344.083845,
    "end_epoch": 1760761391.08321,
    "elapsed_seconds": 46.999365,
    "model": "gpt-4-0125-preview",
    "input_cost_per_token": 1e-05,
    "output_cost_per_token": 3e-05,
    "total_input_tokens": 5978,
    "total_output_tokens": 1767,
    "total_tokens": 7745,
    "total_cost": 0.11279000000000002
}