{
    "commit": "42a1dd056b2ba6da402dffd3e18e142be4a7fbfe",
    "start_epoch": 1760813364.90173,
    "end_epoch": 1760813534.69774,
    "elapsed_seconds": 169.79601,
    "model": "gpt-4-0125-preview",
    "input_cost_per_token": 1e-05,
    "output_cost_per_token": 3e-05,
    "total_input_tokens": 57144,
    "total_output_tokens": 5851,
    "total_tokens": 62995,
    "total_cost": 0.7469699999999999
}