{
    "commit": "2f0e138820e70fd6d1eee21ccabd821c104bbcd4",
    "start_epoch": 1760496338.56947,
    "end_epoch": 1760496437.08416,
    "elapsed_seconds": 98.51469,
    "model": "gpt-4-0125-preview",
    "input_cost_per_token": 1e-05,
    "output_cost_per_token": 3e-05,
    "total_input_tokens": 51402,
    "total_output_tokens": 3583,
    "total_tokens": 54985,
    "total_cost": 0.6215100000000001
}