{
    "commit": "9f421af8f7264b3dbf288ba146e2d14b1a4c4b85",
    "start_epoch": 1760705268.649873,
    "end_epoch": 1760705322.624714,
    "elapsed_seconds": 53.974841,
    "model": "gpt-4-0125-preview",
    "input_cost_per_token": 1e-05,
    "output_cost_per_token": 3e-05,
    "total_input_tokens": 7003,
    "total_output_tokens": 1638,
    "total_tokens": 8641,
    "total_cost": 0.11917000000000001
}