{
    "commit": "728c5db72c6b4e2ac9766ee1fef5f2770bc6555d",
    "start_epoch": 1760756518.406436,
    "end_epoch": 1760756576.454514,
    "elapsed_seconds": 58.048078,
    "model": "gpt-4-0125-preview",
    "input_cost_per_token": 1e-05,
    "output_cost_per_token": 3e-05,
    "total_input_tokens": 6150,
    "total_output_tokens": 1837,
    "total_tokens": 7987,
    "total_cost": 0.11661
}