{
    "commit": "f7fce7c13df6f04490fcbb8709c17e1a5ed4714d",
    "start_epoch": 1760752967.369718,
    "end_epoch": 1760753044.701015,
    "elapsed_seconds": 77.331297,
    "model": "gpt-4-0125-preview",
    "input_cost_per_token": 1e-05,
    "output_cost_per_token": 3e-05,
    "total_input_tokens": 9557,
    "total_output_tokens": 2893,
    "total_tokens": 12450,
    "total_cost": 0.18236000000000002
}