{
    "commit": "050453f13d322810f3d80ab09fa3b503e0527ecf",
    "start_epoch": 1760736979.783532,
    "end_epoch": 1760737035.27123,
    "elapsed_seconds": 55.487698,
    "model": "gpt-4-0125-preview",
    "input_cost_per_token": 1e-05,
    "output_cost_per_token": 3e-05,
    "total_input_tokens": 5411,
    "total_output_tokens": 1686,
    "total_tokens": 7097,
    "total_cost": 0.10469
}