{
    "commit": "4a35b64fd7f233e6c126241bc883444cd3a34cc4",
    "start_epoch": 1760501945.816967,
    "end_epoch": 1760501989.577245,
    "elapsed_seconds": 43.760278,
    "model": "gpt-4-0125-preview",
    "input_cost_per_token": 1e-05,
    "output_cost_per_token": 3e-05,
    "total_input_tokens": 13284,
    "total_output_tokens": 1542,
    "total_tokens": 14826,
    "total_cost": 0.17910000000000004
}