{
    "commit": "f5745779e49da9c4684867565441e0eecfb3fb9a",
    "start_epoch": 1760579388.013756,
    "end_epoch": 1760579485.429047,
    "elapsed_seconds": 97.415291,
    "model": "gpt-4-0125-preview",
    "input_cost_per_token": 1e-05,
    "output_cost_per_token": 3e-05,
    "total_input_tokens": 20746,
    "total_output_tokens": 3583,
    "total_tokens": 24329,
    "total_cost": 0.31495
}