{
    "commit": "515ebb2fc74432695587d3703dd504a5ada281d1",
    "start_epoch": 1760713892.681771,
    "end_epoch": 1760713986.938077,
    "elapsed_seconds": 94.256306,
    "model": "gpt-4-0125-preview",
    "input_cost_per_token": 1e-05,
    "output_cost_per_token": 3e-05,
    "total_input_tokens": 14911,
    "total_output_tokens": 3461,
    "total_tokens": 18372,
    "total_cost": 0.25294000000000005
}