{
    "commit": "694be45d47a9ee5af1cef139c2d962bf52a8f788",
    "start_epoch": 1760711126.748606,
    "end_epoch": 1760711266.776748,
    "elapsed_seconds": 140.028142,
    "model": "gpt-4-0125-preview",
    "input_cost_per_token": 1e-05,
    "output_cost_per_token": 3e-05,
    "total_input_tokens": 28587,
    "total_output_tokens": 5039,
    "total_tokens": 33626,
    "total_cost": 0.4370400000000001
}