{
    "commit": "870fdb9e7dfcb20b064fbd56ea56fcd9dca6eab0",
    "start_epoch": 1760741119.086788,
    "end_epoch": 1760741165.491743,
    "elapsed_seconds": 46.404955,
    "model": "gpt-4-0125-preview",
    "input_cost_per_token": 1e-05,
    "output_cost_per_token": 3e-05,
    "total_input_tokens": 7071,
    "total_output_tokens": 1645,
    "total_tokens": 8716,
    "total_cost": 0.12006
}