{
    "commit": "b901c128b6f873f07f5093e34bbc7f93def70b9c",
    "start_epoch": 1760727768.072741,
    "end_epoch": 1760727911.058156,
    "elapsed_seconds": 142.985415,
    "model": "gpt-4-0125-preview",
    "input_cost_per_token": 1e-05,
    "output_cost_per_token": 3e-05,
    "total_input_tokens": 18641,
    "total_output_tokens": 5299,
    "total_tokens": 23940,
    "total_cost": 0.34538
}