{
    "commit": "bdd0ea7eab47547a239f9f5ecbd1109e715b63b7",
    "start_epoch": 1760500297.959298,
    "end_epoch": 1760500424.957585,
    "elapsed_seconds": 126.998287,
    "model": "gpt-4-0125-preview",
    "input_cost_per_token": 1e-05,
    "output_cost_per_token": 3e-05,
    "total_input_tokens": 20013,
    "total_output_tokens": 5041,
    "total_tokens": 25054,
    "total_cost": 0.35136
}