{
    "commit": "b6d3d94b844831a6501af5ea978f272d5330e5c7",
    "start_epoch": 1760571070.226557,
    "end_epoch": 1760571144.804474,
    "elapsed_seconds": 74.577917,
    "model": "gpt-4-0125-preview",
    "input_cost_per_token": 1e-05,
    "output_cost_per_token": 3e-05,
    "total_input_tokens": 13101,
    "total_output_tokens": 2913,
    "total_tokens": 16014,
    "total_cost": 0.2184
}