{
    "commit": "06ee67f3cc20ab55353f580adf51978e37289c2f",
    "start_epoch": 1760553940.821272,
    "end_epoch": 1760554000.045139,
    "elapsed_seconds": 59.223867,
    "model": "gpt-4-0125-preview",
    "input_cost_per_token": 1e-05,
    "output_cost_per_token": 3e-05,
    "total_input_tokens": 6042,
    "total_output_tokens": 1860,
    "total_tokens": 7902,
    "total_cost": 0.11622000000000002
}