{
    "commit": "4f25435571d425064ac38c113d4187f91b58bcda",
    "start_epoch": 1760496774.246064,
    "end_epoch": 1760496915.351496,
    "elapsed_seconds": 141.105432,
    "model": "gpt-4-0125-preview",
    "input_cost_per_token": 1e-05,
    "output_cost_per_token": 3e-05,
    "total_input_tokens": 37213,
    "total_output_tokens": 4749,
    "total_tokens": 41962,
    "total_cost": 0.5146000000000001
}