{
    "commit": "31c93d8f0dd3c8057810fd881bda225dd81f607e",
    "start_epoch": 1760508203.160381,
    "end_epoch": 1760508268.953617,
    "elapsed_seconds": 65.793236,
    "model": "gpt-4-0125-preview",
    "input_cost_per_token": 1e-05,
    "output_cost_per_token": 3e-05,
    "total_input_tokens": 6371,
    "total_output_tokens": 1807,
    "total_tokens": 8178,
    "total_cost": 0.11792000000000001
}