{
    "commit": "3a013b9f948153df381537c437c5c7df7c7bacc8",
    "start_epoch": 1760550747.326942,
    "end_epoch": 1760550797.706616,
    "elapsed_seconds": 50.379674,
    "model": "gpt-4-0125-preview",
    "input_cost_per_token": 1e-05,
    "output_cost_per_token": 3e-05,
    "total_input_tokens": 6024,
    "total_output_tokens": 1740,
    "total_tokens": 7764,
    "total_cost": 0.11244000000000001
}