{
    "commit": "c81abba58af67b41880474f37c80f0ef7b640d5c",
    "start_epoch": 1760516605.246928,
    "end_epoch": 1760516643.864364,
    "elapsed_seconds": 38.617436,
    "model": "gpt-4-0125-preview",
    "input_cost_per_token": 1e-05,
    "output_cost_per_token": 3e-05,
    "total_input_tokens": 11938,
    "total_output_tokens": 1423,
    "total_tokens": 13361,
    "total_cost": 0.16207000000000002
}