{
    "commit": "269d4b7de38159c0c770aa52026a0c1e123288d9",
    "start_epoch": 1760780184.699865,
    "end_epoch": 1760780267.744501,
    "elapsed_seconds": 83.044636,
    "model": "gpt-4-0125-preview",
    "input_cost_per_token": 1e-05,
    "output_cost_per_token": 3e-05,
    "total_input_tokens": 11001,
    "total_output_tokens": 3124,
    "total_tokens": 14125,
    "total_cost": 0.20372999999999997
}