{
    "commit": "8943f923f3817960c7c673c50af3e11ac2f3f23f",
    "start_epoch": 1760546643.259946,
    "end_epoch": 1760546701.26629,
    "elapsed_seconds": 58.006344,
    "model": "gpt-4-0125-preview",
    "input_cost_per_token": 1e-05,
    "output_cost_per_token": 3e-05,
    "total_input_tokens": 15151,
    "total_output_tokens": 2143,
    "total_tokens": 17294,
    "total_cost": 0.21580000000000002
}