{
    "commit": "aaa432e8a588fc6987613db72210e66354a634f0",
    "start_epoch": 1760821127.383083,
    "end_epoch": 1760821266.393067,
    "elapsed_seconds": 139.009984,
    "model": "gpt-4-0125-preview",
    "input_cost_per_token": 1e-05,
    "output_cost_per_token": 3e-05,
    "total_input_tokens": 19831,
    "total_output_tokens": 4576,
    "total_tokens": 24407,
    "total_cost": 0.33559000000000005
}