{
    "commit": "a2dfb8cb5b6328a5d119c8a90671792e1540d617",
    "start_epoch": 1760807827.025485,
    "end_epoch": 1760807873.300423,
    "elapsed_seconds": 46.274938,
    "model": "gpt-4-0125-preview",
    "input_cost_per_token": 1e-05,
    "output_cost_per_token": 3e-05,
    "total_input_tokens": 6361,
    "total_output_tokens": 1577,
    "total_tokens": 7938,
    "total_cost": 0.11091999999999999
}