{
    "commit": "8a2281501d8dacda316181de7776879a5e4dd706",
    "start_epoch": 1760495879.421952,
    "end_epoch": 1760495969.03456,
    "elapsed_seconds": 89.612608,
    "model": "gpt-4-0125-preview",
    "input_cost_per_token": 1e-05,
    "output_cost_per_token": 3e-05,
    "total_input_tokens": 19318,
    "total_output_tokens": 3181,
    "total_tokens": 22499,
    "total_cost": 0.28861000000000003
}