{
    "commit": "a7acdee47b9094d2a5a87efcd4eafb3a6c1bd3b2",
    "start_epoch": 1760505302.426917,
    "end_epoch": 1760505402.314577,
    "elapsed_seconds": 99.88766,
    "model": "gpt-4-0125-preview",
    "input_cost_per_token": 1e-05,
    "output_cost_per_token": 3e-05,
    "total_input_tokens": 19784,
    "total_output_tokens": 3709,
    "total_tokens": 23493,
    "total_cost": 0.30911
}