{
    "commit": "2ee7c5bf33a121329ba10d44bcdd54c90ca0e025",
    "start_epoch": 1760523159.100096,
    "end_epoch": 1760523266.231348,
    "elapsed_seconds": 107.131252,
    "model": "gpt-4-0125-preview",
    "input_cost_per_token": 1e-05,
    "output_cost_per_token": 3e-05,
    "total_input_tokens": 13046,
    "total_output_tokens": 3058,
    "total_tokens": 16104,
    "total_cost": 0.22219999999999998
}