{
    "commit": "36ea65ee3ec64f8104f87c9687dd85332d19947c",
    "start_epoch": 1760354723.206984,
    "end_epoch": 1760354773.231843,
    "elapsed_seconds": 50.024859,
    "model": "gpt-4o-2024-05-13",
    "input_cost_per_token": 5e-06,
    "output_cost_per_token": 1.5e-05,
    "total_input_tokens": 18378,
    "total_output_tokens": 3897,
    "total_tokens": 22275,
    "total_cost": 0.150345
}