{
    "commit": "22e22f76813b3c9d51dd11cf24ffee8d85486bb5",
    "start_epoch": 1760728923.85028,
    "end_epoch": 1760729026.316272,
    "elapsed_seconds": 102.465992,
    "model": "gpt-4-0125-preview",
    "input_cost_per_token": 1e-05,
    "output_cost_per_token": 3e-05,
    "total_input_tokens": 22411,
    "total_output_tokens": 3797,
    "total_tokens": 26208,
    "total_cost": 0.33802000000000004
}