{
    "commit": "5349b718b11d459914974d673a286759db4a4fc0",
    "start_epoch": 1760554858.131347,
    "end_epoch": 1760554890.798384,
    "elapsed_seconds": 32.667037,
    "model": "gpt-4-0125-preview",
    "input_cost_per_token": 1e-05,
    "output_cost_per_token": 3e-05,
    "total_input_tokens": 4317,
    "total_output_tokens": 1081,
    "total_tokens": 5398,
    "total_cost": 0.0756
}