{
    "commit": "47895549fd36681d710f297fcc054505fdc329c3",
    "start_epoch": 1760771111.683024,
    "end_epoch": 1760771199.180957,
    "elapsed_seconds": 87.497933,
    "model": "gpt-4-0125-preview",
    "input_cost_per_token": 1e-05,
    "output_cost_per_token": 3e-05,
    "total_input_tokens": 10872,
    "total_output_tokens": 3727,
    "total_tokens": 14599,
    "total_cost": 0.22053
}