{
    "commit": "c3907151f9c3390a66cbc14c30c10ccde38d1e19",
    "start_epoch": 1760556407.436278,
    "end_epoch": 1760556463.328618,
    "elapsed_seconds": 55.89234,
    "model": "gpt-4-0125-preview",
    "input_cost_per_token": 1e-05,
    "output_cost_per_token": 3e-05,
    "total_input_tokens": 7592,
    "total_output_tokens": 1977,
    "total_tokens": 9569,
    "total_cost": 0.13523000000000002
}