{
    "commit": "9b91c0bb248f23df325800e47ea3f429dd0196c8",
    "start_epoch": 1760808499.431332,
    "end_epoch": 1760808575.626069,
    "elapsed_seconds": 76.194737,
    "model": "gpt-4-0125-preview",
    "input_cost_per_token": 1e-05,
    "output_cost_per_token": 3e-05,
    "total_input_tokens": 32808,
    "total_output_tokens": 2846,
    "total_tokens": 35654,
    "total_cost": 0.41346
}