{
    "commit": "673c2cea3f628ae6d49759adfc4003d2e4d582d0",
    "start_epoch": 1760524109.46487,
    "end_epoch": 1760524157.921216,
    "elapsed_seconds": 48.456346,
    "model": "gpt-4-0125-preview",
    "input_cost_per_token": 1e-05,
    "output_cost_per_token": 3e-05,
    "total_input_tokens": 7904,
    "total_output_tokens": 1600,
    "total_tokens": 9504,
    "total_cost": 0.12704000000000001
}