{
    "commit": "c57fec12c224af8360effd10bd3a92c109e67566",
    "start_epoch": 1760763012.361919,
    "end_epoch": 1760763107.305446,
    "elapsed_seconds": 94.943527,
    "model": "gpt-4-0125-preview",
    "input_cost_per_token": 1e-05,
    "output_cost_per_token": 3e-05,
    "total_input_tokens": 18698,
    "total_output_tokens": 3347,
    "total_tokens": 22045,
    "total_cost": 0.28739000000000003
}