{
    "commit": "29ad6057c068ba99ad89d45b8c14e7e359de767b",
    "start_epoch": 1760751002.074571,
    "end_epoch": 1760751046.687976,
    "elapsed_seconds": 44.613405,
    "model": "gpt-4-0125-preview",
    "input_cost_per_token": 1e-05,
    "output_cost_per_token": 3e-05,
    "total_input_tokens": 6631,
    "total_output_tokens": 1639,
    "total_tokens": 8270,
    "total_cost": 0.11548
}