{
    "commit": "41677cae46adf5dcca758af7c96cbed17e4da298",
    "start_epoch": 1760546534.009116,
    "end_epoch": 1760546581.909392,
    "elapsed_seconds": 47.900276,
    "model": "gpt-4-0125-preview",
    "input_cost_per_token": 1e-05,
    "output_cost_per_token": 3e-05,
    "total_input_tokens": 7352,
    "total_output_tokens": 1552,
    "total_tokens": 8904,
    "total_cost": 0.12008
}