{
    "commit": "562760c9678b889b234be28e4fb31a4a091df994",
    "start_epoch": 1760705989.737845,
    "end_epoch": 1760706039.697369,
    "elapsed_seconds": 49.959524,
    "model": "gpt-4-0125-preview",
    "input_cost_per_token": 1e-05,
    "output_cost_per_token": 3e-05,
    "total_input_tokens": 8436,
    "total_output_tokens": 1825,
    "total_tokens": 10261,
    "total_cost": 0.13911
}