{
    "commit": "7f54e5305ac1df41566882e09b17baf8ad54cb20",
    "start_epoch": 1760819863.433375,
    "end_epoch": 1760819935.731128,
    "elapsed_seconds": 72.297753,
    "model": "gpt-4-0125-preview",
    "input_cost_per_token": 1e-05,
    "output_cost_per_token": 3e-05,
    "total_input_tokens": 12413,
    "total_output_tokens": 2459,
    "total_tokens": 14872,
    "total_cost": 0.19790000000000002
}