{
    "commit": "ee57c6ff27870e4d5e6310a36fe607cfffea0601",
    "start_epoch": 1760757115.308653,
    "end_epoch": 1760757173.920437,
    "elapsed_seconds": 58.611784,
    "model": "gpt-4-0125-preview",
    "input_cost_per_token": 1e-05,
    "output_cost_per_token": 3e-05,
    "total_input_tokens": 18776,
    "total_output_tokens": 2083,
    "total_tokens": 20859,
    "total_cost": 0.25025
}