{
    "commit": "30b2a058833d50029eb56bb434fdb6c3144d151f",
    "start_epoch": 1760782628.975792,
    "end_epoch": 1760782669.236628,
    "elapsed_seconds": 40.260836,
    "model": "gpt-4-0125-preview",
    "input_cost_per_token": 1e-05,
    "output_cost_per_token": 3e-05,
    "total_input_tokens": 4938,
    "total_output_tokens": 1277,
    "total_tokens": 6215,
    "total_cost": 0.08769000000000002
}