{
    "commit": "70c48719cd657e0e83d4047c83f48d691d9a0bca",
    "start_epoch": 1760708050.004701,
    "end_epoch": 1760708093.842121,
    "elapsed_seconds": 43.83742,
    "model": "gpt-4-0125-preview",
    "input_cost_per_token": 1e-05,
    "output_cost_per_token": 3e-05,
    "total_input_tokens": 6081,
    "total_output_tokens": 1476,
    "total_tokens": 7557,
    "total_cost": 0.10509
}