{
    "commit": "22e2d208303753abbfc8f45a73a03e220e93a5bc",
    "start_epoch": 1760808146.776893,
    "end_epoch": 1760808195.479624,
    "elapsed_seconds": 48.702731,
    "model": "gpt-4-0125-preview",
    "input_cost_per_token": 1e-05,
    "output_cost_per_token": 3e-05,
    "total_input_tokens": 7352,
    "total_output_tokens": 1791,
    "total_tokens": 9143,
    "total_cost": 0.12725
}