{
    "commit": "86f4be1ff9f21139ad151bb7fd1f1182807568ae",
    "start_epoch": 1760703403.27467,
    "end_epoch": 1760703458.702106,
    "elapsed_seconds": 55.427436,
    "model": "gpt-4-0125-preview",
    "input_cost_per_token": 1e-05,
    "output_cost_per_token": 3e-05,
    "total_input_tokens": 7893,
    "total_output_tokens": 2082,
    "total_tokens": 9975,
    "total_cost": 0.14139000000000002
}