{
    "commit": "a45965b1fb8cab143024d5948f277dc9591ccbe6",
    "start_epoch": 1760497068.745796,
    "end_epoch": 1760497114.242302,
    "elapsed_seconds": 45.496506,
    "model": "gpt-4-0125-preview",
    "input_cost_per_token": 1e-05,
    "output_cost_per_token": 3e-05,
    "total_input_tokens": 5654,
    "total_output_tokens": 1578,
    "total_tokens": 7232,
    "total_cost": 0.10388
}