{
    "commit": "69056df7bd2c40c54caee288ffb354728cbc0572",
    "start_epoch": 1760578249.298222,
    "end_epoch": 1760578384.295195,
    "elapsed_seconds": 134.996973,
    "model": "gpt-4-0125-preview",
    "input_cost_per_token": 1e-05,
    "output_cost_per_token": 3e-05,
    "total_input_tokens": 18604,
    "total_output_tokens": 5099,
    "total_tokens": 23703,
    "total_cost": 0.33901
}