{
    "commit": "481f4feaa8d8a6e6106d43d60617aeff3f6ee3af",
    "start_epoch": 1760744101.489335,
    "end_epoch": 1760744139.197617,
    "elapsed_seconds": 37.708282,
    "model": "gpt-4-0125-preview",
    "input_cost_per_token": 1e-05,
    "output_cost_per_token": 3e-05,
    "total_input_tokens": 5373,
    "total_output_tokens": 1383,
    "total_tokens": 6756,
    "total_cost": 0.09522000000000001
}