{
    "commit": "89823cb1eec39b7a24993c5dfca3d457282b84e8",
    "start_epoch": 1760515893.763635,
    "end_epoch": 1760515996.615753,
    "elapsed_seconds": 102.852118,
    "model": "gpt-4-0125-preview",
    "input_cost_per_token": 1e-05,
    "output_cost_per_token": 3e-05,
    "total_input_tokens": 16861,
    "total_output_tokens": 3637,
    "total_tokens": 20498,
    "total_cost": 0.27771999999999997
}