{
    "commit": "6b3d73def0fc91bd24b0d5fbb5e84f7b91f700b2",
    "start_epoch": 1760583740.142752,
    "end_epoch": 1760583837.557828,
    "elapsed_seconds": 97.415076,
    "model": "gpt-4-0125-preview",
    "input_cost_per_token": 1e-05,
    "output_cost_per_token": 3e-05,
    "total_input_tokens": 9835,
    "total_output_tokens": 3468,
    "total_tokens": 13303,
    "total_cost": 0.20239000000000001
}