{
    "commit": "6c8ca22ad26842b31422970280579f45aade7233",
    "start_epoch": 1760800421.386998,
    "end_epoch": 1760800493.54485,
    "elapsed_seconds": 72.157852,
    "model": "gpt-4-0125-preview",
    "input_cost_per_token": 1e-05,
    "output_cost_per_token": 3e-05,
    "total_input_tokens": 19148,
    "total_output_tokens": 2560,
    "total_tokens": 21708,
    "total_cost": 0.26828
}