{
    "commit": "5622da7f992fe35ece1bcc5508d7b7bbcfae854b",
    "start_epoch": 1760796146.657451,
    "end_epoch": 1760796230.937999,
    "elapsed_seconds": 84.280548,
    "model": "gpt-4-0125-preview",
    "input_cost_per_token": 1e-05,
    "output_cost_per_token": 3e-05,
    "total_input_tokens": 13978,
    "total_output_tokens": 3209,
    "total_tokens": 17187,
    "total_cost": 0.23605
}