{
    "commit": "fe2b043876405e67931cb260c82e17e7d9c2bd67",
    "start_epoch": 1760743682.750883,
    "end_epoch": 1760743779.087493,
    "elapsed_seconds": 96.33661,
    "model": "gpt-4-0125-preview",
    "input_cost_per_token": 1e-05,
    "output_cost_per_token": 3e-05,
    "total_input_tokens": 16201,
    "total_output_tokens": 3947,
    "total_tokens": 20148,
    "total_cost": 0.28042
}