{
    "commit": "24ca3238924550b4179387c7e80eb7964a400fdc",
    "start_epoch": 1760771477.170496,
    "end_epoch": 1760771571.379768,
    "elapsed_seconds": 94.209272,
    "model": "gpt-4-0125-preview",
    "input_cost_per_token": 1e-05,
    "output_cost_per_token": 3e-05,
    "total_input_tokens": 15444,
    "total_output_tokens": 3614,
    "total_tokens": 19058,
    "total_cost": 0.26286
}