{
    "commit": "8d7a216604f63fa43fef2c0d5a5e301c2c130aa5",
    "start_epoch": 1760555849.404986,
    "end_epoch": 1760555919.310576,
    "elapsed_seconds": 69.90559,
    "model": "gpt-4-0125-preview",
    "input_cost_per_token": 1e-05,
    "output_cost_per_token": 3e-05,
    "total_input_tokens": 7319,
    "total_output_tokens": 2549,
    "total_tokens": 9868,
    "total_cost": 0.14966
}