{
    "commit": "64856e9ac003327c2339a7271f43a552839f9eb6",
    "start_epoch": 1760737131.480939,
    "end_epoch": 1760737206.68637,
    "elapsed_seconds": 75.205431,
    "model": "gpt-4-0125-preview",
    "input_cost_per_token": 1e-05,
    "output_cost_per_token": 3e-05,
    "total_input_tokens": 6890,
    "total_output_tokens": 2707,
    "total_tokens": 9597,
    "total_cost": 0.15011000000000002
}