{
    "commit": "9f888467af128deac72b3b7b59fca0f1427bad8a",
    "start_epoch": 1760547489.825738,
    "end_epoch": 1760547544.399941,
    "elapsed_seconds": 54.574203,
    "model": "gpt-4-0125-preview",
    "input_cost_per_token": 1e-05,
    "output_cost_per_token": 3e-05,
    "total_input_tokens": 9368,
    "total_output_tokens": 1841,
    "total_tokens": 11209,
    "total_cost": 0.14891000000000004
}