{
    "commit": "62495f8476c82f8a3dc680bf016f85c4b6922230",
    "start_epoch": 1760700070.651114,
    "end_epoch": 1760700170.827424,
    "elapsed_seconds": 100.17631,
    "model": "gpt-4-0125-preview",
    "input_cost_per_token": 1e-05,
    "output_cost_per_token": 3e-05,
    "total_input_tokens": 10226,
    "total_output_tokens": 3620,
    "total_tokens": 13846,
    "total_cost": 0.21086000000000002
}