{
    "commit": "f2425cc57596206db30938a39bee75e3b4421492",
    "start_epoch": 1760734457.031036,
    "end_epoch": 1760734524.459752,
    "elapsed_seconds": 67.428716,
    "model": "gpt-4-0125-preview",
    "input_cost_per_token": 1e-05,
    "output_cost_per_token": 3e-05,
    "total_input_tokens": 7642,
    "total_output_tokens": 2394,
    "total_tokens": 10036,
    "total_cost": 0.14824
}