{
    "commit": "d2aac688600d5c82a67228d01fbbdf6c3afe07bb",
    "start_epoch": 1760797520.663387,
    "end_epoch": 1760797581.648873,
    "elapsed_seconds": 60.985486,
    "model": "gpt-4-0125-preview",
    "input_cost_per_token": 1e-05,
    "output_cost_per_token": 3e-05,
    "total_input_tokens": 14309,
    "total_output_tokens": 2201,
    "total_tokens": 16510,
    "total_cost": 0.20912000000000003
}