{
    "commit": "82b64e4376c0925ccefb8530bcdd1f710685a545",
    "start_epoch": 1760718320.253493,
    "end_epoch": 1760718609.07124,
    "elapsed_seconds": 288.817747,
    "model": "gpt-4-0125-preview",
    "input_cost_per_token": 1e-05,
    "output_cost_per_token": 3e-05,
    "total_input_tokens": 112121,
    "total_output_tokens": 6790,
    "total_tokens": 118911,
    "total_cost": 1.324910000000001
}