{
    "commit": "54e83755a7fa69aa6f58f356bc330b4c0703fddc",
    "start_epoch": 1760513877.221064,
    "end_epoch": 1760513965.257816,
    "elapsed_seconds": 88.036752,
    "model": "gpt-4-0125-preview",
    "input_cost_per_token": 1e-05,
    "output_cost_per_token": 3e-05,
    "total_input_tokens": 31585,
    "total_output_tokens": 3192,
    "total_tokens": 34777,
    "total_cost": 0.41161000000000003
}