{
    "commit": "ceec00cc3a163f790b50487f9740c5f1cd534504",
    "start_epoch": 1760797659.315647,
    "end_epoch": 1760797703.982795,
    "elapsed_seconds": 44.667148,
    "model": "gpt-4-0125-preview",
    "input_cost_per_token": 1e-05,
    "output_cost_per_token": 3e-05,
    "total_input_tokens": 16637,
    "total_output_tokens": 1368,
    "total_tokens": 18005,
    "total_cost": 0.20741
}