{
    "commit": "d1c4896a63a9614e05ecbde771b45154e42ffd3d",
    "start_epoch": 1760734258.735013,
    "end_epoch": 1760734358.825738,
    "elapsed_seconds": 100.090725,
    "model": "gpt-4-0125-preview",
    "input_cost_per_token": 1e-05,
    "output_cost_per_token": 3e-05,
    "total_input_tokens": 24174,
    "total_output_tokens": 3406,
    "total_tokens": 27580,
    "total_cost": 0.34392
}