{
    "commit": "5efc5e8fff802a3ed59a5f09a84e06fe5aee9204",
    "start_epoch": 1760495730.43774,
    "end_epoch": 1760495772.423376,
    "elapsed_seconds": 41.985636,
    "model": "gpt-4-0125-preview",
    "input_cost_per_token": 1e-05,
    "output_cost_per_token": 3e-05,
    "total_input_tokens": 7872,
    "total_output_tokens": 1308,
    "total_tokens": 9180,
    "total_cost": 0.11796000000000001
}