{
    "commit": "419b9897079aa82b31f1cd1b028a0c5c130090b8",
    "start_epoch": 1760714755.528196,
    "end_epoch": 1760714801.779767,
    "elapsed_seconds": 46.251571,
    "model": "gpt-4-0125-preview",
    "input_cost_per_token": 1e-05,
    "output_cost_per_token": 3e-05,
    "total_input_tokens": 12658,
    "total_output_tokens": 1617,
    "total_tokens": 14275,
    "total_cost": 0.17509
}