{
    "commit": "a83e3ff772671c9f3a97c60d4aea6fbd6ba3f64b",
    "start_epoch": 1760705414.211488,
    "end_epoch": 1760705495.088354,
    "elapsed_seconds": 80.876866,
    "model": "gpt-4-0125-preview",
    "input_cost_per_token": 1e-05,
    "output_cost_per_token": 3e-05,
    "total_input_tokens": 26348,
    "total_output_tokens": 2843,
    "total_tokens": 29191,
    "total_cost": 0.34877
}