{
    "commit": "1adeddc0aad68ec24a5d6ad4e7d0a291334df923",
    "start_epoch": 1760573595.543351,
    "end_epoch": 1760573702.3121,
    "elapsed_seconds": 106.768749,
    "model": "gpt-4-0125-preview",
    "input_cost_per_token": 1e-05,
    "output_cost_per_token": 3e-05,
    "total_input_tokens": 10724,
    "total_output_tokens": 4031,
    "total_tokens": 14755,
    "total_cost": 0.22817
}