{
    "commit": "034094e92fc2880c6c8dcff711b353e7c95ddeeb",
    "start_epoch": 1760775054.432156,
    "end_epoch": 1760775120.838661,
    "elapsed_seconds": 66.406505,
    "model": "gpt-4-0125-preview",
    "input_cost_per_token": 1e-05,
    "output_cost_per_token": 3e-05,
    "total_input_tokens": 22330,
    "total_output_tokens": 1688,
    "total_tokens": 24018,
    "total_cost": 0.2739400000000001
}