{
    "commit": "37ea2c7f02b7d1f1ad743aac4abcf00d9b3b910a",
    "start_epoch": 1760802170.274583,
    "end_epoch": 1760802228.265174,
    "elapsed_seconds": 57.990591,
    "model": "gpt-4-0125-preview",
    "input_cost_per_token": 1e-05,
    "output_cost_per_token": 3e-05,
    "total_input_tokens": 9236,
    "total_output_tokens": 2263,
    "total_tokens": 11499,
    "total_cost": 0.16025
}