{
    "commit": "0790614fad10f58b26984304b542133eb2b885cf",
    "start_epoch": 1760566242.940512,
    "end_epoch": 1760566326.835486,
    "elapsed_seconds": 83.894974,
    "model": "gpt-4-0125-preview",
    "input_cost_per_token": 1e-05,
    "output_cost_per_token": 3e-05,
    "total_input_tokens": 23388,
    "total_output_tokens": 2711,
    "total_tokens": 26099,
    "total_cost": 0.31521000000000005
}