{
    "commit": "2724474833d79da9c711f850cc8a107df26fd648",
    "start_epoch": 1760534191.730921,
    "end_epoch": 1760534263.045008,
    "elapsed_seconds": 71.314087,
    "model": "gpt-4-0125-preview",
    "input_cost_per_token": 1e-05,
    "output_cost_per_token": 3e-05,
    "total_input_tokens": 6510,
    "total_output_tokens": 2183,
    "total_tokens": 8693,
    "total_cost": 0.13059
}