{
    "commit": "0fa285cf4afaa398626cf795fc690969e640de96",
    "start_epoch": 1760513696.818252,
    "end_epoch": 1760513784.104541,
    "elapsed_seconds": 87.286289,
    "model": "gpt-4-0125-preview",
    "input_cost_per_token": 1e-05,
    "output_cost_per_token": 3e-05,
    "total_input_tokens": 13724,
    "total_output_tokens": 3027,
    "total_tokens": 16751,
    "total_cost": 0.22805000000000003
}