{
    "commit": "b1888fab0c207d72e541bf4633b39c6e1d524a1a",
    "start_epoch": 1760783192.461884,
    "end_epoch": 1760783244.001081,
    "elapsed_seconds": 51.539197,
    "model": "gpt-4-0125-preview",
    "input_cost_per_token": 1e-05,
    "output_cost_per_token": 3e-05,
    "total_input_tokens": 6608,
    "total_output_tokens": 2109,
    "total_tokens": 8717,
    "total_cost": 0.12935
}