{
    "commit": "81ccc2b6eeaef2264e05f5b1a066633734119c06",
    "start_epoch": 1760700029.710716,
    "end_epoch": 1760700070.48089,
    "elapsed_seconds": 40.770174,
    "model": "gpt-4-0125-preview",
    "input_cost_per_token": 1e-05,
    "output_cost_per_token": 3e-05,
    "total_input_tokens": 5822,
    "total_output_tokens": 1491,
    "total_tokens": 7313,
    "total_cost": 0.10295000000000001
}