{
    "commit": "1f635990af4eb040f2fd5a56023695bc31e60d7c",
    "start_epoch": 1760786563.523585,
    "end_epoch": 1760786646.48471,
    "elapsed_seconds": 82.961125,
    "model": "gpt-4-0125-preview",
    "input_cost_per_token": 1e-05,
    "output_cost_per_token": 3e-05,
    "total_input_tokens": 15261,
    "total_output_tokens": 3423,
    "total_tokens": 18684,
    "total_cost": 0.25529999999999997
}