{
    "commit": "81d060f5b9f0cf6daea70d222ef26fa48e767f70",
    "start_epoch": 1760741256.78013,
    "end_epoch": 1760741297.081259,
    "elapsed_seconds": 40.301129,
    "model": "gpt-4-0125-preview",
    "input_cost_per_token": 1e-05,
    "output_cost_per_token": 3e-05,
    "total_input_tokens": 6775,
    "total_output_tokens": 1527,
    "total_tokens": 8302,
    "total_cost": 0.11356000000000001
}