{
    "commit": "c626953ae8c8962c99bb9dc7f5dd179d3d92324d",
    "start_epoch": 1760507804.42299,
    "end_epoch": 1760507847.635413,
    "elapsed_seconds": 43.212423,
    "model": "gpt-4-0125-preview",
    "input_cost_per_token": 1e-05,
    "output_cost_per_token": 3e-05,
    "total_input_tokens": 7269,
    "total_output_tokens": 1535,
    "total_tokens": 8804,
    "total_cost": 0.11874
}