{
    "commit": "2983ca841508bdfb1e8391369dcce75d8706408d",
    "start_epoch": 1760538749.800042,
    "end_epoch": 1760538813.067818,
    "elapsed_seconds": 63.267776,
    "model": "gpt-4-0125-preview",
    "input_cost_per_token": 1e-05,
    "output_cost_per_token": 3e-05,
    "total_input_tokens": 5187,
    "total_output_tokens": 1301,
    "total_tokens": 6488,
    "total_cost": 0.09090000000000001
}