{
    "commit": "594dc06072bf20002a2dcbfa428beaffec6d2aaa",
    "start_epoch": 1760790050.440031,
    "end_epoch": 1760790093.470297,
    "elapsed_seconds": 43.030266,
    "model": "gpt-4-0125-preview",
    "input_cost_per_token": 1e-05,
    "output_cost_per_token": 3e-05,
    "total_input_tokens": 8564,
    "total_output_tokens": 1560,
    "total_tokens": 10124,
    "total_cost": 0.13244000000000003
}