{
    "commit": "c29d72d24342b583e94119e997fb5d355cec893d",
    "start_epoch": 1760544378.067576,
    "end_epoch": 1760544503.29451,
    "elapsed_seconds": 125.226934,
    "model": "gpt-4-0125-preview",
    "input_cost_per_token": 1e-05,
    "output_cost_per_token": 3e-05,
    "total_input_tokens": 16184,
    "total_output_tokens": 3813,
    "total_tokens": 19997,
    "total_cost": 0.27623000000000003
}