{
    "commit": "27068a0cbcad74862775e40d57a724f1e34bbfd2",
    "start_epoch": 1760796915.725159,
    "end_epoch": 1760796996.579341,
    "elapsed_seconds": 80.854182,
    "model": "gpt-4-0125-preview",
    "input_cost_per_token": 1e-05,
    "output_cost_per_token": 3e-05,
    "total_input_tokens": 13167,
    "total_output_tokens": 3112,
    "total_tokens": 16279,
    "total_cost": 0.22503
}