{
    "commit": "816f82993eac4b66c8c08a4ed28eb3b0c1f86181",
    "start_epoch": 1760769543.769886,
    "end_epoch": 1760769641.019746,
    "elapsed_seconds": 97.24986,
    "model": "gpt-4-0125-preview",
    "input_cost_per_token": 1e-05,
    "output_cost_per_token": 3e-05,
    "total_input_tokens": 10754,
    "total_output_tokens": 4118,
    "total_tokens": 14872,
    "total_cost": 0.23108
}