{
    "commit": "f24b876fbb76d04908c8fd8e90233710d2c8e3b5",
    "start_epoch": 1760802984.548175,
    "end_epoch": 1760803080.044178,
    "elapsed_seconds": 95.496003,
    "model": "gpt-4-0125-preview",
    "input_cost_per_token": 1e-05,
    "output_cost_per_token": 3e-05,
    "total_input_tokens": 12729,
    "total_output_tokens": 3572,
    "total_tokens": 16301,
    "total_cost": 0.23445
}