{
    "commit": "b0b26df7a1564828a39650354f08820e81ffa666",
    "start_epoch": 1760706372.628515,
    "end_epoch": 1760706492.806581,
    "elapsed_seconds": 120.178066,
    "model": "gpt-4-0125-preview",
    "input_cost_per_token": 1e-05,
    "output_cost_per_token": 3e-05,
    "total_input_tokens": 12452,
    "total_output_tokens": 4649,
    "total_tokens": 17101,
    "total_cost": 0.26399
}