{
    "commit": "c6094cbb88d7c88b0a50d54a0413e71bf76cb4f4",
    "start_epoch": 1760807187.695663,
    "end_epoch": 1760807317.090688,
    "elapsed_seconds": 129.395025,
    "model": "gpt-4-0125-preview",
    "input_cost_per_token": 1e-05,
    "output_cost_per_token": 3e-05,
    "total_input_tokens": 48687,
    "total_output_tokens": 4897,
    "total_tokens": 53584,
    "total_cost": 0.63378
}