{
    "commit": "68ca5dc77a81b5b39c7dc7c1617e715dc01bac8d",
    "start_epoch": 1760694043.25618,
    "end_epoch": 1760694205.787037,
    "elapsed_seconds": 162.530857,
    "model": "gpt-4-0125-preview",
    "input_cost_per_token": 1e-05,
    "output_cost_per_token": 3e-05,
    "total_input_tokens": 57718,
    "total_output_tokens": 6166,
    "total_tokens": 63884,
    "total_cost": 0.7621600000000001
}