{
    "commit": "0e2bd12817bef013abe2d8f3265de919f748829a",
    "start_epoch": 1760814958.325822,
    "end_epoch": 1760815291.055989,
    "elapsed_seconds": 332.730167,
    "model": "gpt-4-0125-preview",
    "input_cost_per_token": 1e-05,
    "output_cost_per_token": 3e-05,
    "total_input_tokens": 54870,
    "total_output_tokens": 7430,
    "total_tokens": 62300,
    "total_cost": 0.7715999999999998
}