{
    "commit": "75f71b0af80837a47009296b19767dc656616de5",
    "start_epoch": 1760536874.692389,
    "end_epoch": 1760536995.967402,
    "elapsed_seconds": 121.275013,
    "model": "gpt-4-0125-preview",
    "input_cost_per_token": 1e-05,
    "output_cost_per_token": 3e-05,
    "total_input_tokens": 16089,
    "total_output_tokens": 3303,
    "total_tokens": 19392,
    "total_cost": 0.25998
}