{
    "commit": "f27ad38d891592dcfc6501f088af781429bc514a",
    "start_epoch": 1760553394.546431,
    "end_epoch": 1760553461.383381,
    "elapsed_seconds": 66.83695,
    "model": "gpt-4-0125-preview",
    "input_cost_per_token": 1e-05,
    "output_cost_per_token": 3e-05,
    "total_input_tokens": 20633,
    "total_output_tokens": 2085,
    "total_tokens": 22718,
    "total_cost": 0.26888
}