{
    "commit": "adae20829e75bd0e4934926686585a89d69f9bbf",
    "start_epoch": 1760819432.783268,
    "end_epoch": 1760819483.693659,
    "elapsed_seconds": 50.910391,
    "model": "gpt-4-0125-preview",
    "input_cost_per_token": 1e-05,
    "output_cost_per_token": 3e-05,
    "total_input_tokens": 10509,
    "total_output_tokens": 1602,
    "total_tokens": 12111,
    "total_cost": 0.15315
}