{
    "commit": "8ea647025bb3384600dc89c3685ab1c03cb499ca",
    "start_epoch": 1760782874.301497,
    "end_epoch": 1760782916.666889,
    "elapsed_seconds": 42.365392,
    "model": "gpt-4-0125-preview",
    "input_cost_per_token": 1e-05,
    "output_cost_per_token": 3e-05,
    "total_input_tokens": 5502,
    "total_output_tokens": 1409,
    "total_tokens": 6911,
    "total_cost": 0.09728999999999999
}