{
    "commit": "8ae88c0c60f65b12b27af5971989690c7c730eeb",
    "start_epoch": 1760537141.982312,
    "end_epoch": 1760537246.404782,
    "elapsed_seconds": 104.42247,
    "model": "gpt-4-0125-preview",
    "input_cost_per_token": 1e-05,
    "output_cost_per_token": 3e-05,
    "total_input_tokens": 29584,
    "total_output_tokens": 2050,
    "total_tokens": 31634,
    "total_cost": 0.35734000000000005
}