{
    "commit": "ad2aa60dd016ab90d2a7d10fcc963a0f5722c56d",
    "start_epoch": 1760581962.993429,
    "end_epoch": 1760582052.600122,
    "elapsed_seconds": 89.606693,
    "model": "gpt-4-0125-preview",
    "input_cost_per_token": 1e-05,
    "output_cost_per_token": 3e-05,
    "total_input_tokens": 8518,
    "total_output_tokens": 2830,
    "total_tokens": 11348,
    "total_cost": 0.17008
}