{
    "commit": "0eb65aa2fd5007d6c1fd30456b792bdc23ffb934",
    "start_epoch": 1760703945.719106,
    "end_epoch": 1760704013.88479,
    "elapsed_seconds": 68.165684,
    "model": "gpt-4-0125-preview",
    "input_cost_per_token": 1e-05,
    "output_cost_per_token": 3e-05,
    "total_input_tokens": 8302,
    "total_output_tokens": 1850,
    "total_tokens": 10152,
    "total_cost": 0.13852
}