{
    "commit": "4054b11c75409ab8c5b654e8a528e4a39061635b",
    "start_epoch": 1760565468.278109,
    "end_epoch": 1760565552.75548,
    "elapsed_seconds": 84.477371,
    "model": "gpt-4-0125-preview",
    "input_cost_per_token": 1e-05,
    "output_cost_per_token": 3e-05,
    "total_input_tokens": 15506,
    "total_output_tokens": 3203,
    "total_tokens": 18709,
    "total_cost": 0.25115
}