{
    "commit": "3bd212618dd3c71d3dddcd0d05bb972a53f3632e",
    "start_epoch": 1760789782.106142,
    "end_epoch": 1760789824.604678,
    "elapsed_seconds": 42.498536,
    "model": "gpt-4-0125-preview",
    "input_cost_per_token": 1e-05,
    "output_cost_per_token": 3e-05,
    "total_input_tokens": 6269,
    "total_output_tokens": 1568,
    "total_tokens": 7837,
    "total_cost": 0.10973000000000001
}