{
    "commit": "ee2cbc3c5babcc89b9fa5d00b28764774a3e5100",
    "start_epoch": 1760569343.586497,
    "end_epoch": 1760569447.466835,
    "elapsed_seconds": 103.880338,
    "model": "gpt-4-0125-preview",
    "input_cost_per_token": 1e-05,
    "output_cost_per_token": 3e-05,
    "total_input_tokens": 18394,
    "total_output_tokens": 3707,
    "total_tokens": 22101,
    "total_cost": 0.29514999999999997
}