{
    "commit": "77c2f542dd7f73635802336a0526e5acae2a6085",
    "start_epoch": 1760712719.375771,
    "end_epoch": 1760712758.022978,
    "elapsed_seconds": 38.647207,
    "model": "gpt-4-0125-preview",
    "input_cost_per_token": 1e-05,
    "output_cost_per_token": 3e-05,
    "total_input_tokens": 5434,
    "total_output_tokens": 1148,
    "total_tokens": 6582,
    "total_cost": 0.08878
}