{
    "commit": "4fe11c8bab4e68bcf13c71e5e2c24b01bedb9076",
    "start_epoch": 1760517438.72251,
    "end_epoch": 1760517514.440026,
    "elapsed_seconds": 75.717516,
    "model": "gpt-4-0125-preview",
    "input_cost_per_token": 1e-05,
    "output_cost_per_token": 3e-05,
    "total_input_tokens": 16767,
    "total_output_tokens": 2692,
    "total_tokens": 19459,
    "total_cost": 0.24843
}