{
    "commit": "1e1d9fc35f34097c640aefb17a8805efd4199fc6",
    "start_epoch": 1760758854.476591,
    "end_epoch": 1760758902.541218,
    "elapsed_seconds": 48.064627,
    "model": "gpt-4-0125-preview",
    "input_cost_per_token": 1e-05,
    "output_cost_per_token": 3e-05,
    "total_input_tokens": 7816,
    "total_output_tokens": 1933,
    "total_tokens": 9749,
    "total_cost": 0.13615000000000002
}