{
    "commit": "6a6d2a7f2418038f71ce5e0c9a99d9e6ad9475d5",
    "start_epoch": 1760767557.818744,
    "end_epoch": 1760767653.808532,
    "elapsed_seconds": 95.989788,
    "model": "gpt-4-0125-preview",
    "input_cost_per_token": 1e-05,
    "output_cost_per_token": 3e-05,
    "total_input_tokens": 15705,
    "total_output_tokens": 3364,
    "total_tokens": 19069,
    "total_cost": 0.25797000000000003
}