{
    "commit": "ea32f09f6383eab7b709c5028d487e42682768ef",
    "start_epoch": 1760814842.228514,
    "end_epoch": 1760814958.196091,
    "elapsed_seconds": 115.967577,
    "model": "gpt-4-0125-preview",
    "input_cost_per_token": 1e-05,
    "output_cost_per_token": 3e-05,
    "total_input_tokens": 17608,
    "total_output_tokens": 4206,
    "total_tokens": 21814,
    "total_cost": 0.30226000000000003
}