{
    "commit": "ba1f3121d4ae5e56dad1144077b571bf7cd706f4",
    "start_epoch": 1760701401.046935,
    "end_epoch": 1760701451.219459,
    "elapsed_seconds": 50.172524,
    "model": "gpt-4-0125-preview",
    "input_cost_per_token": 1e-05,
    "output_cost_per_token": 3e-05,
    "total_input_tokens": 11905,
    "total_output_tokens": 1897,
    "total_tokens": 13802,
    "total_cost": 0.17596000000000003
}