{
    "commit": "3e49ed30a84f01bd7f0df4fcc780373fefeb954c",
    "start_epoch": 1760514221.687458,
    "end_epoch": 1760514333.797349,
    "elapsed_seconds": 112.109891,
    "model": "gpt-4-0125-preview",
    "input_cost_per_token": 1e-05,
    "output_cost_per_token": 3e-05,
    "total_input_tokens": 17548,
    "total_output_tokens": 3814,
    "total_tokens": 21362,
    "total_cost": 0.28990000000000005
}