{
    "commit": "a1ab78006417b0cd6f1aea5194f4d8dc5ccf9bb7",
    "start_epoch": 1760506778.854576,
    "end_epoch": 1760506840.483419,
    "elapsed_seconds": 61.628843,
    "model": "gpt-4-0125-preview",
    "input_cost_per_token": 1e-05,
    "output_cost_per_token": 3e-05,
    "total_input_tokens": 6899,
    "total_output_tokens": 2054,
    "total_tokens": 8953,
    "total_cost": 0.13061
}