{
    "commit": "20291e5775e0cfab6a5ecb122914c28368dc018f",
    "start_epoch": 1760775120.976465,
    "end_epoch": 1760775180.475185,
    "elapsed_seconds": 59.49872,
    "model": "gpt-4-0125-preview",
    "input_cost_per_token": 1e-05,
    "output_cost_per_token": 3e-05,
    "total_input_tokens": 5726,
    "total_output_tokens": 1684,
    "total_tokens": 7410,
    "total_cost": 0.10778
}