{
    "commit": "f74a7c71d24a877a47ebe532bfd750e6f0d0015a",
    "start_epoch": 1760744548.702971,
    "end_epoch": 1760744588.327315,
    "elapsed_seconds": 39.624344,
    "model": "gpt-4-0125-preview",
    "input_cost_per_token": 1e-05,
    "output_cost_per_token": 3e-05,
    "total_input_tokens": 5767,
    "total_output_tokens": 1299,
    "total_tokens": 7066,
    "total_cost": 0.09664
}