{
    "commit": "755cf204eca6c5f36922d2ed8be8e7ab37547976",
    "start_epoch": 1760751046.879832,
    "end_epoch": 1760751089.376314,
    "elapsed_seconds": 42.496482,
    "model": "gpt-4-0125-preview",
    "input_cost_per_token": 1e-05,
    "output_cost_per_token": 3e-05,
    "total_input_tokens": 6078,
    "total_output_tokens": 1655,
    "total_tokens": 7733,
    "total_cost": 0.11043000000000001
}