{
    "commit": "8a39b4db3eb24b9f4cfc3e3f36a978c26ec80611",
    "start_epoch": 1760561671.503313,
    "end_epoch": 1760561753.092458,
    "elapsed_seconds": 81.589145,
    "model": "gpt-4-0125-preview",
    "input_cost_per_token": 1e-05,
    "output_cost_per_token": 3e-05,
    "total_input_tokens": 10020,
    "total_output_tokens": 2592,
    "total_tokens": 12612,
    "total_cost": 0.17796
}