{
    "commit": "6828810b6fb6ed4f749d1a1c47076717658590a0",
    "start_epoch": 1760707969.370034,
    "end_epoch": 1760708049.823409,
    "elapsed_seconds": 80.453375,
    "model": "gpt-4-0125-preview",
    "input_cost_per_token": 1e-05,
    "output_cost_per_token": 3e-05,
    "total_input_tokens": 17841,
    "total_output_tokens": 2872,
    "total_tokens": 20713,
    "total_cost": 0.26457
}