{
    "commit": "5ba69be863ec4bf0d338b4d7d11a907d2e987deb",
    "start_epoch": 1760587324.628481,
    "end_epoch": 1760587388.93472,
    "elapsed_seconds": 64.306239,
    "model": "gpt-4-0125-preview",
    "input_cost_per_token": 1e-05,
    "output_cost_per_token": 3e-05,
    "total_input_tokens": 10183,
    "total_output_tokens": 2142,
    "total_tokens": 12325,
    "total_cost": 0.16609000000000002
}