{
    "commit": "8a6fff04b128298304826a489fc1bd9e0d3171bf",
    "start_epoch": 1760818128.292397,
    "end_epoch": 1760818217.074886,
    "elapsed_seconds": 88.782489,
    "model": "gpt-4-0125-preview",
    "input_cost_per_token": 1e-05,
    "output_cost_per_token": 3e-05,
    "total_input_tokens": 13134,
    "total_output_tokens": 3135,
    "total_tokens": 16269,
    "total_cost": 0.22538999999999998
}