{
    "commit": "2d600f2d72b04a823aae3720935610648016270d",
    "start_epoch": 1760564953.472545,
    "end_epoch": 1760564998.741901,
    "elapsed_seconds": 45.269356,
    "model": "gpt-4-0125-preview",
    "input_cost_per_token": 1e-05,
    "output_cost_per_token": 3e-05,
    "total_input_tokens": 5691,
    "total_output_tokens": 1770,
    "total_tokens": 7461,
    "total_cost": 0.11001000000000001
}