{
    "commit": "6078048d7e2889c67fb57cf29cc5b3b18e61cb4e",
    "start_epoch": 1760758818.702774,
    "end_epoch": 1760758854.367512,
    "elapsed_seconds": 35.664738,
    "model": "gpt-4-0125-preview",
    "input_cost_per_token": 1e-05,
    "output_cost_per_token": 3e-05,
    "total_input_tokens": 7585,
    "total_output_tokens": 1384,
    "total_tokens": 8969,
    "total_cost": 0.11737
}