{
    "commit": "e9b5b8ae5d78dab22d2fe974d8208ff4945a169b",
    "start_epoch": 1760784098.494768,
    "end_epoch": 1760784145.180657,
    "elapsed_seconds": 46.685889,
    "model": "gpt-4-0125-preview",
    "input_cost_per_token": 1e-05,
    "output_cost_per_token": 3e-05,
    "total_input_tokens": 7087,
    "total_output_tokens": 1594,
    "total_tokens": 8681,
    "total_cost": 0.11869
}