{
    "commit": "26058dccd383592d7a20db9ec98fd37e393f2d42",
    "start_epoch": 1760751783.700999,
    "end_epoch": 1760752192.057957,
    "elapsed_seconds": 408.356958,
    "model": "gpt-4-0125-preview",
    "input_cost_per_token": 1e-05,
    "output_cost_per_token": 3e-05,
    "total_input_tokens": 225923,
    "total_output_tokens": 13317,
    "total_tokens": 239240,
    "total_cost": 2.6587399999999985
}