{
    "commit": "6e28b330e37fba4f86045442779f23919809f7c8",
    "start_epoch": 1760713987.032996,
    "end_epoch": 1760714119.103501,
    "elapsed_seconds": 132.070505,
    "model": "gpt-4-0125-preview",
    "input_cost_per_token": 1e-05,
    "output_cost_per_token": 3e-05,
    "total_input_tokens": 16699,
    "total_output_tokens": 4529,
    "total_tokens": 21228,
    "total_cost": 0.30285999999999996
}