{
    "commit": "06b1a97f0f014ac139e9a69d563caf67012a0ce5",
    "start_epoch": 1760780512.152851,
    "end_epoch": 1760780606.265504,
    "elapsed_seconds": 94.112653,
    "model": "gpt-4-0125-preview",
    "input_cost_per_token": 1e-05,
    "output_cost_per_token": 3e-05,
    "total_input_tokens": 17988,
    "total_output_tokens": 3922,
    "total_tokens": 21910,
    "total_cost": 0.2975400000000001
}