{
    "commit": "451d326ac40ae3631935b029fea28245598a6ca4",
    "start_epoch": 1760500142.622986,
    "end_epoch": 1760500199.248585,
    "elapsed_seconds": 56.625599,
    "model": "gpt-4-0125-preview",
    "input_cost_per_token": 1e-05,
    "output_cost_per_token": 3e-05,
    "total_input_tokens": 10308,
    "total_output_tokens": 2173,
    "total_tokens": 12481,
    "total_cost": 0.16827000000000003
}