{
    "commit": "45b27156fe4b300e17ddace0a0f6a89dc7c3b0b3",
    "start_epoch": 1760764789.093252,
    "end_epoch": 1760764843.114978,
    "elapsed_seconds": 54.021726,
    "model": "gpt-4-0125-preview",
    "input_cost_per_token": 1e-05,
    "output_cost_per_token": 3e-05,
    "total_input_tokens": 11691,
    "total_output_tokens": 1875,
    "total_tokens": 13566,
    "total_cost": 0.17316
}