{
    "commit": "f8ae5c559cddfc8ad8f4898d043abc084d3727db",
    "start_epoch": 1760694706.275217,
    "end_epoch": 1760694794.808917,
    "elapsed_seconds": 88.5337,
    "model": "gpt-4-0125-preview",
    "input_cost_per_token": 1e-05,
    "output_cost_per_token": 3e-05,
    "total_input_tokens": 14093,
    "total_output_tokens": 3470,
    "total_tokens": 17563,
    "total_cost": 0.24503000000000003
}