{
    "commit": "ce14d52e0e88dda22bad7795fe65d3d7010d1af0",
    "start_epoch": 1760562334.117396,
    "end_epoch": 1760562425.492756,
    "elapsed_seconds": 91.37536,
    "model": "gpt-4-0125-preview",
    "input_cost_per_token": 1e-05,
    "output_cost_per_token": 3e-05,
    "total_input_tokens": 26534,
    "total_output_tokens": 3078,
    "total_tokens": 29612,
    "total_cost": 0.35768
}