{
    "commit": "9805d2166bf4280ebfa267dfaaaf4bbc360be165",
    "start_epoch": 1760751253.913862,
    "end_epoch": 1760751616.609601,
    "elapsed_seconds": 362.695739,
    "model": "gpt-4-0125-preview",
    "input_cost_per_token": 1e-05,
    "output_cost_per_token": 3e-05,
    "total_input_tokens": 139135,
    "total_output_tokens": 10151,
    "total_tokens": 149286,
    "total_cost": 1.69588
}