{
    "commit": "f6fc7bcfe41bc7ce8a055a73c4d6dd8dac61abe3",
    "start_epoch": 1760581371.105556,
    "end_epoch": 1760581438.558565,
    "elapsed_seconds": 67.453009,
    "model": "gpt-4-0125-preview",
    "input_cost_per_token": 1e-05,
    "output_cost_per_token": 3e-05,
    "total_input_tokens": 12141,
    "total_output_tokens": 2178,
    "total_tokens": 14319,
    "total_cost": 0.18675000000000003
}