{
    "commit": "ecbdc17d82e5900b5b47732c9c956df85450d0e4",
    "start_epoch": 1760780362.929147,
    "end_epoch": 1760780415.122955,
    "elapsed_seconds": 52.193808,
    "model": "gpt-4-0125-preview",
    "input_cost_per_token": 1e-05,
    "output_cost_per_token": 3e-05,
    "total_input_tokens": 15244,
    "total_output_tokens": 1872,
    "total_tokens": 17116,
    "total_cost": 0.2086
}