{
    "commit": "9817073744ea25230616160380cdc041ec8c939d",
    "start_epoch": 1760754605.010934,
    "end_epoch": 1760754688.213493,
    "elapsed_seconds": 83.202559,
    "model": "gpt-4-0125-preview",
    "input_cost_per_token": 1e-05,
    "output_cost_per_token": 3e-05,
    "total_input_tokens": 19523,
    "total_output_tokens": 3111,
    "total_tokens": 22634,
    "total_cost": 0.28856
}