{
    "commit": "5379d9393b92e1cb26f7750c0a89e990095d7873",
    "start_epoch": 1760550391.826526,
    "end_epoch": 1760550445.220077,
    "elapsed_seconds": 53.393551,
    "model": "gpt-4-0125-preview",
    "input_cost_per_token": 1e-05,
    "output_cost_per_token": 3e-05,
    "total_input_tokens": 6910,
    "total_output_tokens": 1639,
    "total_tokens": 8549,
    "total_cost": 0.11827000000000001
}