{
    "commit": "5c4203d5289ac069d83640a858991bd39baa2707",
    "start_epoch": 1760810018.609309,
    "end_epoch": 1760810258.010657,
    "elapsed_seconds": 239.401348,
    "model": "gpt-4-0125-preview",
    "input_cost_per_token": 1e-05,
    "output_cost_per_token": 3e-05,
    "total_input_tokens": 71057,
    "total_output_tokens": 7629,
    "total_tokens": 78686,
    "total_cost": 0.9394400000000003
}