{
    "commit": "5db73eecd7ce40a2ef73b8f795345f722011b40c",
    "start_epoch": 1760528072.052029,
    "end_epoch": 1760528173.867348,
    "elapsed_seconds": 101.815319,
    "model": "gpt-4-0125-preview",
    "input_cost_per_token": 1e-05,
    "output_cost_per_token": 3e-05,
    "total_input_tokens": 9269,
    "total_output_tokens": 3701,
    "total_tokens": 12970,
    "total_cost": 0.20372
}