{
    "commit": "5940b1aa9704883f4a1f15c31225466a48570e82",
    "start_epoch": 1760583944.055478,
    "end_epoch": 1760584031.747958,
    "elapsed_seconds": 87.69248,
    "model": "gpt-4-0125-preview",
    "input_cost_per_token": 1e-05,
    "output_cost_per_token": 3e-05,
    "total_input_tokens": 21293,
    "total_output_tokens": 3046,
    "total_tokens": 24339,
    "total_cost": 0.30431
}