{
    "commit": "2a579ba2aee0d49b9abe1dc0e0327c370b837761",
    "start_epoch": 1760569855.453205,
    "end_epoch": 1760569933.485844,
    "elapsed_seconds": 78.032639,
    "model": "gpt-4-0125-preview",
    "input_cost_per_token": 1e-05,
    "output_cost_per_token": 3e-05,
    "total_input_tokens": 15005,
    "total_output_tokens": 2829,
    "total_tokens": 17834,
    "total_cost": 0.23492000000000002
}