{
    "commit": "80d25560de4d95e90a2fb99740b4d33c711f955f",
    "start_epoch": 1760760121.594136,
    "end_epoch": 1760760206.099525,
    "elapsed_seconds": 84.505389,
    "model": "gpt-4-0125-preview",
    "input_cost_per_token": 1e-05,
    "output_cost_per_token": 3e-05,
    "total_input_tokens": 17879,
    "total_output_tokens": 2724,
    "total_tokens": 20603,
    "total_cost": 0.2605100000000001
}