{
    "commit": "dc45f7eed2039f2fd36712f213cf569c619b186c",
    "start_epoch": 1760538298.562241,
    "end_epoch": 1760538388.323142,
    "elapsed_seconds": 89.760901,
    "model": "gpt-4-0125-preview",
    "input_cost_per_token": 1e-05,
    "output_cost_per_token": 3e-05,
    "total_input_tokens": 20650,
    "total_output_tokens": 2587,
    "total_tokens": 23237,
    "total_cost": 0.28411000000000003
}