{
    "commit": "61122d4918fe4322694b77d2ea0f942a2bf449ed",
    "start_epoch": 1760722961.431306,
    "end_epoch": 1760723021.432321,
    "elapsed_seconds": 60.001015,
    "model": "gpt-4-0125-preview",
    "input_cost_per_token": 1e-05,
    "output_cost_per_token": 3e-05,
    "total_input_tokens": 10900,
    "total_output_tokens": 2136,
    "total_tokens": 13036,
    "total_cost": 0.17308000000000004
}