{
    "commit": "4d7096754c69825664992dddbfd82f9ef7ecc963",
    "start_epoch": 1760747501.288165,
    "end_epoch": 1760747606.978505,
    "elapsed_seconds": 105.69034,
    "model": "gpt-4-0125-preview",
    "input_cost_per_token": 1e-05,
    "output_cost_per_token": 3e-05,
    "total_input_tokens": 10740,
    "total_output_tokens": 4196,
    "total_tokens": 14936,
    "total_cost": 0.23328000000000002
}