{
    "commit": "33fcf84189227636c9b326351d3eaa34f80d75e7",
    "start_epoch": 1760714409.978255,
    "end_epoch": 1760714509.952846,
    "elapsed_seconds": 99.974591,
    "model": "gpt-4-0125-preview",
    "input_cost_per_token": 1e-05,
    "output_cost_per_token": 3e-05,
    "total_input_tokens": 24475,
    "total_output_tokens": 3602,
    "total_tokens": 28077,
    "total_cost": 0.35281
}