{
    "commit": "383ff9e9417bfab77db1f6b4e093b8aa7e27829c",
    "start_epoch": 1760544503.486328,
    "end_epoch": 1760544556.000204,
    "elapsed_seconds": 52.513876,
    "model": "gpt-4-0125-preview",
    "input_cost_per_token": 1e-05,
    "output_cost_per_token": 3e-05,
    "total_input_tokens": 6079,
    "total_output_tokens": 1433,
    "total_tokens": 7512,
    "total_cost": 0.10378000000000001
}