{
    "commit": "576eacd421dfae88e7e3fe0e65c85a0124822666",
    "start_epoch": 1760710124.687925,
    "end_epoch": 1760710165.738406,
    "elapsed_seconds": 41.050481,
    "model": "gpt-4-0125-preview",
    "input_cost_per_token": 1e-05,
    "output_cost_per_token": 3e-05,
    "total_input_tokens": 10345,
    "total_output_tokens": 1315,
    "total_tokens": 11660,
    "total_cost": 0.1429
}