{
    "commit": "445816474c3024f953b7b4ba4adb5d52db75e2e0",
    "start_epoch": 1760720968.763209,
    "end_epoch": 1760721023.628799,
    "elapsed_seconds": 54.86559,
    "model": "gpt-4-0125-preview",
    "input_cost_per_token": 1e-05,
    "output_cost_per_token": 3e-05,
    "total_input_tokens": 12358,
    "total_output_tokens": 1838,
    "total_tokens": 14196,
    "total_cost": 0.17872000000000002
}