{
    "commit": "ed5f917fcf04dfaafef76d62981eb0ca59bb4db7",
    "start_epoch": 1760556702.274244,
    "end_epoch": 1760556794.732736,
    "elapsed_seconds": 92.458492,
    "model": "gpt-4-0125-preview",
    "input_cost_per_token": 1e-05,
    "output_cost_per_token": 3e-05,
    "total_input_tokens": 12988,
    "total_output_tokens": 3213,
    "total_tokens": 16201,
    "total_cost": 0.22627000000000003
}