{
    "commit": "3c13023d061dcb4c5352220dd4c45573a9818fcb",
    "start_epoch": 1760724936.350506,
    "end_epoch": 1760724999.923798,
    "elapsed_seconds": 63.573292,
    "model": "gpt-4-0125-preview",
    "input_cost_per_token": 1e-05,
    "output_cost_per_token": 3e-05,
    "total_input_tokens": 7583,
    "total_output_tokens": 2418,
    "total_tokens": 10001,
    "total_cost": 0.14837
}