{
    "commit": "68ded1ed51def32839a35557e72a104d86b41e9c",
    "start_epoch": 1760542684.142747,
    "end_epoch": 1760542770.126174,
    "elapsed_seconds": 85.983427,
    "model": "gpt-4-0125-preview",
    "input_cost_per_token": 1e-05,
    "output_cost_per_token": 3e-05,
    "total_input_tokens": 14879,
    "total_output_tokens": 2783,
    "total_tokens": 17662,
    "total_cost": 0.23228000000000004
}