{
    "commit": "f1c1dfb6f40bf362169f32cba971bbf8a8c3357e",
    "start_epoch": 1760504025.037138,
    "end_epoch": 1760504083.188694,
    "elapsed_seconds": 58.151556,
    "model": "gpt-4-0125-preview",
    "input_cost_per_token": 1e-05,
    "output_cost_per_token": 3e-05,
    "total_input_tokens": 17673,
    "total_output_tokens": 2039,
    "total_tokens": 19712,
    "total_cost": 0.23790000000000003
}