{
    "commit": "c0f8fe5c92185b899d5b3b476850f3abad2bc71a",
    "start_epoch": 1760790204.36669,
    "end_epoch": 1760790304.794613,
    "elapsed_seconds": 100.427923,
    "model": "gpt-4-0125-preview",
    "input_cost_per_token": 1e-05,
    "output_cost_per_token": 3e-05,
    "total_input_tokens": 14519,
    "total_output_tokens": 3712,
    "total_tokens": 18231,
    "total_cost": 0.25655000000000006
}