{
    "commit": "00281129480c083a0b5374bba36d35adcc1d352f",
    "start_epoch": 1760723287.948194,
    "end_epoch": 1760723375.518704,
    "elapsed_seconds": 87.57051,
    "model": "gpt-4-0125-preview",
    "input_cost_per_token": 1e-05,
    "output_cost_per_token": 3e-05,
    "total_input_tokens": 16354,
    "total_output_tokens": 3224,
    "total_tokens": 19578,
    "total_cost": 0.26026
}