{
    "commit": "a73595f7412717df2766d565913fe9a8791b3fac",
    "start_epoch": 1760555746.225145,
    "end_epoch": 1760555849.115941,
    "elapsed_seconds": 102.890796,
    "model": "gpt-4-0125-preview",
    "input_cost_per_token": 1e-05,
    "output_cost_per_token": 3e-05,
    "total_input_tokens": 27664,
    "total_output_tokens": 3390,
    "total_tokens": 31054,
    "total_cost": 0.37833999999999995
}