{
    "commit": "132035dc3628015b94bac9b308afe77f5fec91b6",
    "start_epoch": 1760724372.936476,
    "end_epoch": 1760724462.753568,
    "elapsed_seconds": 89.817092,
    "model": "gpt-4-0125-preview",
    "input_cost_per_token": 1e-05,
    "output_cost_per_token": 3e-05,
    "total_input_tokens": 23674,
    "total_output_tokens": 3203,
    "total_tokens": 26877,
    "total_cost": 0.33283
}