{
    "commit": "789687071cd1779cf004bcdf5649f0de5cc14060",
    "start_epoch": 1760550247.926726,
    "end_epoch": 1760550285.995325,
    "elapsed_seconds": 38.068599,
    "model": "gpt-4-0125-preview",
    "input_cost_per_token": 1e-05,
    "output_cost_per_token": 3e-05,
    "total_input_tokens": 5212,
    "total_output_tokens": 1189,
    "total_tokens": 6401,
    "total_cost": 0.08779
}