{
    "commit": "c8553d607ad6f0acf9cfd4a6301aede5047254b3",
    "start_epoch": 1760530864.927439,
    "end_epoch": 1760531213.006838,
    "elapsed_seconds": 348.079399,
    "model": "gpt-4-0125-preview",
    "input_cost_per_token": 1e-05,
    "output_cost_per_token": 3e-05,
    "total_input_tokens": 134868,
    "total_output_tokens": 9808,
    "total_tokens": 144676,
    "total_cost": 1.6429200000000008
}