{
    "commit": "fb8ec9b55304bbbc4f38652c2dc45c754f832d32",
    "start_epoch": 1760569538.957565,
    "end_epoch": 1760569618.900415,
    "elapsed_seconds": 79.94285,
    "model": "gpt-4-0125-preview",
    "input_cost_per_token": 1e-05,
    "output_cost_per_token": 3e-05,
    "total_input_tokens": 11160,
    "total_output_tokens": 3003,
    "total_tokens": 14163,
    "total_cost": 0.20168999999999998
}