{
    "commit": "1544dc890b82d9a405a486046f8aaa85cb753982",
    "start_epoch": 1760711266.904808,
    "end_epoch": 1760711353.489458,
    "elapsed_seconds": 86.58465,
    "model": "gpt-4-0125-preview",
    "input_cost_per_token": 1e-05,
    "output_cost_per_token": 3e-05,
    "total_input_tokens": 17435,
    "total_output_tokens": 3072,
    "total_tokens": 20507,
    "total_cost": 0.26651
}