{
    "commit": "fb6264d9e9203e5896fe7c5c378973def6c77efb",
    "start_epoch": 1760777982.023201,
    "end_epoch": 1760778051.43157,
    "elapsed_seconds": 69.408369,
    "model": "gpt-4-0125-preview",
    "input_cost_per_token": 1e-05,
    "output_cost_per_token": 3e-05,
    "total_input_tokens": 10078,
    "total_output_tokens": 2025,
    "total_tokens": 12103,
    "total_cost": 0.16152999999999998
}