{
    "commit": "46cfa2744cb8705990c0f942de32d8a25bda2ab1",
    "start_epoch": 1760741349.609758,
    "end_epoch": 1760741392.494018,
    "elapsed_seconds": 42.88426,
    "model": "gpt-4-0125-preview",
    "input_cost_per_token": 1e-05,
    "output_cost_per_token": 3e-05,
    "total_input_tokens": 7248,
    "total_output_tokens": 1581,
    "total_tokens": 8829,
    "total_cost": 0.11991000000000002
}