{
    "commit": "d3666ed0c3a4347b827008933541c12b0b74da4e",
    "start_epoch": 1760709982.630116,
    "end_epoch": 1760710033.101226,
    "elapsed_seconds": 50.47111,
    "model": "gpt-4-0125-preview",
    "input_cost_per_token": 1e-05,
    "output_cost_per_token": 3e-05,
    "total_input_tokens": 8571,
    "total_output_tokens": 1815,
    "total_tokens": 10386,
    "total_cost": 0.14016000000000003
}