{
    "commit": "f4efeae9522bea7936b29b8e3be32588a992213e",
    "start_epoch": 1760694284.622835,
    "end_epoch": 1760694351.885783,
    "elapsed_seconds": 67.262948,
    "model": "gpt-4-0125-preview",
    "input_cost_per_token": 1e-05,
    "output_cost_per_token": 3e-05,
    "total_input_tokens": 21993,
    "total_output_tokens": 2526,
    "total_tokens": 24519,
    "total_cost": 0.29571000000000003
}