{
    "commit": "f715b14029fdf1c52e68b20019e2c56137b9d914",
    "start_epoch": 1760555080.448225,
    "end_epoch": 1760555179.718186,
    "elapsed_seconds": 99.269961,
    "model": "gpt-4-0125-preview",
    "input_cost_per_token": 1e-05,
    "output_cost_per_token": 3e-05,
    "total_input_tokens": 9688,
    "total_output_tokens": 3546,
    "total_tokens": 13234,
    "total_cost": 0.20326000000000002
}