{
    "commit": "9669c521aa7b9cbeeff4f392c4f75e913809ede5",
    "start_epoch": 1760807777.52587,
    "end_epoch": 1760807826.860153,
    "elapsed_seconds": 49.334283,
    "model": "gpt-4-0125-preview",
    "input_cost_per_token": 1e-05,
    "output_cost_per_token": 3e-05,
    "total_input_tokens": 5127,
    "total_output_tokens": 1766,
    "total_tokens": 6893,
    "total_cost": 0.10425000000000001
}