{
    "commit": "266d16a492cce0dc6aa44a2680bfcd0147462213",
    "start_epoch": 1760504552.349312,
    "end_epoch": 1760504603.702724,
    "elapsed_seconds": 51.353412,
    "model": "gpt-4-0125-preview",
    "input_cost_per_token": 1e-05,
    "output_cost_per_token": 3e-05,
    "total_input_tokens": 7100,
    "total_output_tokens": 1756,
    "total_tokens": 8856,
    "total_cost": 0.12368000000000001
}