{
    "commit": "575cadd5ec1335f601b092c22a135c68d84d512c",
    "start_epoch": 1760582654.149658,
    "end_epoch": 1760582791.615028,
    "elapsed_seconds": 137.46537,
    "model": "gpt-4-0125-preview",
    "input_cost_per_token": 1e-05,
    "output_cost_per_token": 3e-05,
    "total_input_tokens": 43767,
    "total_output_tokens": 4014,
    "total_tokens": 47781,
    "total_cost": 0.5580900000000001
}