{
    "commit": "206103c421dc6d5fee6f8c6104ae84db909d204e",
    "start_epoch": 1760757453.157628,
    "end_epoch": 1760757495.257091,
    "elapsed_seconds": 42.099463,
    "model": "gpt-4-0125-preview",
    "input_cost_per_token": 1e-05,
    "output_cost_per_token": 3e-05,
    "total_input_tokens": 6286,
    "total_output_tokens": 1547,
    "total_tokens": 7833,
    "total_cost": 0.10927
}