{
    "commit": "b2b8d74cd649b5a6013e8c68d51a35000a9c8685",
    "start_epoch": 1760724643.082393,
    "end_epoch": 1760724771.746828,
    "elapsed_seconds": 128.664435,
    "model": "gpt-4-0125-preview",
    "input_cost_per_token": 1e-05,
    "output_cost_per_token": 3e-05,
    "total_input_tokens": 12982,
    "total_output_tokens": 4541,
    "total_tokens": 17523,
    "total_cost": 0.26605000000000006
}