{
    "commit": "2e6779d9771d28fe4761f64ab9f4e2513e6eab2f",
    "start_epoch": 1760799600.057415,
    "end_epoch": 1760799652.971482,
    "elapsed_seconds": 52.914067,
    "model": "gpt-4-0125-preview",
    "input_cost_per_token": 1e-05,
    "output_cost_per_token": 3e-05,
    "total_input_tokens": 6192,
    "total_output_tokens": 2006,
    "total_tokens": 8198,
    "total_cost": 0.1221
}