{
    "commit": "4a4f06571ddbba600c41753e3897f797978870e4",
    "start_epoch": 1760580042.138032,
    "end_epoch": 1760580165.017887,
    "elapsed_seconds": 122.879855,
    "model": "gpt-4-0125-preview",
    "input_cost_per_token": 1e-05,
    "output_cost_per_token": 3e-05,
    "total_input_tokens": 18841,
    "total_output_tokens": 4218,
    "total_tokens": 23059,
    "total_cost": 0.31495
}