{
    "commit": "c9126c44ca7da596ab4475f288cfaf43c169ae1c",
    "start_epoch": 1760748287.887635,
    "end_epoch": 1760748385.519214,
    "elapsed_seconds": 97.631579,
    "model": "gpt-4-0125-preview",
    "input_cost_per_token": 1e-05,
    "output_cost_per_token": 3e-05,
    "total_input_tokens": 19619,
    "total_output_tokens": 3880,
    "total_tokens": 23499,
    "total_cost": 0.31259
}