{
    "commit": "a51a399ac30f496a2bc9f633a9c57b1346913f5e",
    "start_epoch": 1760555563.343047,
    "end_epoch": 1760555614.21493,
    "elapsed_seconds": 50.871883,
    "model": "gpt-4-0125-preview",
    "input_cost_per_token": 1e-05,
    "output_cost_per_token": 3e-05,
    "total_input_tokens": 10639,
    "total_output_tokens": 1620,
    "total_tokens": 12259,
    "total_cost": 0.15499
}