{
    "commit": "9a50799d54fb75216901dfd834071f4398d74a57",
    "start_epoch": 1760794603.873051,
    "end_epoch": 1760794635.803493,
    "elapsed_seconds": 31.930442,
    "model": "gpt-4-0125-preview",
    "input_cost_per_token": 1e-05,
    "output_cost_per_token": 3e-05,
    "total_input_tokens": 3875,
    "total_output_tokens": 1024,
    "total_tokens": 4899,
    "total_cost": 0.06947
}