{
    "commit": "c6b3d6da9860e29b8dcf3d88cb7df52446254e02",
    "start_epoch": 1760779263.024694,
    "end_epoch": 1760779387.398113,
    "elapsed_seconds": 124.373419,
    "model": "gpt-4-0125-preview",
    "input_cost_per_token": 1e-05,
    "output_cost_per_token": 3e-05,
    "total_input_tokens": 24714,
    "total_output_tokens": 4623,
    "total_tokens": 29337,
    "total_cost": 0.38583000000000006
}