{
    "commit": "9f011460a41c883a774780e807483a5d80d3a70c",
    "start_epoch": 1760797425.863909,
    "end_epoch": 1760797520.531925,
    "elapsed_seconds": 94.668016,
    "model": "gpt-4-0125-preview",
    "input_cost_per_token": 1e-05,
    "output_cost_per_token": 3e-05,
    "total_input_tokens": 8483,
    "total_output_tokens": 3296,
    "total_tokens": 11779,
    "total_cost": 0.18370999999999998
}