{
    "commit": "5ced271fe6bcd7326de2e1409d7048dff9cf8687",
    "start_epoch": 1760445946.356946,
    "end_epoch": 1760446033.647547,
    "elapsed_seconds": 87.290601,
    "model": "gpt-4-0125-preview",
    "input_cost_per_token": 1e-05,
    "output_cost_per_token": 3e-05,
    "total_input_tokens": 8297,
    "total_output_tokens": 2830,
    "total_tokens": 11127,
    "total_cost": 0.16787000000000002
}