{
    "commit": "b5fe08fb909168aee23c8fc08a63b286fb7083c5",
    "start_epoch": 1760585003.853208,
    "end_epoch": 1760585854.103013,
    "elapsed_seconds": 850.249805,
    "model": "gpt-4-0125-preview",
    "input_cost_per_token": 1e-05,
    "output_cost_per_token": 3e-05,
    "total_input_tokens": 141261,
    "total_output_tokens": 4666,
    "total_tokens": 145927,
    "total_cost": 1.5525899999999992
}