{
    "commit": "fc5c2b120865a305ff8c23292f778ec3e93a398e",
    "start_epoch": 1760747196.458471,
    "end_epoch": 1760747273.80959,
    "elapsed_seconds": 77.351119,
    "model": "gpt-4-0125-preview",
    "input_cost_per_token": 1e-05,
    "output_cost_per_token": 3e-05,
    "total_input_tokens": 13147,
    "total_output_tokens": 2801,
    "total_tokens": 15948,
    "total_cost": 0.21550000000000002
}