{
    "commit": "923d3e39a5e984cbbc0ef292980fc7a756ed7cc3",
    "start_epoch": 1760544556.176211,
    "end_epoch": 1760544620.101968,
    "elapsed_seconds": 63.925757,
    "model": "gpt-4-0125-preview",
    "input_cost_per_token": 1e-05,
    "output_cost_per_token": 3e-05,
    "total_input_tokens": 7535,
    "total_output_tokens": 2124,
    "total_tokens": 9659,
    "total_cost": 0.13907
}