{
    "commit": "bfeba969e020305995e6433692779aa7488060d0",
    "start_epoch": 1760820323.699861,
    "end_epoch": 1760820540.241935,
    "elapsed_seconds": 216.542074,
    "model": "gpt-4-0125-preview",
    "input_cost_per_token": 1e-05,
    "output_cost_per_token": 3e-05,
    "total_input_tokens": 64059,
    "total_output_tokens": 2865,
    "total_tokens": 66924,
    "total_cost": 0.7265400000000001
}