{
    "commit": "4a32d07c191b2080ffefa286feb560733c03f4f2",
    "start_epoch": 1760502772.420037,
    "end_epoch": 1760502824.371141,
    "elapsed_seconds": 51.951104,
    "model": "gpt-4-0125-preview",
    "input_cost_per_token": 1e-05,
    "output_cost_per_token": 3e-05,
    "total_input_tokens": 6184,
    "total_output_tokens": 1908,
    "total_tokens": 8092,
    "total_cost": 0.11908
}