{
    "commit": "7a196cdc87a8da0b0e5cf30b34dadb3ae4a24dc6",
    "start_epoch": 1760747313.594793,
    "end_epoch": 1760747364.388291,
    "elapsed_seconds": 50.793498,
    "model": "gpt-4-0125-preview",
    "input_cost_per_token": 1e-05,
    "output_cost_per_token": 3e-05,
    "total_input_tokens": 6904,
    "total_output_tokens": 1906,
    "total_tokens": 8810,
    "total_cost": 0.12622
}