{
    "commit": "a43a4b11729093a81732183acb519f5fb02f4571",
    "start_epoch": 1760714314.0014,
    "end_epoch": 1760714366.660812,
    "elapsed_seconds": 52.659412,
    "model": "gpt-4-0125-preview",
    "input_cost_per_token": 1e-05,
    "output_cost_per_token": 3e-05,
    "total_input_tokens": 7541,
    "total_output_tokens": 1924,
    "total_tokens": 9465,
    "total_cost": 0.13313
}