{
    "commit": "6eba8fe687856758f162b7ca59d09da247fe0ff5",
    "start_epoch": 1760787279.997072,
    "end_epoch": 1760787330.306696,
    "elapsed_seconds": 50.309624,
    "model": "gpt-4-0125-preview",
    "input_cost_per_token": 1e-05,
    "output_cost_per_token": 3e-05,
    "total_input_tokens": 9018,
    "total_output_tokens": 1689,
    "total_tokens": 10707,
    "total_cost": 0.14085
}