{
    "commit": "9657c3f22b0441d71721b404d5a69e33fe19c364",
    "start_epoch": 1760723256.352833,
    "end_epoch": 1760723287.798205,
    "elapsed_seconds": 31.445372,
    "model": "gpt-4-0125-preview",
    "input_cost_per_token": 1e-05,
    "output_cost_per_token": 3e-05,
    "total_input_tokens": 4228,
    "total_output_tokens": 919,
    "total_tokens": 5147,
    "total_cost": 0.06985
}