{
    "commit": "a85993878b83b64b3874712920b109b6fd94e67a",
    "start_epoch": 1760543410.039504,
    "end_epoch": 1760543545.073925,
    "elapsed_seconds": 135.034421,
    "model": "gpt-4-0125-preview",
    "input_cost_per_token": 1e-05,
    "output_cost_per_token": 3e-05,
    "total_input_tokens": 12924,
    "total_output_tokens": 3881,
    "total_tokens": 16805,
    "total_cost": 0.24567
}