{
    "commit": "e93c89a0a911a637eea88b05e2d81f497e71eb77",
    "start_epoch": 1760503023.141955,
    "end_epoch": 1760503070.649625,
    "elapsed_seconds": 47.50767,
    "model": "gpt-4-0125-preview",
    "input_cost_per_token": 1e-05,
    "output_cost_per_token": 3e-05,
    "total_input_tokens": 5194,
    "total_output_tokens": 1614,
    "total_tokens": 6808,
    "total_cost": 0.10036
}