{
    "commit": "1fd068c4e72f98d32c115299002d99959ad89f6e",
    "start_epoch": 1760504083.370116,
    "end_epoch": 1760504177.555628,
    "elapsed_seconds": 94.185512,
    "model": "gpt-4-0125-preview",
    "input_cost_per_token": 1e-05,
    "output_cost_per_token": 3e-05,
    "total_input_tokens": 12006,
    "total_output_tokens": 3406,
    "total_tokens": 15412,
    "total_cost": 0.22224
}