{
    "commit": "0a517cefe67d024a1156231247d2fb1abea8a856",
    "start_epoch": 1760570914.137635,
    "end_epoch": 1760570993.278883,
    "elapsed_seconds": 79.141248,
    "model": "gpt-4-0125-preview",
    "input_cost_per_token": 1e-05,
    "output_cost_per_token": 3e-05,
    "total_input_tokens": 10912,
    "total_output_tokens": 2912,
    "total_tokens": 13824,
    "total_cost": 0.19648000000000004
}