{
    "commit": "9b65ea785bbeca159cf36a8ca8b4b9d06526d343",
    "start_epoch": 1760765768.6038,
    "end_epoch": 1760765865.262756,
    "elapsed_seconds": 96.658956,
    "model": "gpt-4-0125-preview",
    "input_cost_per_token": 1e-05,
    "output_cost_per_token": 3e-05,
    "total_input_tokens": 21234,
    "total_output_tokens": 3796,
    "total_tokens": 25030,
    "total_cost": 0.32622
}