{
    "commit": "1e900ff130409c64e2d38963371d24391ef96bbe",
    "start_epoch": 1760695131.620503,
    "end_epoch": 1760695202.201103,
    "elapsed_seconds": 70.5806,
    "model": "gpt-4-0125-preview",
    "input_cost_per_token": 1e-05,
    "output_cost_per_token": 3e-05,
    "total_input_tokens": 8429,
    "total_output_tokens": 2291,
    "total_tokens": 10720,
    "total_cost": 0.15302000000000002
}