{
    "commit": "a86406d54b5f6306afde55c96bdfc8ae0ef8b1dd",
    "start_epoch": 1760523070.641206,
    "end_epoch": 1760523158.956306,
    "elapsed_seconds": 88.3151,
    "model": "gpt-4-0125-preview",
    "input_cost_per_token": 1e-05,
    "output_cost_per_token": 3e-05,
    "total_input_tokens": 11841,
    "total_output_tokens": 2846,
    "total_tokens": 14687,
    "total_cost": 0.20379
}