{
    "commit": "dbc438783788e3804b170fbf1cc9837beb35d057",
    "start_epoch": 1760572459.240333,
    "end_epoch": 1760572510.762274,
    "elapsed_seconds": 51.521941,
    "model": "gpt-4-0125-preview",
    "input_cost_per_token": 1e-05,
    "output_cost_per_token": 3e-05,
    "total_input_tokens": 6963,
    "total_output_tokens": 1988,
    "total_tokens": 8951,
    "total_cost": 0.12927
}