{
    "commit": "093b6b3dbcfad4699c551c2b2916892c814becbf",
    "start_epoch": 1760777599.665836,
    "end_epoch": 1760777687.163444,
    "elapsed_seconds": 87.497608,
    "model": "gpt-4-0125-preview",
    "input_cost_per_token": 1e-05,
    "output_cost_per_token": 3e-05,
    "total_input_tokens": 16991,
    "total_output_tokens": 3362,
    "total_tokens": 20353,
    "total_cost": 0.27077
}