{
    "commit": "5821c0cd57d67c99ad933d973f8a84b587d779ab",
    "start_epoch": 1760573444.508286,
    "end_epoch": 1760573595.38079,
    "elapsed_seconds": 150.872504,
    "model": "gpt-4-0125-preview",
    "input_cost_per_token": 1e-05,
    "output_cost_per_token": 3e-05,
    "total_input_tokens": 13632,
    "total_output_tokens": 4525,
    "total_tokens": 18157,
    "total_cost": 0.27207000000000003
}