{
    "commit": "8f93c49d289a18dc8300528dbf14df773ca20a67",
    "start_epoch": 1760699488.382223,
    "end_epoch": 1760699678.326444,
    "elapsed_seconds": 189.944221,
    "model": "gpt-4-0125-preview",
    "input_cost_per_token": 1e-05,
    "output_cost_per_token": 3e-05,
    "total_input_tokens": 34090,
    "total_output_tokens": 6891,
    "total_tokens": 40981,
    "total_cost": 0.5476300000000001
}