{
    "commit": "8ac3f2964a5a1ffe2b006df4179d22846a8997ea",
    "start_epoch": 1760705803.891132,
    "end_epoch": 1760705842.976013,
    "elapsed_seconds": 39.084881,
    "model": "gpt-4-0125-preview",
    "input_cost_per_token": 1e-05,
    "output_cost_per_token": 3e-05,
    "total_input_tokens": 5297,
    "total_output_tokens": 1251,
    "total_tokens": 6548,
    "total_cost": 0.09050000000000001
}