{
    "commit": "93bd8bcbf783d795e4f003f1473d04927cf14065",
    "start_epoch": 1760717728.09163,
    "end_epoch": 1760717839.14109,
    "elapsed_seconds": 111.04946,
    "model": "gpt-4-0125-preview",
    "input_cost_per_token": 1e-05,
    "output_cost_per_token": 3e-05,
    "total_input_tokens": 19169,
    "total_output_tokens": 3905,
    "total_tokens": 23074,
    "total_cost": 0.30884000000000006
}