{
    "commit": "225a0a2e735951a6022f18cc66440ac303c69d34",
    "start_epoch": 1760749885.013347,
    "end_epoch": 1760749925.724331,
    "elapsed_seconds": 40.710984,
    "model": "gpt-4-0125-preview",
    "input_cost_per_token": 1e-05,
    "output_cost_per_token": 3e-05,
    "total_input_tokens": 7257,
    "total_output_tokens": 1496,
    "total_tokens": 8753,
    "total_cost": 0.11745
}