{
    "commit": "d3f4af57142e79b0ef4da0b031a8d9e7d9793d11",
    "start_epoch": 1760497682.390385,
    "end_epoch": 1760497735.386978,
    "elapsed_seconds": 52.996593,
    "model": "gpt-4-0125-preview",
    "input_cost_per_token": 1e-05,
    "output_cost_per_token": 3e-05,
    "total_input_tokens": 5833,
    "total_output_tokens": 1759,
    "total_tokens": 7592,
    "total_cost": 0.1111
}