{
    "commit": "aa8cdfdc40ebbbfbb011a85153991d75f230dad0",
    "start_epoch": 1760525945.312058,
    "end_epoch": 1760525987.164505,
    "elapsed_seconds": 41.852447,
    "model": "gpt-4-0125-preview",
    "input_cost_per_token": 1e-05,
    "output_cost_per_token": 3e-05,
    "total_input_tokens": 5291,
    "total_output_tokens": 1476,
    "total_tokens": 6767,
    "total_cost": 0.09719000000000001
}