{
    "commit": "a23ad069e9474760f7ebfa385fa60c6b00235f06",
    "start_epoch": 1760716083.825486,
    "end_epoch": 1760716147.49835,
    "elapsed_seconds": 63.672864,
    "model": "gpt-4-0125-preview",
    "input_cost_per_token": 1e-05,
    "output_cost_per_token": 3e-05,
    "total_input_tokens": 12415,
    "total_output_tokens": 2193,
    "total_tokens": 14608,
    "total_cost": 0.18994000000000003
}