{
    "commit": "c828d354dd8f7f7de42f4aec821275aeda8145a8",
    "start_epoch": 1760512563.326471,
    "end_epoch": 1760512654.630817,
    "elapsed_seconds": 91.304346,
    "model": "gpt-4-0125-preview",
    "input_cost_per_token": 1e-05,
    "output_cost_per_token": 3e-05,
    "total_input_tokens": 12770,
    "total_output_tokens": 3080,
    "total_tokens": 15850,
    "total_cost": 0.22010000000000002
}