{
    "commit": "aff9f787082e051782ad1033df8d37cd9bb31f97",
    "start_epoch": 1760445811.692125,
    "end_epoch": 1760445893.204091,
    "elapsed_seconds": 81.511966,
    "model": "gpt-4-0125-preview",
    "input_cost_per_token": 1e-05,
    "output_cost_per_token": 3e-05,
    "total_input_tokens": 13946,
    "total_output_tokens": 2655,
    "total_tokens": 16601,
    "total_cost": 0.21911
}