{
    "commit": "5f439a70ad226f5acf5b0e6eb318e349c96fbbbf",
    "start_epoch": 1760693795.668604,
    "end_epoch": 1760693894.949696,
    "elapsed_seconds": 99.281092,
    "model": "gpt-4-0125-preview",
    "input_cost_per_token": 1e-05,
    "output_cost_per_token": 3e-05,
    "total_input_tokens": 17462,
    "total_output_tokens": 3971,
    "total_tokens": 21433,
    "total_cost": 0.29375
}