{
    "commit": "c34cb3317eb2643f2b7946e87191c8c55bbd4d80",
    "start_epoch": 1760530641.209633,
    "end_epoch": 1760530712.709657,
    "elapsed_seconds": 71.500024,
    "model": "gpt-4-0125-preview",
    "input_cost_per_token": 1e-05,
    "output_cost_per_token": 3e-05,
    "total_input_tokens": 10004,
    "total_output_tokens": 2461,
    "total_tokens": 12465,
    "total_cost": 0.17387
}