{
    "commit": "3982bb6b5f985d2fd8aa4e1a6aab8f27fbd91742",
    "start_epoch": 1760541270.637331,
    "end_epoch": 1760541374.941924,
    "elapsed_seconds": 104.304593,
    "model": "gpt-4-0125-preview",
    "input_cost_per_token": 1e-05,
    "output_cost_per_token": 3e-05,
    "total_input_tokens": 8481,
    "total_output_tokens": 3169,
    "total_tokens": 11650,
    "total_cost": 0.17988
}