{
    "commit": "7cc56f31c80c94c9424ee7b0a4b1ca891657cc52",
    "start_epoch": 1760525091.700917,
    "end_epoch": 1760525159.133464,
    "elapsed_seconds": 67.432547,
    "model": "gpt-4-0125-preview",
    "input_cost_per_token": 1e-05,
    "output_cost_per_token": 3e-05,
    "total_input_tokens": 8437,
    "total_output_tokens": 2138,
    "total_tokens": 10575,
    "total_cost": 0.14851
}