{
    "commit": "9d0f2429b0dca8f542658a201a1bc80345a69522",
    "start_epoch": 1760760605.075202,
    "end_epoch": 1760760683.333437,
    "elapsed_seconds": 78.258235,
    "model": "gpt-4-0125-preview",
    "input_cost_per_token": 1e-05,
    "output_cost_per_token": 3e-05,
    "total_input_tokens": 10233,
    "total_output_tokens": 2974,
    "total_tokens": 13207,
    "total_cost": 0.19155
}