{
    "commit": "16890ad7a3d6da879f5921879a419bed9f74d58e",
    "start_epoch": 1760572169.348162,
    "end_epoch": 1760572283.498393,
    "elapsed_seconds": 114.150231,
    "model": "gpt-4-0125-preview",
    "input_cost_per_token": 1e-05,
    "output_cost_per_token": 3e-05,
    "total_input_tokens": 29630,
    "total_output_tokens": 4269,
    "total_tokens": 33899,
    "total_cost": 0.4243700000000001
}