{
    "commit": "daaacaca1ffd0278690aaea8cca71719b0ee1a11",
    "start_epoch": 1760586849.270181,
    "end_epoch": 1760586925.0013,
    "elapsed_seconds": 75.731119,
    "model": "gpt-4-0125-preview",
    "input_cost_per_token": 1e-05,
    "output_cost_per_token": 3e-05,
    "total_input_tokens": 22381,
    "total_output_tokens": 1918,
    "total_tokens": 24299,
    "total_cost": 0.28135
}