{
    "commit": "32fed8d86aa90fe48b144ecb1a7c4be4ad1b3f0f",
    "start_epoch": 1760732196.077738,
    "end_epoch": 1760732248.9389,
    "elapsed_seconds": 52.861162,
    "model": "gpt-4-0125-preview",
    "input_cost_per_token": 1e-05,
    "output_cost_per_token": 3e-05,
    "total_input_tokens": 8057,
    "total_output_tokens": 1525,
    "total_tokens": 9582,
    "total_cost": 0.12632000000000002
}