{
    "commit": "e2a110441a517aeec19a2afb5d479725710cb000",
    "start_epoch": 1760790304.978441,
    "end_epoch": 1760790348.203371,
    "elapsed_seconds": 43.22493,
    "model": "gpt-4-0125-preview",
    "input_cost_per_token": 1e-05,
    "output_cost_per_token": 3e-05,
    "total_input_tokens": 6671,
    "total_output_tokens": 1567,
    "total_tokens": 8238,
    "total_cost": 0.11372
}