{
    "commit": "41d2c77b301082d0a7ff89d42a23d54684946bdb",
    "start_epoch": 1760586125.26746,
    "end_epoch": 1760586458.145155,
    "elapsed_seconds": 332.877695,
    "model": "gpt-4-0125-preview",
    "input_cost_per_token": 1e-05,
    "output_cost_per_token": 3e-05,
    "total_input_tokens": 16864,
    "total_output_tokens": 3474,
    "total_tokens": 20338,
    "total_cost": 0.27286000000000005
}