{
    "commit": "54351144280468acb9374f2572ce606b41e90745",
    "start_epoch": 1760819985.479756,
    "end_epoch": 1760820036.893039,
    "elapsed_seconds": 51.413283,
    "model": "gpt-4-0125-preview",
    "input_cost_per_token": 1e-05,
    "output_cost_per_token": 3e-05,
    "total_input_tokens": 6992,
    "total_output_tokens": 1538,
    "total_tokens": 8530,
    "total_cost": 0.11606000000000001
}