{
    "commit": "4be0a3b4f7b2a16ff9ca87ba0a95bcdb8da01e42",
    "start_epoch": 1760570626.52469,
    "end_epoch": 1760570703.821809,
    "elapsed_seconds": 77.297119,
    "model": "gpt-4-0125-preview",
    "input_cost_per_token": 1e-05,
    "output_cost_per_token": 3e-05,
    "total_input_tokens": 15009,
    "total_output_tokens": 3167,
    "total_tokens": 18176,
    "total_cost": 0.24509999999999998
}