{
    "commit": "68994d5ada3a2caf3b901c9ee84ea20434b622ad",
    "start_epoch": 1760699206.341543,
    "end_epoch": 1760699248.94448,
    "elapsed_seconds": 42.602937,
    "model": "gpt-4-0125-preview",
    "input_cost_per_token": 1e-05,
    "output_cost_per_token": 3e-05,
    "total_input_tokens": 5928,
    "total_output_tokens": 1560,
    "total_tokens": 7488,
    "total_cost": 0.10608000000000001
}