{
    "commit": "866fb66cd3363469c71d17eec9f1b0e7528dd9bf",
    "start_epoch": 1760739722.604406,
    "end_epoch": 1760739813.046303,
    "elapsed_seconds": 90.441897,
    "model": "gpt-4-0125-preview",
    "input_cost_per_token": 1e-05,
    "output_cost_per_token": 3e-05,
    "total_input_tokens": 20809,
    "total_output_tokens": 3467,
    "total_tokens": 24276,
    "total_cost": 0.31210000000000004
}