{
    "commit": "9337feeef987a7c1d5fd4fd3a179c29ff238bfdd",
    "start_epoch": 1760783489.12075,
    "end_epoch": 1760783585.078579,
    "elapsed_seconds": 95.957829,
    "model": "gpt-4-0125-preview",
    "input_cost_per_token": 1e-05,
    "output_cost_per_token": 3e-05,
    "total_input_tokens": 29336,
    "total_output_tokens": 3597,
    "total_tokens": 32933,
    "total_cost": 0.40127
}