{
    "commit": "22715ba56685d50b876f55309ddf2e3dbb81f725",
    "start_epoch": 1760565750.308499,
    "end_epoch": 1760565883.252418,
    "elapsed_seconds": 132.943919,
    "model": "gpt-4-0125-preview",
    "input_cost_per_token": 1e-05,
    "output_cost_per_token": 3e-05,
    "total_input_tokens": 176577,
    "total_output_tokens": 3708,
    "total_tokens": 180285,
    "total_cost": 1.87701
}