{
    "commit": "800d348c89048bf2c1acc444b907d91460a827d5",
    "start_epoch": 1760545001.221197,
    "end_epoch": 1760545057.509028,
    "elapsed_seconds": 56.287831,
    "model": "gpt-4-0125-preview",
    "input_cost_per_token": 1e-05,
    "output_cost_per_token": 3e-05,
    "total_input_tokens": 7711,
    "total_output_tokens": 1967,
    "total_tokens": 9678,
    "total_cost": 0.13612000000000002
}