{
    "commit": "96fa8252eebfb68531e2a2c90c7759625e80846f",
    "start_epoch": 1760509761.278865,
    "end_epoch": 1760509826.917477,
    "elapsed_seconds": 65.638612,
    "model": "gpt-4-0125-preview",
    "input_cost_per_token": 1e-05,
    "output_cost_per_token": 3e-05,
    "total_input_tokens": 10811,
    "total_output_tokens": 2326,
    "total_tokens": 13137,
    "total_cost": 0.17789
}