{
    "commit": "a4cac91c67326c6e29dc04d37f244b3b064cbfb7",
    "start_epoch": 1760792285.242596,
    "end_epoch": 1760792363.162354,
    "elapsed_seconds": 77.919758,
    "model": "gpt-4-0125-preview",
    "input_cost_per_token": 1e-05,
    "output_cost_per_token": 3e-05,
    "total_input_tokens": 15477,
    "total_output_tokens": 2582,
    "total_tokens": 18059,
    "total_cost": 0.23223000000000005
}