{
    "commit": "259b2b3514511b621adcc1fbfcad9d2f335dee4a",
    "start_epoch": 1760728071.673629,
    "end_epoch": 1760728159.189603,
    "elapsed_seconds": 87.515974,
    "model": "gpt-4-0125-preview",
    "input_cost_per_token": 1e-05,
    "output_cost_per_token": 3e-05,
    "total_input_tokens": 11727,
    "total_output_tokens": 3439,
    "total_tokens": 15166,
    "total_cost": 0.22044
}