{
    "commit": "00ee94fc9919546c11cf6ff74ee60dbca76a5a9f",
    "start_epoch": 1760567000.991828,
    "end_epoch": 1760567379.716668,
    "elapsed_seconds": 378.72484,
    "model": "gpt-4-0125-preview",
    "input_cost_per_token": 1e-05,
    "output_cost_per_token": 3e-05,
    "total_input_tokens": 150645,
    "total_output_tokens": 11944,
    "total_tokens": 162589,
    "total_cost": 1.8647699999999992
}