{
    "commit": "87015b73b28d72ad04f0b20e9686f60b280823db",
    "start_epoch": 1760542605.918787,
    "end_epoch": 1760542683.968167,
    "elapsed_seconds": 78.04938,
    "model": "gpt-4-0125-preview",
    "input_cost_per_token": 1e-05,
    "output_cost_per_token": 3e-05,
    "total_input_tokens": 10855,
    "total_output_tokens": 2770,
    "total_tokens": 13625,
    "total_cost": 0.19165
}