{
    "commit": "44a41da34b3f6257e7b039b08b5cdb59a5842720",
    "start_epoch": 1760715997.020037,
    "end_epoch": 1760716083.713702,
    "elapsed_seconds": 86.693665,
    "model": "gpt-4-0125-preview",
    "input_cost_per_token": 1e-05,
    "output_cost_per_token": 3e-05,
    "total_input_tokens": 12678,
    "total_output_tokens": 3074,
    "total_tokens": 15752,
    "total_cost": 0.21899999999999997
}