{
    "commit": "d0ecc3e597155da80c4dbf276400b964d6780b3e",
    "start_epoch": 1760542879.709584,
    "end_epoch": 1760542994.804123,
    "elapsed_seconds": 115.094539,
    "model": "gpt-4-0125-preview",
    "input_cost_per_token": 1e-05,
    "output_cost_per_token": 3e-05,
    "total_input_tokens": 11637,
    "total_output_tokens": 3605,
    "total_tokens": 15242,
    "total_cost": 0.22452
}