{
    "commit": "03bef7ec89c0014e3adca34ecdf6af0f7f7a665a",
    "start_epoch": 1760720386.380173,
    "end_epoch": 1760720435.266295,
    "elapsed_seconds": 48.886122,
    "model": "gpt-4-0125-preview",
    "input_cost_per_token": 1e-05,
    "output_cost_per_token": 3e-05,
    "total_input_tokens": 5723,
    "total_output_tokens": 1437,
    "total_tokens": 7160,
    "total_cost": 0.10034000000000001
}