{
    "commit": "1a0958f7f54025d379cfceb2474bfe461cdaf386",
    "start_epoch": 1760586519.431652,
    "end_epoch": 1760586605.496559,
    "elapsed_seconds": 86.064907,
    "model": "gpt-4-0125-preview",
    "input_cost_per_token": 1e-05,
    "output_cost_per_token": 3e-05,
    "total_input_tokens": 13607,
    "total_output_tokens": 2833,
    "total_tokens": 16440,
    "total_cost": 0.22106
}