{
    "commit": "5db096588e5fc0f25de2eb0de4507c3d2327ea47",
    "start_epoch": 1760741571.839972,
    "end_epoch": 1760741621.932686,
    "elapsed_seconds": 50.092714,
    "model": "gpt-4-0125-preview",
    "input_cost_per_token": 1e-05,
    "output_cost_per_token": 3e-05,
    "total_input_tokens": 9748,
    "total_output_tokens": 1895,
    "total_tokens": 11643,
    "total_cost": 0.15433
}