{
    "commit": "86533fd9969bd2535c9a0bdd43f1a813f1dc3a91",
    "start_epoch": 1760778926.973237,
    "end_epoch": 1760779020.857143,
    "elapsed_seconds": 93.883906,
    "model": "gpt-4-0125-preview",
    "input_cost_per_token": 1e-05,
    "output_cost_per_token": 3e-05,
    "total_input_tokens": 18273,
    "total_output_tokens": 3295,
    "total_tokens": 21568,
    "total_cost": 0.28158
}