{
    "commit": "09de37a407b79acf72b93db4cb7765113f0818b1",
    "start_epoch": 1760793271.890802,
    "end_epoch": 1760793321.092219,
    "elapsed_seconds": 49.201417,
    "model": "gpt-4-0125-preview",
    "input_cost_per_token": 1e-05,
    "output_cost_per_token": 3e-05,
    "total_input_tokens": 5054,
    "total_output_tokens": 1431,
    "total_tokens": 6485,
    "total_cost": 0.09347
}