{
    "commit": "9b3ea6ad94dcfaf8fda379dc2e0a9450c94c2806",
    "start_epoch": 1760786003.416488,
    "end_epoch": 1760786053.778888,
    "elapsed_seconds": 50.3624,
    "model": "gpt-4-0125-preview",
    "input_cost_per_token": 1e-05,
    "output_cost_per_token": 3e-05,
    "total_input_tokens": 8345,
    "total_output_tokens": 1834,
    "total_tokens": 10179,
    "total_cost": 0.13847
}