{
    "commit": "b471a7f292ea120b23b54b2587b27b3cdbba9795",
    "start_epoch": 1760496056.817112,
    "end_epoch": 1760496156.769961,
    "elapsed_seconds": 99.952849,
    "model": "gpt-4-0125-preview",
    "input_cost_per_token": 1e-05,
    "output_cost_per_token": 3e-05,
    "total_input_tokens": 28547,
    "total_output_tokens": 3302,
    "total_tokens": 31849,
    "total_cost": 0.38453
}