{
    "commit": "1bf10f953d5785e64c885bf680773069224e00c4",
    "start_epoch": 1760525603.597704,
    "end_epoch": 1760525699.663591,
    "elapsed_seconds": 96.065887,
    "model": "gpt-4-0125-preview",
    "input_cost_per_token": 1e-05,
    "output_cost_per_token": 3e-05,
    "total_input_tokens": 17421,
    "total_output_tokens": 3664,
    "total_tokens": 21085,
    "total_cost": 0.28413
}