{
    "commit": "afac65bb9a86fa51af0efdeb5dfe8bed61ae0104",
    "start_epoch": 1760792187.562398,
    "end_epoch": 1760792285.019119,
    "elapsed_seconds": 97.456721,
    "model": "gpt-4-0125-preview",
    "input_cost_per_token": 1e-05,
    "output_cost_per_token": 3e-05,
    "total_input_tokens": 9971,
    "total_output_tokens": 3516,
    "total_tokens": 13487,
    "total_cost": 0.20519000000000004
}