{
    "commit": "3a87c6a74abc3b266d0ecdf924bb1ba87f97be92",
    "start_epoch": 1760796052.03166,
    "end_epoch": 1760796146.498578,
    "elapsed_seconds": 94.466918,
    "model": "gpt-4-0125-preview",
    "input_cost_per_token": 1e-05,
    "output_cost_per_token": 3e-05,
    "total_input_tokens": 26053,
    "total_output_tokens": 3257,
    "total_tokens": 29310,
    "total_cost": 0.35824000000000006
}