{
    "commit": "0d0e87192b3e1f5e1b8cd0db540fa93b34a245f9",
    "start_epoch": 1760817667.305035,
    "end_epoch": 1760817776.537681,
    "elapsed_seconds": 109.232646,
    "model": "gpt-4-0125-preview",
    "input_cost_per_token": 1e-05,
    "output_cost_per_token": 3e-05,
    "total_input_tokens": 10664,
    "total_output_tokens": 3597,
    "total_tokens": 14261,
    "total_cost": 0.21455000000000005
}