{
    "commit": "7672ac26a75b249f12bde3ad6fc1ae79b9f1d0a6",
    "start_epoch": 1760713150.701659,
    "end_epoch": 1760713270.569439,
    "elapsed_seconds": 119.86778,
    "model": "gpt-4-0125-preview",
    "input_cost_per_token": 1e-05,
    "output_cost_per_token": 3e-05,
    "total_input_tokens": 40712,
    "total_output_tokens": 3910,
    "total_tokens": 44622,
    "total_cost": 0.5244200000000001
}