{
    "commit": "b581912ed3c46b8e024d07eeb500a544fd065ff9",
    "start_epoch": 1760504336.589852,
    "end_epoch": 1760504447.784912,
    "elapsed_seconds": 111.19506,
    "model": "gpt-4-0125-preview",
    "input_cost_per_token": 1e-05,
    "output_cost_per_token": 3e-05,
    "total_input_tokens": 18673,
    "total_output_tokens": 4423,
    "total_tokens": 23096,
    "total_cost": 0.31942000000000004
}