{
    "commit": "2d6e8a34f4b95539208c21c6ee6eef9f0dfcbc74",
    "start_epoch": 1760801772.438619,
    "end_epoch": 1760801850.982207,
    "elapsed_seconds": 78.543588,
    "model": "gpt-4-0125-preview",
    "input_cost_per_token": 1e-05,
    "output_cost_per_token": 3e-05,
    "total_input_tokens": 18040,
    "total_output_tokens": 2840,
    "total_tokens": 20880,
    "total_cost": 0.2656
}