{
    "commit": "c4e273e84f7db3708df6be740e40dbb1b4f6c734",
    "start_epoch": 1760734730.684283,
    "end_epoch": 1760734806.512374,
    "elapsed_seconds": 75.828091,
    "model": "gpt-4-0125-preview",
    "input_cost_per_token": 1e-05,
    "output_cost_per_token": 3e-05,
    "total_input_tokens": 19176,
    "total_output_tokens": 2421,
    "total_tokens": 21597,
    "total_cost": 0.26439
}