{
    "commit": "0db1c67c889aaefb84c6cdbabc32f151faf9e455",
    "start_epoch": 1760803080.155696,
    "end_epoch": 1760803167.38148,
    "elapsed_seconds": 87.225784,
    "model": "gpt-4-0125-preview",
    "input_cost_per_token": 1e-05,
    "output_cost_per_token": 3e-05,
    "total_input_tokens": 13129,
    "total_output_tokens": 3197,
    "total_tokens": 16326,
    "total_cost": 0.2272
}