{
    "commit": "94adad13b7037d75af2118b2e160edf132db6d17",
    "start_epoch": 1760770860.364599,
    "end_epoch": 1760770965.783049,
    "elapsed_seconds": 105.41845,
    "model": "gpt-4-0125-preview",
    "input_cost_per_token": 1e-05,
    "output_cost_per_token": 3e-05,
    "total_input_tokens": 43851,
    "total_output_tokens": 3837,
    "total_tokens": 47688,
    "total_cost": 0.55362
}