{
    "commit": "2f172e2e7d1e1179ebdfe11c3fe8660ca0758cfa",
    "start_epoch": 1760776191.547849,
    "end_epoch": 1760776251.328035,
    "elapsed_seconds": 59.780186,
    "model": "gpt-4-0125-preview",
    "input_cost_per_token": 1e-05,
    "output_cost_per_token": 3e-05,
    "total_input_tokens": 8146,
    "total_output_tokens": 1958,
    "total_tokens": 10104,
    "total_cost": 0.1402
}