{
    "commit": "505ca338fd3ca0bf51322b4b3eddb8bf971e7706",
    "start_epoch": 1760511890.971594,
    "end_epoch": 1760511962.012697,
    "elapsed_seconds": 71.041103,
    "model": "gpt-4-0125-preview",
    "input_cost_per_token": 1e-05,
    "output_cost_per_token": 3e-05,
    "total_input_tokens": 16957,
    "total_output_tokens": 2164,
    "total_tokens": 19121,
    "total_cost": 0.23449000000000003
}