{
    "commit": "234d9be6e3156bcaf00bc3461e94ec61f3a24a80",
    "start_epoch": 1760529784.039388,
    "end_epoch": 1760529896.625796,
    "elapsed_seconds": 112.586408,
    "model": "gpt-4-0125-preview",
    "input_cost_per_token": 1e-05,
    "output_cost_per_token": 3e-05,
    "total_input_tokens": 19878,
    "total_output_tokens": 3716,
    "total_tokens": 23594,
    "total_cost": 0.31026000000000004
}