{
    "commit": "07454bb7639107ee9d3cc40f258e61e07bedffd4",
    "start_epoch": 1760701771.198219,
    "end_epoch": 1760702067.605557,
    "elapsed_seconds": 296.407338,
    "model": "gpt-4-0125-preview",
    "input_cost_per_token": 1e-05,
    "output_cost_per_token": 3e-05,
    "total_input_tokens": 118098,
    "total_output_tokens": 8396,
    "total_tokens": 126494,
    "total_cost": 1.43286
}