{
    "commit": "438528d19be5e743354fc5483e65f8532da40605",
    "start_epoch": 1760745411.171103,
    "end_epoch": 1760745573.004994,
    "elapsed_seconds": 161.833891,
    "model": "gpt-4-0125-preview",
    "input_cost_per_token": 1e-05,
    "output_cost_per_token": 3e-05,
    "total_input_tokens": 32742,
    "total_output_tokens": 6643,
    "total_tokens": 39385,
    "total_cost": 0.5267100000000001
}