{
    "commit": "a5d3a70fd18d78cca65aa689c8a9b02d23e36ec5",
    "start_epoch": 1760498262.08842,
    "end_epoch": 1760498308.125315,
    "elapsed_seconds": 46.036895,
    "model": "gpt-4-0125-preview",
    "input_cost_per_token": 1e-05,
    "output_cost_per_token": 3e-05,
    "total_input_tokens": 8171,
    "total_output_tokens": 1654,
    "total_tokens": 9825,
    "total_cost": 0.13133
}