{
    "commit": "64ff5012758144a5a2e1e274ac9d4bbd20361449",
    "start_epoch": 1760726946.573973,
    "end_epoch": 1760727053.360514,
    "elapsed_seconds": 106.786541,
    "model": "gpt-4-0125-preview",
    "input_cost_per_token": 1e-05,
    "output_cost_per_token": 3e-05,
    "total_input_tokens": 10367,
    "total_output_tokens": 4248,
    "total_tokens": 14615,
    "total_cost": 0.23110999999999998
}