{
    "commit": "e27ea6cd54e819caf2357c05ca4f4f45fef6ddbb",
    "start_epoch": 1760569933.600285,
    "end_epoch": 1760570000.303886,
    "elapsed_seconds": 66.703601,
    "model": "gpt-4-0125-preview",
    "input_cost_per_token": 1e-05,
    "output_cost_per_token": 3e-05,
    "total_input_tokens": 9301,
    "total_output_tokens": 2182,
    "total_tokens": 11483,
    "total_cost": 0.15847000000000003
}