{
    "commit": "d4b03525975de0477d6408881e9a6c8ccf2f1039",
    "start_epoch": 1760776829.5497,
    "end_epoch": 1760777033.364705,
    "elapsed_seconds": 203.815005,
    "model": "gpt-4-0125-preview",
    "input_cost_per_token": 1e-05,
    "output_cost_per_token": 3e-05,
    "total_input_tokens": 51318,
    "total_output_tokens": 3108,
    "total_tokens": 54426,
    "total_cost": 0.6064200000000001
}