{
    "commit": "9c54226f7176c63274836c2eb8efaf2b2c6d92da",
    "start_epoch": 1760497547.742741,
    "end_epoch": 1760497682.219716,
    "elapsed_seconds": 134.476975,
    "model": "gpt-4-0125-preview",
    "input_cost_per_token": 1e-05,
    "output_cost_per_token": 3e-05,
    "total_input_tokens": 29070,
    "total_output_tokens": 4631,
    "total_tokens": 33701,
    "total_cost": 0.42963000000000007
}