{
    "commit": "459fab1f8105c0bef47969f94b9f0d5e6f097e44",
    "start_epoch": 1760736163.741671,
    "end_epoch": 1760736267.880815,
    "elapsed_seconds": 104.139144,
    "model": "gpt-4-0125-preview",
    "input_cost_per_token": 1e-05,
    "output_cost_per_token": 3e-05,
    "total_input_tokens": 46369,
    "total_output_tokens": 3447,
    "total_tokens": 49816,
    "total_cost": 0.5671
}