{
    "commit": "7ae26626912c545e8c6297662a05b6689362cd95",
    "start_epoch": 1760786273.262502,
    "end_epoch": 1760786305.05393,
    "elapsed_seconds": 31.791428,
    "model": "gpt-4-0125-preview",
    "input_cost_per_token": 1e-05,
    "output_cost_per_token": 3e-05,
    "total_input_tokens": 4987,
    "total_output_tokens": 1149,
    "total_tokens": 6136,
    "total_cost": 0.08434
}