{
    "commit": "7d4ee0dafacc8a5ea1c65523b55edc915cde82bf",
    "start_epoch": 1760704809.798108,
    "end_epoch": 1760704863.168634,
    "elapsed_seconds": 53.370526,
    "model": "gpt-4-0125-preview",
    "input_cost_per_token": 1e-05,
    "output_cost_per_token": 3e-05,
    "total_input_tokens": 6246,
    "total_output_tokens": 1806,
    "total_tokens": 8052,
    "total_cost": 0.11664
}