{
    "commit": "a44b61a7528e5e6cebf69851e2f028b17e07993e",
    "start_epoch": 1760539082.59103,
    "end_epoch": 1760539337.796697,
    "elapsed_seconds": 255.205667,
    "model": "gpt-4-0125-preview",
    "input_cost_per_token": 1e-05,
    "output_cost_per_token": 3e-05,
    "total_input_tokens": 160599,
    "total_output_tokens": 4942,
    "total_tokens": 165541,
    "total_cost": 1.75425
}