{
    "commit": "f2906a9e47112283e81bfb3c5140d9d029e74320",
    "start_epoch": 1760786232.986885,
    "end_epoch": 1760786273.089139,
    "elapsed_seconds": 40.102254,
    "model": "gpt-4-0125-preview",
    "input_cost_per_token": 1e-05,
    "output_cost_per_token": 3e-05,
    "total_input_tokens": 5821,
    "total_output_tokens": 1453,
    "total_tokens": 7274,
    "total_cost": 0.10180000000000002
}