{
    "commit": "0ec961f47f0a53ba7d197c270d26ee31103acaa3",
    "start_epoch": 1760791417.819141,
    "end_epoch": 1760791803.087415,
    "elapsed_seconds": 385.268274,
    "model": "gpt-4-0125-preview",
    "input_cost_per_token": 1e-05,
    "output_cost_per_token": 3e-05,
    "total_input_tokens": 90975,
    "total_output_tokens": 10617,
    "total_tokens": 101592,
    "total_cost": 1.22826
}