{
    "commit": "4c1a5a81128b0bd76e258694f6417d9d57ccb27e",
    "start_epoch": 1760714207.925075,
    "end_epoch": 1760714255.157351,
    "elapsed_seconds": 47.232276,
    "model": "gpt-4-0125-preview",
    "input_cost_per_token": 1e-05,
    "output_cost_per_token": 3e-05,
    "total_input_tokens": 8621,
    "total_output_tokens": 1761,
    "total_tokens": 10382,
    "total_cost": 0.13904
}