{
    "commit": "05efafefa08ec0e421de70ae9d62b312a71d0696",
    "start_epoch": 1760575804.563187,
    "end_epoch": 1760575877.547436,
    "elapsed_seconds": 72.984249,
    "model": "gpt-4-0125-preview",
    "input_cost_per_token": 1e-05,
    "output_cost_per_token": 3e-05,
    "total_input_tokens": 11966,
    "total_output_tokens": 2701,
    "total_tokens": 14667,
    "total_cost": 0.20069
}