{
    "commit": "e25da8d331962b433f0bf6a49fc873a168ac20b0",
    "start_epoch": 1760765966.008501,
    "end_epoch": 1760766110.436874,
    "elapsed_seconds": 144.428373,
    "model": "gpt-4-0125-preview",
    "input_cost_per_token": 1e-05,
    "output_cost_per_token": 3e-05,
    "total_input_tokens": 23700,
    "total_output_tokens": 5361,
    "total_tokens": 29061,
    "total_cost": 0.39783
}