{
    "commit": "52b4c29660a92b890e9a608f29b110915b2fc40a",
    "start_epoch": 1760559670.671736,
    "end_epoch": 1760559728.759686,
    "elapsed_seconds": 58.08795,
    "model": "gpt-4-0125-preview",
    "input_cost_per_token": 1e-05,
    "output_cost_per_token": 3e-05,
    "total_input_tokens": 10864,
    "total_output_tokens": 2216,
    "total_tokens": 13080,
    "total_cost": 0.17512
}