{
    "commit": "6d7eb4f8c0a71ef02c8d9c7dbc8fd37d2ec0089d",
    "start_epoch": 1760502087.703195,
    "end_epoch": 1760502166.529396,
    "elapsed_seconds": 78.826201,
    "model": "gpt-4-0125-preview",
    "input_cost_per_token": 1e-05,
    "output_cost_per_token": 3e-05,
    "total_input_tokens": 10254,
    "total_output_tokens": 3059,
    "total_tokens": 13313,
    "total_cost": 0.19431
}