{
    "commit": "7a0b7a0989b44b4c41bd7f2335190661e4cb172b",
    "start_epoch": 1760730693.354065,
    "end_epoch": 1760730766.115195,
    "elapsed_seconds": 72.76113,
    "model": "gpt-4-0125-preview",
    "input_cost_per_token": 1e-05,
    "output_cost_per_token": 3e-05,
    "total_input_tokens": 17689,
    "total_output_tokens": 2152,
    "total_tokens": 19841,
    "total_cost": 0.24145
}