{
    "commit": "648b655550bfb5c2b326bce98a5c62b2fabc5092",
    "start_epoch": 1760582791.859091,
    "end_epoch": 1760582911.724252,
    "elapsed_seconds": 119.865161,
    "model": "gpt-4-0125-preview",
    "input_cost_per_token": 1e-05,
    "output_cost_per_token": 3e-05,
    "total_input_tokens": 24400,
    "total_output_tokens": 4459,
    "total_tokens": 28859,
    "total_cost": 0.37777000000000005
}