{
    "commit": "19083bcc7147a7339178498b6b386cbd5d5cc3d2",
    "start_epoch": 1760760989.295936,
    "end_epoch": 1760761071.235661,
    "elapsed_seconds": 81.939725,
    "model": "gpt-4-0125-preview",
    "input_cost_per_token": 1e-05,
    "output_cost_per_token": 3e-05,
    "total_input_tokens": 18273,
    "total_output_tokens": 3511,
    "total_tokens": 21784,
    "total_cost": 0.28806
}