{
    "commit": "ee760084c675cad7266918553738469b409305fe",
    "start_epoch": 1760741998.984244,
    "end_epoch": 1760742052.670346,
    "elapsed_seconds": 53.686102,
    "model": "gpt-4-0125-preview",
    "input_cost_per_token": 1e-05,
    "output_cost_per_token": 3e-05,
    "total_input_tokens": 6666,
    "total_output_tokens": 2010,
    "total_tokens": 8676,
    "total_cost": 0.12696
}