{
    "commit": "d191427663acb3e9170423e1089bca16f2f12a03",
    "start_epoch": 1760541754.430816,
    "end_epoch": 1760541808.96348,
    "elapsed_seconds": 54.532664,
    "model": "gpt-4-0125-preview",
    "input_cost_per_token": 1e-05,
    "output_cost_per_token": 3e-05,
    "total_input_tokens": 14684,
    "total_output_tokens": 1763,
    "total_tokens": 16447,
    "total_cost": 0.19973000000000005
}