{
    "commit": "0915fbafebba112bc3efbc9895ee80b09f654d47",
    "start_epoch": 1760730766.254591,
    "end_epoch": 1760730849.910751,
    "elapsed_seconds": 83.65616,
    "model": "gpt-4-0125-preview",
    "input_cost_per_token": 1e-05,
    "output_cost_per_token": 3e-05,
    "total_input_tokens": 12928,
    "total_output_tokens": 2873,
    "total_tokens": 15801,
    "total_cost": 0.21547
}