{
    "commit": "fcbed29317963463d3b8db6e7c23e5aa05870020",
    "start_epoch": 1760512654.768531,
    "end_epoch": 1760512792.524474,
    "elapsed_seconds": 137.755943,
    "model": "gpt-4-0125-preview",
    "input_cost_per_token": 1e-05,
    "output_cost_per_token": 3e-05,
    "total_input_tokens": 21342,
    "total_output_tokens": 3861,
    "total_tokens": 25203,
    "total_cost": 0.32925000000000015
}