{
    "commit": "688eaa9f48b2e25b909d490fa7f6d9aea829ba1d",
    "start_epoch": 1760581187.139598,
    "end_epoch": 1760581260.198341,
    "elapsed_seconds": 73.058743,
    "model": "gpt-4-0125-preview",
    "input_cost_per_token": 1e-05,
    "output_cost_per_token": 3e-05,
    "total_input_tokens": 10179,
    "total_output_tokens": 2179,
    "total_tokens": 12358,
    "total_cost": 0.16715999999999998
}