{
    "commit": "3791af00243b645e7253aa1c6f82dcfcf50756fa",
    "start_epoch": 1760793865.955932,
    "end_epoch": 1760793919.860292,
    "elapsed_seconds": 53.90436,
    "model": "gpt-4-0125-preview",
    "input_cost_per_token": 1e-05,
    "output_cost_per_token": 3e-05,
    "total_input_tokens": 6753,
    "total_output_tokens": 1510,
    "total_tokens": 8263,
    "total_cost": 0.11283
}