{
    "commit": "b650aeb7e2e4b64d6fd94d9c29a105598fb5dc43",
    "start_epoch": 1760572384.819136,
    "end_epoch": 1760572459.108775,
    "elapsed_seconds": 74.289639,
    "model": "gpt-4-0125-preview",
    "input_cost_per_token": 1e-05,
    "output_cost_per_token": 3e-05,
    "total_input_tokens": 20743,
    "total_output_tokens": 2838,
    "total_tokens": 23581,
    "total_cost": 0.29257000000000005
}