{
    "commit": "7ab3d590034eea59b1025f356baf162deff8e898",
    "start_epoch": 1760749622.702238,
    "end_epoch": 1760749839.923445,
    "elapsed_seconds": 217.221207,
    "model": "gpt-4-0125-preview",
    "input_cost_per_token": 1e-05,
    "output_cost_per_token": 3e-05,
    "total_input_tokens": 69836,
    "total_output_tokens": 5387,
    "total_tokens": 75223,
    "total_cost": 0.8599700000000001
}