{
    "commit": "a18ede3c863284e0cedd72c159c2670db88a8c61",
    "start_epoch": 1760535620.307924,
    "end_epoch": 1760535708.978463,
    "elapsed_seconds": 88.670539,
    "model": "gpt-4-0125-preview",
    "input_cost_per_token": 1e-05,
    "output_cost_per_token": 3e-05,
    "total_input_tokens": 18808,
    "total_output_tokens": 2858,
    "total_tokens": 21666,
    "total_cost": 0.27382000000000006
}