{
    "commit": "bcb00c3efe5979a447145c8469ed8683085edbd4",
    "start_epoch": 1760553244.411902,
    "end_epoch": 1760553293.335439,
    "elapsed_seconds": 48.923537,
    "model": "gpt-4-0125-preview",
    "input_cost_per_token": 1e-05,
    "output_cost_per_token": 3e-05,
    "total_input_tokens": 10624,
    "total_output_tokens": 1496,
    "total_tokens": 12120,
    "total_cost": 0.15112
}