{
    "commit": "d2ed4b14e925e60151eb137f1b6f975df5fe41a4",
    "start_epoch": 1760714893.10991,
    "end_epoch": 1760715026.299706,
    "elapsed_seconds": 133.189796,
    "model": "gpt-4-0125-preview",
    "input_cost_per_token": 1e-05,
    "output_cost_per_token": 3e-05,
    "total_input_tokens": 30699,
    "total_output_tokens": 4302,
    "total_tokens": 35001,
    "total_cost": 0.43605
}