{
    "commit": "9f652e237c5fdd182d1fa82e358eb9a9cec832f5",
    "start_epoch": 1760785966.330607,
    "end_epoch": 1760786003.242152,
    "elapsed_seconds": 36.911545,
    "model": "gpt-4-0125-preview",
    "input_cost_per_token": 1e-05,
    "output_cost_per_token": 3e-05,
    "total_input_tokens": 5451,
    "total_output_tokens": 1284,
    "total_tokens": 6735,
    "total_cost": 0.09303000000000002
}