{
    "commit": "9c5b74ede5e954d80f380583a6d67bdf71248f07",
    "start_epoch": 1760522239.274337,
    "end_epoch": 1760522292.747106,
    "elapsed_seconds": 53.472769,
    "model": "gpt-4-0125-preview",
    "input_cost_per_token": 1e-05,
    "output_cost_per_token": 3e-05,
    "total_input_tokens": 11910,
    "total_output_tokens": 1692,
    "total_tokens": 13602,
    "total_cost": 0.16986
}