{
    "commit": "6a26b3cb0406dede3a3f242dbfe544cd122d14e2",
    "start_epoch": 1760760910.873666,
    "end_epoch": 1760760989.176171,
    "elapsed_seconds": 78.302505,
    "model": "gpt-4-0125-preview",
    "input_cost_per_token": 1e-05,
    "output_cost_per_token": 3e-05,
    "total_input_tokens": 27553,
    "total_output_tokens": 3043,
    "total_tokens": 30596,
    "total_cost": 0.36682
}