{
    "commit": "aae3380f2f03e0b9a5d19534e08d13052c52f7ca",
    "start_epoch": 1760564780.55228,
    "end_epoch": 1760564871.195228,
    "elapsed_seconds": 90.642948,
    "model": "gpt-4-0125-preview",
    "input_cost_per_token": 1e-05,
    "output_cost_per_token": 3e-05,
    "total_input_tokens": 19329,
    "total_output_tokens": 3165,
    "total_tokens": 22494,
    "total_cost": 0.28824
}