{
    "commit": "a6a83b74b966525014d198b6a267352af8fc4f62",
    "start_epoch": 1760702296.446298,
    "end_epoch": 1760702399.336459,
    "elapsed_seconds": 102.890161,
    "model": "gpt-4-0125-preview",
    "input_cost_per_token": 1e-05,
    "output_cost_per_token": 3e-05,
    "total_input_tokens": 13030,
    "total_output_tokens": 3763,
    "total_tokens": 16793,
    "total_cost": 0.24319
}