{
    "commit": "273f2daac86e853e57d3029dfca3e074c70fdeec",
    "start_epoch": 1760748385.700701,
    "end_epoch": 1760748431.193058,
    "elapsed_seconds": 45.492357,
    "model": "gpt-4-0125-preview",
    "input_cost_per_token": 1e-05,
    "output_cost_per_token": 3e-05,
    "total_input_tokens": 6665,
    "total_output_tokens": 1755,
    "total_tokens": 8420,
    "total_cost": 0.1193
}