{
    "commit": "7f54f778a87a868332180a04d349f96d73218c84",
    "start_epoch": 1760762255.955109,
    "end_epoch": 1760762298.311858,
    "elapsed_seconds": 42.356749,
    "model": "gpt-4-0125-preview",
    "input_cost_per_token": 1e-05,
    "output_cost_per_token": 3e-05,
    "total_input_tokens": 6294,
    "total_output_tokens": 1548,
    "total_tokens": 7842,
    "total_cost": 0.10938000000000002
}