{
    "commit": "8f42f38a08f5b0688925426e47da7b38e90a340e",
    "start_epoch": 1760731590.166547,
    "end_epoch": 1760731657.392341,
    "elapsed_seconds": 67.225794,
    "model": "gpt-4-0125-preview",
    "input_cost_per_token": 1e-05,
    "output_cost_per_token": 3e-05,
    "total_input_tokens": 8756,
    "total_output_tokens": 2055,
    "total_tokens": 10811,
    "total_cost": 0.14921
}