{
    "commit": "ce9208f7f3835f054cdf3635553ac732099ad3bf",
    "start_epoch": 1760821924.68904,
    "end_epoch": 1760822025.587432,
    "elapsed_seconds": 100.898392,
    "model": "gpt-4-0125-preview",
    "input_cost_per_token": 1e-05,
    "output_cost_per_token": 3e-05,
    "total_input_tokens": 9027,
    "total_output_tokens": 3343,
    "total_tokens": 12370,
    "total_cost": 0.19056
}