{
    "commit": "d525bb871bd6400faaa6723d542a67384ecd1871",
    "start_epoch": 1760522013.240349,
    "end_epoch": 1760522074.549126,
    "elapsed_seconds": 61.308777,
    "model": "gpt-4-0125-preview",
    "input_cost_per_token": 1e-05,
    "output_cost_per_token": 3e-05,
    "total_input_tokens": 8367,
    "total_output_tokens": 1880,
    "total_tokens": 10247,
    "total_cost": 0.14007000000000003
}