{
    "commit": "baf27151c3fcdde84937cd26dd60d6fd18d7c3eb",
    "start_epoch": 1760808973.132235,
    "end_epoch": 1760809051.906471,
    "elapsed_seconds": 78.774236,
    "model": "gpt-4-0125-preview",
    "input_cost_per_token": 1e-05,
    "output_cost_per_token": 3e-05,
    "total_input_tokens": 18276,
    "total_output_tokens": 2920,
    "total_tokens": 21196,
    "total_cost": 0.27036
}