{
    "commit": "664348a920fe5cb403f8e0f05e37a2082eb3ee9b",
    "start_epoch": 1760703091.54389,
    "end_epoch": 1760703137.619033,
    "elapsed_seconds": 46.075143,
    "model": "gpt-4-0125-preview",
    "input_cost_per_token": 1e-05,
    "output_cost_per_token": 3e-05,
    "total_input_tokens": 5819,
    "total_output_tokens": 1413,
    "total_tokens": 7232,
    "total_cost": 0.10058
}