{
    "commit": "79147fdf440ea09003e889f6ea7d41820f04f00a",
    "start_epoch": 1760526222.474584,
    "end_epoch": 1760526353.521296,
    "elapsed_seconds": 131.046712,
    "model": "gpt-4-0125-preview",
    "input_cost_per_token": 1e-05,
    "output_cost_per_token": 3e-05,
    "total_input_tokens": 19440,
    "total_output_tokens": 4638,
    "total_tokens": 24078,
    "total_cost": 0.33354
}