{
    "commit": "793fb244bbcea70add8d24a366f03e01e7907164",
    "start_epoch": 1760570000.447195,
    "end_epoch": 1760570090.735202,
    "elapsed_seconds": 90.288007,
    "model": "gpt-4-0125-preview",
    "input_cost_per_token": 1e-05,
    "output_cost_per_token": 3e-05,
    "total_input_tokens": 14487,
    "total_output_tokens": 3602,
    "total_tokens": 18089,
    "total_cost": 0.25293
}