{
    "commit": "205749e68cfe01e64166dada7e5c74c147c1479e",
    "start_epoch": 1760733027.215897,
    "end_epoch": 1760733081.233485,
    "elapsed_seconds": 54.017588,
    "model": "gpt-4-0125-preview",
    "input_cost_per_token": 1e-05,
    "output_cost_per_token": 3e-05,
    "total_input_tokens": 6397,
    "total_output_tokens": 1722,
    "total_tokens": 8119,
    "total_cost": 0.11563000000000001
}