{
    "commit": "7520dd0d494a6f0cc1782c2908cea879de4dc3d9",
    "start_epoch": 1760698982.400845,
    "end_epoch": 1760699067.464035,
    "elapsed_seconds": 85.06319,
    "model": "gpt-4-0125-preview",
    "input_cost_per_token": 1e-05,
    "output_cost_per_token": 3e-05,
    "total_input_tokens": 13907,
    "total_output_tokens": 3148,
    "total_tokens": 17055,
    "total_cost": 0.23351
}