{
    "commit": "6039864eadd3d1f12b28ff43a4692b4d5f8a995e",
    "start_epoch": 1760519044.200215,
    "end_epoch": 1760519198.303166,
    "elapsed_seconds": 154.102951,
    "model": "gpt-4-0125-preview",
    "input_cost_per_token": 1e-05,
    "output_cost_per_token": 3e-05,
    "total_input_tokens": 38512,
    "total_output_tokens": 5003,
    "total_tokens": 43515,
    "total_cost": 0.53521
}