{
    "commit": "cebc7d3901085648f36d2cc41d22b93cd8d285fc",
    "start_epoch": 1760502301.64583,
    "end_epoch": 1760502375.086074,
    "elapsed_seconds": 73.440244,
    "model": "gpt-4-0125-preview",
    "input_cost_per_token": 1e-05,
    "output_cost_per_token": 3e-05,
    "total_input_tokens": 14706,
    "total_output_tokens": 2689,
    "total_tokens": 17395,
    "total_cost": 0.22773000000000002
}