{
    "commit": "42559a367560769f7b8d35a28f120ffe7ac92265",
    "start_epoch": 1760508697.657451,
    "end_epoch": 1760508740.423291,
    "elapsed_seconds": 42.76584,
    "model": "gpt-4-0125-preview",
    "input_cost_per_token": 1e-05,
    "output_cost_per_token": 3e-05,
    "total_input_tokens": 4571,
    "total_output_tokens": 1469,
    "total_tokens": 6040,
    "total_cost": 0.08978000000000001
}