{
    "commit": "6c59d8b7a0aa815f72f4ebb7b3c579107e6e3a3a",
    "start_epoch": 1760502824.587457,
    "end_epoch": 1760502881.007381,
    "elapsed_seconds": 56.419924,
    "model": "gpt-4-0125-preview",
    "input_cost_per_token": 1e-05,
    "output_cost_per_token": 3e-05,
    "total_input_tokens": 15434,
    "total_output_tokens": 2253,
    "total_tokens": 17687,
    "total_cost": 0.22193000000000002
}