{
    "commit": "e32649d46fcf54d27c00976ca5b68bb7655d427a",
    "start_epoch": 1760536338.023632,
    "end_epoch": 1760536460.997837,
    "elapsed_seconds": 122.974205,
    "model": "gpt-4-0125-preview",
    "input_cost_per_token": 1e-05,
    "output_cost_per_token": 3e-05,
    "total_input_tokens": 9489,
    "total_output_tokens": 3471,
    "total_tokens": 12960,
    "total_cost": 0.19901999999999997
}