{
    "commit": "6a2b31e3eef65a1f88dcaa982834ff87d2a0c7d7",
    "start_epoch": 1760722581.112973,
    "end_epoch": 1760722618.926056,
    "elapsed_seconds": 37.813083,
    "model": "gpt-4-0125-preview",
    "input_cost_per_token": 1e-05,
    "output_cost_per_token": 3e-05,
    "total_input_tokens": 4091,
    "total_output_tokens": 1134,
    "total_tokens": 5225,
    "total_cost": 0.07493
}