{
    "commit": "2dbdf86af60600c3f7a9f64e97ba46c50d5b98dc",
    "start_epoch": 1760815611.50878,
    "end_epoch": 1760815674.493656,
    "elapsed_seconds": 62.984876,
    "model": "gpt-4-0125-preview",
    "input_cost_per_token": 1e-05,
    "output_cost_per_token": 3e-05,
    "total_input_tokens": 8205,
    "total_output_tokens": 2050,
    "total_tokens": 10255,
    "total_cost": 0.14355
}