{
    "commit": "b5a166771178e21dcada1365879e7b926ae77321",
    "start_epoch": 1760499946.695042,
    "end_epoch": 1760499992.381993,
    "elapsed_seconds": 45.686951,
    "model": "gpt-4-0125-preview",
    "input_cost_per_token": 1e-05,
    "output_cost_per_token": 3e-05,
    "total_input_tokens": 5705,
    "total_output_tokens": 1717,
    "total_tokens": 7422,
    "total_cost": 0.10856
}