{
    "commit": "bcfaf84ff20b74c10e418df8a7953488838e7c18",
    "start_epoch": 1760765524.129674,
    "end_epoch": 1760765634.988472,
    "elapsed_seconds": 110.858798,
    "model": "gpt-4-0125-preview",
    "input_cost_per_token": 1e-05,
    "output_cost_per_token": 3e-05,
    "total_input_tokens": 32280,
    "total_output_tokens": 4260,
    "total_tokens": 36540,
    "total_cost": 0.4506
}