{
    "commit": "7c007d5f24d903ffaf7886a0eee9be27c08c8d4a",
    "start_epoch": 1760587680.227565,
    "end_epoch": 1760587738.900502,
    "elapsed_seconds": 58.672937,
    "model": "gpt-4-0125-preview",
    "input_cost_per_token": 1e-05,
    "output_cost_per_token": 3e-05,
    "total_input_tokens": 11450,
    "total_output_tokens": 1837,
    "total_tokens": 13287,
    "total_cost": 0.16961
}