{
    "commit": "0d31b733f91bdbad4c827629d7b8ddffcea8c3a8",
    "start_epoch": 1760782669.405182,
    "end_epoch": 1760782767.859632,
    "elapsed_seconds": 98.45445,
    "model": "gpt-4-0125-preview",
    "input_cost_per_token": 1e-05,
    "output_cost_per_token": 3e-05,
    "total_input_tokens": 16090,
    "total_output_tokens": 3909,
    "total_tokens": 19999,
    "total_cost": 0.27817000000000003
}