{
    "commit": "bbc83aa1433efe951e21ee661e2c5a5f348cb102",
    "start_epoch": 1760798836.32571,
    "end_epoch": 1760798927.620526,
    "elapsed_seconds": 91.294816,
    "model": "gpt-4-0125-preview",
    "input_cost_per_token": 1e-05,
    "output_cost_per_token": 3e-05,
    "total_input_tokens": 11636,
    "total_output_tokens": 3724,
    "total_tokens": 15360,
    "total_cost": 0.22808
}