{
    "commit": "3135b4957e84ee0a7aafc789da093526a1fe4466",
    "start_epoch": 1760734899.278413,
    "end_epoch": 1760734959.510137,
    "elapsed_seconds": 60.231724,
    "model": "gpt-4-0125-preview",
    "input_cost_per_token": 1e-05,
    "output_cost_per_token": 3e-05,
    "total_input_tokens": 10734,
    "total_output_tokens": 1885,
    "total_tokens": 12619,
    "total_cost": 0.16388999999999998
}