{
    "commit": "7a04d3ded5712c383584ccdccd686cc360bcf4a7",
    "start_epoch": 1760525204.100327,
    "end_epoch": 1760525238.540206,
    "elapsed_seconds": 34.439879,
    "model": "gpt-4-0125-preview",
    "input_cost_per_token": 1e-05,
    "output_cost_per_token": 3e-05,
    "total_input_tokens": 5584,
    "total_output_tokens": 1084,
    "total_tokens": 6668,
    "total_cost": 0.08836000000000001
}