{
    "commit": "41accfa21f7ecefc553bc1bbf50967e0feda0866",
    "start_epoch": 1760524804.818699,
    "end_epoch": 1760524925.644408,
    "elapsed_seconds": 120.825709,
    "model": "gpt-4-0125-preview",
    "input_cost_per_token": 1e-05,
    "output_cost_per_token": 3e-05,
    "total_input_tokens": 31814,
    "total_output_tokens": 4232,
    "total_tokens": 36046,
    "total_cost": 0.44510000000000005
}