{
    "commit": "2f6ecfd428cd03aa027fc31ff98f564d64276431",
    "start_epoch": 1760807360.997219,
    "end_epoch": 1760807405.374728,
    "elapsed_seconds": 44.377509,
    "model": "gpt-4-0125-preview",
    "input_cost_per_token": 1e-05,
    "output_cost_per_token": 3e-05,
    "total_input_tokens": 6606,
    "total_output_tokens": 1653,
    "total_tokens": 8259,
    "total_cost": 0.11565000000000002
}