{
    "commit": "e7f61a4358f3790cc342879d54e3a3663efcc6c3",
    "start_epoch": 1760514494.056643,
    "end_epoch": 1760514611.523943,
    "elapsed_seconds": 117.4673,
    "model": "gpt-4-0125-preview",
    "input_cost_per_token": 1e-05,
    "output_cost_per_token": 3e-05,
    "total_input_tokens": 13996,
    "total_output_tokens": 4073,
    "total_tokens": 18069,
    "total_cost": 0.26215
}