{
    "commit": "791abdcea83dc4f7334538d19a3b3e5af2d70f25",
    "start_epoch": 1760563606.371685,
    "end_epoch": 1760563653.391326,
    "elapsed_seconds": 47.019641,
    "model": "gpt-4-0125-preview",
    "input_cost_per_token": 1e-05,
    "output_cost_per_token": 3e-05,
    "total_input_tokens": 12790,
    "total_output_tokens": 1825,
    "total_tokens": 14615,
    "total_cost": 0.18265
}