{
    "commit": "102f8998325419b8299b9df7ddf8495ce23591b2",
    "start_epoch": 1760499639.530565,
    "end_epoch": 1760499755.972393,
    "elapsed_seconds": 116.441828,
    "model": "gpt-4-0125-preview",
    "input_cost_per_token": 1e-05,
    "output_cost_per_token": 3e-05,
    "total_input_tokens": 23785,
    "total_output_tokens": 4766,
    "total_tokens": 28551,
    "total_cost": 0.38083
}