{
    "commit": "c89e7067551b09d8b509cc2f5e5731551dac8435",
    "start_epoch": 1760721481.256396,
    "end_epoch": 1760721561.966102,
    "elapsed_seconds": 80.709706,
    "model": "gpt-4-0125-preview",
    "input_cost_per_token": 1e-05,
    "output_cost_per_token": 3e-05,
    "total_input_tokens": 11411,
    "total_output_tokens": 2843,
    "total_tokens": 14254,
    "total_cost": 0.19940000000000002
}