{
    "commit": "33982e5dd7100c76ca837d054d38bc93b1b9a513",
    "start_epoch": 1760552653.01553,
    "end_epoch": 1760552765.902595,
    "elapsed_seconds": 112.887065,
    "model": "gpt-4-0125-preview",
    "input_cost_per_token": 1e-05,
    "output_cost_per_token": 3e-05,
    "total_input_tokens": 15415,
    "total_output_tokens": 4075,
    "total_tokens": 19490,
    "total_cost": 0.27640000000000003
}