{
    "commit": "6c0e2bc5464ce6f17d85b0b3d6d3120e51e942f9",
    "start_epoch": 1760706191.910246,
    "end_epoch": 1760706239.055889,
    "elapsed_seconds": 47.145643,
    "model": "gpt-4-0125-preview",
    "input_cost_per_token": 1e-05,
    "output_cost_per_token": 3e-05,
    "total_input_tokens": 8145,
    "total_output_tokens": 1761,
    "total_tokens": 9906,
    "total_cost": 0.13428
}