{
    "commit": "0506c2f4f5e537e8921a2503c605198aac7b4e75",
    "start_epoch": 1760739926.153719,
    "end_epoch": 1760739978.00325,
    "elapsed_seconds": 51.849531,
    "model": "gpt-4-0125-preview",
    "input_cost_per_token": 1e-05,
    "output_cost_per_token": 3e-05,
    "total_input_tokens": 8863,
    "total_output_tokens": 1950,
    "total_tokens": 10813,
    "total_cost": 0.14713
}