{
    "commit": "1b82e94cb01158eeb893d591ea04b4c9fd6cabaf",
    "start_epoch": 1760698508.229478,
    "end_epoch": 1760698557.986468,
    "elapsed_seconds": 49.75699,
    "model": "gpt-4-0125-preview",
    "input_cost_per_token": 1e-05,
    "output_cost_per_token": 3e-05,
    "total_input_tokens": 19433,
    "total_output_tokens": 1647,
    "total_tokens": 21080,
    "total_cost": 0.24374
}