{
    "commit": "f24661fc9bdc4981d6eec7aa5df4da0fe25dda27",
    "start_epoch": 1760776565.909378,
    "end_epoch": 1760776627.23486,
    "elapsed_seconds": 61.325482,
    "model": "gpt-4-0125-preview",
    "input_cost_per_token": 1e-05,
    "output_cost_per_token": 3e-05,
    "total_input_tokens": 15698,
    "total_output_tokens": 1833,
    "total_tokens": 17531,
    "total_cost": 0.21197000000000002
}