{
    "commit": "e40cbf405a03ffac548742cb574f56ee689b1b06",
    "start_epoch": 1760817776.675611,
    "end_epoch": 1760817850.914793,
    "elapsed_seconds": 74.239182,
    "model": "gpt-4-0125-preview",
    "input_cost_per_token": 1e-05,
    "output_cost_per_token": 3e-05,
    "total_input_tokens": 8300,
    "total_output_tokens": 2478,
    "total_tokens": 10778,
    "total_cost": 0.15734
}