{
    "commit": "423e0d7e1b170ba1a1f8fdf8cada140c3231f2e5",
    "start_epoch": 1760814784.631815,
    "end_epoch": 1760814842.110247,
    "elapsed_seconds": 57.478432,
    "model": "gpt-4-0125-preview",
    "input_cost_per_token": 1e-05,
    "output_cost_per_token": 3e-05,
    "total_input_tokens": 8441,
    "total_output_tokens": 2133,
    "total_tokens": 10574,
    "total_cost": 0.14839999999999998
}