{
    "commit": "0fdb2bfa7983518970e45e074f57343c8ad52bf2",
    "start_epoch": 1760534542.953513,
    "end_epoch": 1760534688.189698,
    "elapsed_seconds": 145.236185,
    "model": "gpt-4-0125-preview",
    "input_cost_per_token": 1e-05,
    "output_cost_per_token": 3e-05,
    "total_input_tokens": 16856,
    "total_output_tokens": 4583,
    "total_tokens": 21439,
    "total_cost": 0.30605000000000004
}