{
    "commit": "d580bd140693d8d1284e4a2295ebc453c9626abf",
    "start_epoch": 1760730278.956905,
    "end_epoch": 1760730366.815091,
    "elapsed_seconds": 87.858186,
    "model": "gpt-4-0125-preview",
    "input_cost_per_token": 1e-05,
    "output_cost_per_token": 3e-05,
    "total_input_tokens": 18653,
    "total_output_tokens": 3085,
    "total_tokens": 21738,
    "total_cost": 0.27908
}