{
    "commit": "57c96f3d5954896281c6851e42f413f4a04300f8",
    "start_epoch": 1760700213.485395,
    "end_epoch": 1760700268.111294,
    "elapsed_seconds": 54.625899,
    "model": "gpt-4-0125-preview",
    "input_cost_per_token": 1e-05,
    "output_cost_per_token": 3e-05,
    "total_input_tokens": 6194,
    "total_output_tokens": 1496,
    "total_tokens": 7690,
    "total_cost": 0.10682000000000003
}