{
    "commit": "562aa75b56177006366fe75fa1ea4f9c98067463",
    "start_epoch": 1760760759.9769,
    "end_epoch": 1760760910.768279,
    "elapsed_seconds": 150.791379,
    "model": "gpt-4-0125-preview",
    "input_cost_per_token": 1e-05,
    "output_cost_per_token": 3e-05,
    "total_input_tokens": 43193,
    "total_output_tokens": 6080,
    "total_tokens": 49273,
    "total_cost": 0.6143299999999999
}