{
    "commit": "3d3c1f21fa87d79ed93d98068774799f2a524393",
    "start_epoch": 1760801589.593466,
    "end_epoch": 1760801683.643095,
    "elapsed_seconds": 94.049629,
    "model": "gpt-4-0125-preview",
    "input_cost_per_token": 1e-05,
    "output_cost_per_token": 3e-05,
    "total_input_tokens": 20348,
    "total_output_tokens": 3764,
    "total_tokens": 24112,
    "total_cost": 0.31639999999999996
}