{
    "commit": "59fcac0ee4f0202dc5b5c2095f1ae2e4dd6d24b9",
    "start_epoch": 1760814283.980561,
    "end_epoch": 1760814325.841552,
    "elapsed_seconds": 41.860991,
    "model": "gpt-4-0125-preview",
    "input_cost_per_token": 1e-05,
    "output_cost_per_token": 3e-05,
    "total_input_tokens": 5258,
    "total_output_tokens": 1424,
    "total_tokens": 6682,
    "total_cost": 0.09530000000000001
}