{
    "commit": "7fc316ebc81ff4f79325d75ce850341f3bc76ca5",
    "start_epoch": 1760817374.316099,
    "end_epoch": 1760817444.729821,
    "elapsed_seconds": 70.413722,
    "model": "gpt-4-0125-preview",
    "input_cost_per_token": 1e-05,
    "output_cost_per_token": 3e-05,
    "total_input_tokens": 10807,
    "total_output_tokens": 2151,
    "total_tokens": 12958,
    "total_cost": 0.17260000000000003
}