{
    "commit": "a54d96eab4e806a6891627c3d04bd119f8d7c522",
    "start_epoch": 1760788294.918272,
    "end_epoch": 1760788400.089251,
    "elapsed_seconds": 105.170979,
    "model": "gpt-4-0125-preview",
    "input_cost_per_token": 1e-05,
    "output_cost_per_token": 3e-05,
    "total_input_tokens": 18218,
    "total_output_tokens": 4521,
    "total_tokens": 22739,
    "total_cost": 0.31781000000000004
}