{
    "commit": "f96647453ab5935fb5b7b39c620e553557272de2",
    "start_epoch": 1760539863.062361,
    "end_epoch": 1760539961.410109,
    "elapsed_seconds": 98.347748,
    "model": "gpt-4-0125-preview",
    "input_cost_per_token": 1e-05,
    "output_cost_per_token": 3e-05,
    "total_input_tokens": 34640,
    "total_output_tokens": 3206,
    "total_tokens": 37846,
    "total_cost": 0.44258000000000003
}