{
    "commit": "f85524d961d65e1cc4e03b8c65338a284a0e8117",
    "start_epoch": 1760743317.554301,
    "end_epoch": 1760743363.420189,
    "elapsed_seconds": 45.865888,
    "model": "gpt-4-0125-preview",
    "input_cost_per_token": 1e-05,
    "output_cost_per_token": 3e-05,
    "total_input_tokens": 8220,
    "total_output_tokens": 1669,
    "total_tokens": 9889,
    "total_cost": 0.13227
}