{
    "commit": "916cbc91148a982cfb90e5121853d338d1e114cc",
    "start_epoch": 1760738821.517478,
    "end_epoch": 1760738902.782109,
    "elapsed_seconds": 81.264631,
    "model": "gpt-4-0125-preview",
    "input_cost_per_token": 1e-05,
    "output_cost_per_token": 3e-05,
    "total_input_tokens": 25428,
    "total_output_tokens": 3070,
    "total_tokens": 28498,
    "total_cost": 0.34637999999999997
}