{
    "commit": "033f813319b33daab8ceb70da017a903a9f3a20e",
    "start_epoch": 1760782518.146499,
    "end_epoch": 1760782628.785361,
    "elapsed_seconds": 110.638862,
    "model": "gpt-4-0125-preview",
    "input_cost_per_token": 1e-05,
    "output_cost_per_token": 3e-05,
    "total_input_tokens": 22971,
    "total_output_tokens": 4677,
    "total_tokens": 27648,
    "total_cost": 0.37002
}