{
    "commit": "9279d99473820d678fc003a211387a158a3d0674",
    "start_epoch": 1760556463.590685,
    "end_epoch": 1760556564.593844,
    "elapsed_seconds": 101.003159,
    "model": "gpt-4-0125-preview",
    "input_cost_per_token": 1e-05,
    "output_cost_per_token": 3e-05,
    "total_input_tokens": 34202,
    "total_output_tokens": 3711,
    "total_tokens": 37913,
    "total_cost": 0.45335
}