{
    "commit": "f1c044927696a96146a97f5d8fd94e8a1e86a6e4",
    "start_epoch": 1760509235.096293,
    "end_epoch": 1760509338.146015,
    "elapsed_seconds": 103.049722,
    "model": "gpt-4-0125-preview",
    "input_cost_per_token": 1e-05,
    "output_cost_per_token": 3e-05,
    "total_input_tokens": 12110,
    "total_output_tokens": 3922,
    "total_tokens": 16032,
    "total_cost": 0.23876000000000003
}