{
    "commit": "b82f397235e2ecdfceae413a17e0cd99fbd1ea12",
    "start_epoch": 1760819935.900987,
    "end_epoch": 1760819985.344985,
    "elapsed_seconds": 49.443998,
    "model": "gpt-4-0125-preview",
    "input_cost_per_token": 1e-05,
    "output_cost_per_token": 3e-05,
    "total_input_tokens": 7984,
    "total_output_tokens": 1526,
    "total_tokens": 9510,
    "total_cost": 0.12562
}