{
    "commit": "f7dbe673ef8768bdf60150d47a917220a25f7647",
    "start_epoch": 1760507006.372047,
    "end_epoch": 1760507049.053125,
    "elapsed_seconds": 42.681078,
    "model": "gpt-4-0125-preview",
    "input_cost_per_token": 1e-05,
    "output_cost_per_token": 3e-05,
    "total_input_tokens": 5152,
    "total_output_tokens": 1395,
    "total_tokens": 6547,
    "total_cost": 0.09337000000000001
}