{
    "commit": "9a6cee55f3c334c45e8a2251d1321105baa69b7d",
    "start_epoch": 1760802394.031085,
    "end_epoch": 1760802440.997813,
    "elapsed_seconds": 46.966728,
    "model": "gpt-4-0125-preview",
    "input_cost_per_token": 1e-05,
    "output_cost_per_token": 3e-05,
    "total_input_tokens": 7366,
    "total_output_tokens": 1710,
    "total_tokens": 9076,
    "total_cost": 0.12496000000000002
}