{
    "commit": "b8d5bed3a21addc8ac4d9fa27b109c2735c0277a",
    "start_epoch": 1760698115.089066,
    "end_epoch": 1760698227.022005,
    "elapsed_seconds": 111.932939,
    "model": "gpt-4-0125-preview",
    "input_cost_per_token": 1e-05,
    "output_cost_per_token": 3e-05,
    "total_input_tokens": 22157,
    "total_output_tokens": 4487,
    "total_tokens": 26644,
    "total_cost": 0.35618
}