{
    "commit": "01728514cc52453b3e9c140a0fb3702d3e305d8f",
    "start_epoch": 1760797100.683254,
    "end_epoch": 1760797425.683333,
    "elapsed_seconds": 325.000079,
    "model": "gpt-4-0125-preview",
    "input_cost_per_token": 1e-05,
    "output_cost_per_token": 3e-05,
    "total_input_tokens": 170832,
    "total_output_tokens": 7686,
    "total_tokens": 178518,
    "total_cost": 1.9389
}