{
    "commit": "743a556199162ae10dfad780cc753f8fb6f48bb6",
    "start_epoch": 1760710723.843429,
    "end_epoch": 1760710830.659121,
    "elapsed_seconds": 106.815692,
    "model": "gpt-4-0125-preview",
    "input_cost_per_token": 1e-05,
    "output_cost_per_token": 3e-05,
    "total_input_tokens": 11955,
    "total_output_tokens": 3444,
    "total_tokens": 15399,
    "total_cost": 0.22287
}