{
    "commit": "0d5304dc0bce86d05d2a99417bfc8fd7ebb29493",
    "start_epoch": 1760803808.644123,
    "end_epoch": 1760803871.215112,
    "elapsed_seconds": 62.570989,
    "model": "gpt-4-0125-preview",
    "input_cost_per_token": 1e-05,
    "output_cost_per_token": 3e-05,
    "total_input_tokens": 13297,
    "total_output_tokens": 2547,
    "total_tokens": 15844,
    "total_cost": 0.20937999999999998
}