{
    "commit": "8394191911f1d0bf96a08e030ff69edd25be4288",
    "start_epoch": 1760719481.21969,
    "end_epoch": 1760719532.273881,
    "elapsed_seconds": 51.054191,
    "model": "gpt-4-0125-preview",
    "input_cost_per_token": 1e-05,
    "output_cost_per_token": 3e-05,
    "total_input_tokens": 5602,
    "total_output_tokens": 1786,
    "total_tokens": 7388,
    "total_cost": 0.1096
}