{
    "commit": "a4db631709cb2ace5fe252f6aa94226b3a9c08fb",
    "start_epoch": 1760798172.818161,
    "end_epoch": 1760798263.821183,
    "elapsed_seconds": 91.003022,
    "model": "gpt-4-0125-preview",
    "input_cost_per_token": 1e-05,
    "output_cost_per_token": 3e-05,
    "total_input_tokens": 10528,
    "total_output_tokens": 3606,
    "total_tokens": 14134,
    "total_cost": 0.21345999999999998
}