{
    "commit": "2ec23a9344e915a42591719914e2075f27eb6ac1",
    "start_epoch": 1760697983.242781,
    "end_epoch": 1760698046.083752,
    "elapsed_seconds": 62.840971,
    "model": "gpt-4-0125-preview",
    "input_cost_per_token": 1e-05,
    "output_cost_per_token": 3e-05,
    "total_input_tokens": 6753,
    "total_output_tokens": 2337,
    "total_tokens": 9090,
    "total_cost": 0.13764
}