{
    "commit": "4759c780850c004da6a135317cc4fb31888c5b8c",
    "start_epoch": 1760709297.061181,
    "end_epoch": 1760709457.749363,
    "elapsed_seconds": 160.688182,
    "model": "gpt-4-0125-preview",
    "input_cost_per_token": 1e-05,
    "output_cost_per_token": 3e-05,
    "total_input_tokens": 16548,
    "total_output_tokens": 5923,
    "total_tokens": 22471,
    "total_cost": 0.34317
}