{
    "commit": "e4c12d22f8de562febaf98a7df9fe9eec56e9e12",
    "start_epoch": 1760511962.240052,
    "end_epoch": 1760512005.002453,
    "elapsed_seconds": 42.762401,
    "model": "gpt-4-0125-preview",
    "input_cost_per_token": 1e-05,
    "output_cost_per_token": 3e-05,
    "total_input_tokens": 7198,
    "total_output_tokens": 1517,
    "total_tokens": 8715,
    "total_cost": 0.11749000000000001
}