{
    "commit": "c98e7df380acd65726b4ff354416b05c968ef72e",
    "start_epoch": 1760543171.315999,
    "end_epoch": 1760543292.548825,
    "elapsed_seconds": 121.232826,
    "model": "gpt-4-0125-preview",
    "input_cost_per_token": 1e-05,
    "output_cost_per_token": 3e-05,
    "total_input_tokens": 17330,
    "total_output_tokens": 3260,
    "total_tokens": 20590,
    "total_cost": 0.27110000000000006
}