{
    "commit": "e1c24f5eb772bc86211d3f2f63e914941498448d",
    "start_epoch": 1760549803.738115,
    "end_epoch": 1760549952.578091,
    "elapsed_seconds": 148.839976,
    "model": "gpt-4-0125-preview",
    "input_cost_per_token": 1e-05,
    "output_cost_per_token": 3e-05,
    "total_input_tokens": 20436,
    "total_output_tokens": 5375,
    "total_tokens": 25811,
    "total_cost": 0.36561000000000005
}