{
    "commit": "a9a36cc82a688f6c67b85ca4232bfb9d5f94bd42",
    "start_epoch": 1760509523.140448,
    "end_epoch": 1760509615.090157,
    "elapsed_seconds": 91.949709,
    "model": "gpt-4-0125-preview",
    "input_cost_per_token": 1e-05,
    "output_cost_per_token": 3e-05,
    "total_input_tokens": 33879,
    "total_output_tokens": 3271,
    "total_tokens": 37150,
    "total_cost": 0.43692000000000003
}