{
    "commit": "86429790c7ca862b22287b231cf467377de721aa",
    "start_epoch": 1760787962.032225,
    "end_epoch": 1760788056.058865,
    "elapsed_seconds": 94.02664,
    "model": "gpt-4-0125-preview",
    "input_cost_per_token": 1e-05,
    "output_cost_per_token": 3e-05,
    "total_input_tokens": 18931,
    "total_output_tokens": 3861,
    "total_tokens": 22792,
    "total_cost": 0.30514
}