{
    "commit": "fe99bd96ac300108427e8a9dbd7d4f053a8a9daa",
    "start_epoch": 1760543695.489129,
    "end_epoch": 1760543826.17696,
    "elapsed_seconds": 130.687831,
    "model": "gpt-4-0125-preview",
    "input_cost_per_token": 1e-05,
    "output_cost_per_token": 3e-05,
    "total_input_tokens": 10830,
    "total_output_tokens": 4715,
    "total_tokens": 15545,
    "total_cost": 0.24975
}