{
    "commit": "18a64b36b82bd5565d1283631793c1a07e84b9cc",
    "start_epoch": 1760513002.030376,
    "end_epoch": 1760513105.580805,
    "elapsed_seconds": 103.550429,
    "model": "gpt-4-0125-preview",
    "input_cost_per_token": 1e-05,
    "output_cost_per_token": 3e-05,
    "total_input_tokens": 11745,
    "total_output_tokens": 3433,
    "total_tokens": 15178,
    "total_cost": 0.22044
}