{
    "commit": "896aacbac10800c0f28d00b32b4f12192b02c374",
    "start_epoch": 1760789991.130198,
    "end_epoch": 1760790050.258703,
    "elapsed_seconds": 59.128505,
    "model": "gpt-4-0125-preview",
    "input_cost_per_token": 1e-05,
    "output_cost_per_token": 3e-05,
    "total_input_tokens": 11996,
    "total_output_tokens": 2403,
    "total_tokens": 14399,
    "total_cost": 0.19205
}