{
    "commit": "a5c1b76567d0ca4d4983e7dfd838b2af38906bdc",
    "start_epoch": 1760787659.348107,
    "end_epoch": 1760787732.486987,
    "elapsed_seconds": 73.13888,
    "model": "gpt-4-0125-preview",
    "input_cost_per_token": 1e-05,
    "output_cost_per_token": 3e-05,
    "total_input_tokens": 20496,
    "total_output_tokens": 2639,
    "total_tokens": 23135,
    "total_cost": 0.28413
}