{
    "commit": "4600b2904a954cd0a94318aad3fb5e173830f956",
    "start_epoch": 1760808887.706636,
    "end_epoch": 1760808972.953018,
    "elapsed_seconds": 85.246382,
    "model": "gpt-4-0125-preview",
    "input_cost_per_token": 1e-05,
    "output_cost_per_token": 3e-05,
    "total_input_tokens": 13672,
    "total_output_tokens": 3370,
    "total_tokens": 17042,
    "total_cost": 0.23782000000000003
}