{
    "commit": "dd59b6281392f539f17b7e9b5c134fe33bc75f48",
    "start_epoch": 1760794738.68114,
    "end_epoch": 1760794791.597437,
    "elapsed_seconds": 52.916297,
    "model": "gpt-4-0125-preview",
    "input_cost_per_token": 1e-05,
    "output_cost_per_token": 3e-05,
    "total_input_tokens": 5958,
    "total_output_tokens": 1840,
    "total_tokens": 7798,
    "total_cost": 0.11478000000000001
}