{
    "commit": "4054ce73cfe078826714ba0bb90487ec500f4140",
    "start_epoch": 1760579886.381779,
    "end_epoch": 1760579963.339376,
    "elapsed_seconds": 76.957597,
    "model": "gpt-4-0125-preview",
    "input_cost_per_token": 1e-05,
    "output_cost_per_token": 3e-05,
    "total_input_tokens": 15762,
    "total_output_tokens": 2711,
    "total_tokens": 18473,
    "total_cost": 0.23895
}