{
    "commit": "3c9f798c2131e3839a3bbac5933aee75223c582c",
    "start_epoch": 1760560722.495918,
    "end_epoch": 1760560870.349615,
    "elapsed_seconds": 147.853697,
    "model": "gpt-4-0125-preview",
    "input_cost_per_token": 1e-05,
    "output_cost_per_token": 3e-05,
    "total_input_tokens": 65832,
    "total_output_tokens": 4650,
    "total_tokens": 70482,
    "total_cost": 0.7978200000000001
}