{
    "commit": "05a6bab871c9f62ee2df914030e089f58ad7ba2d",
    "start_epoch": 1760767474.806551,
    "end_epoch": 1760767515.144008,
    "elapsed_seconds": 40.337457,
    "model": "gpt-4-0125-preview",
    "input_cost_per_token": 1e-05,
    "output_cost_per_token": 3e-05,
    "total_input_tokens": 5678,
    "total_output_tokens": 1465,
    "total_tokens": 7143,
    "total_cost": 0.10072999999999999
}