{
    "commit": "e2e3cc683fa4752ebfa60f542235159adb8ca82c",
    "start_epoch": 1760716567.670313,
    "end_epoch": 1760716659.139507,
    "elapsed_seconds": 91.469194,
    "model": "gpt-4-0125-preview",
    "input_cost_per_token": 1e-05,
    "output_cost_per_token": 3e-05,
    "total_input_tokens": 15714,
    "total_output_tokens": 3034,
    "total_tokens": 18748,
    "total_cost": 0.24816000000000005
}