{
    "commit": "75af233042189850f260b76fe1bc9b04bbee4942",
    "start_epoch": 1760503970.591039,
    "end_epoch": 1760504024.848766,
    "elapsed_seconds": 54.257727,
    "model": "gpt-4-0125-preview",
    "input_cost_per_token": 1e-05,
    "output_cost_per_token": 3e-05,
    "total_input_tokens": 8252,
    "total_output_tokens": 1894,
    "total_tokens": 10146,
    "total_cost": 0.13934000000000002
}