{
    "commit": "ce42bf482efa8ca3ece3655d9bc442269474f33c",
    "start_epoch": 1760499319.629067,
    "end_epoch": 1760499403.469538,
    "elapsed_seconds": 83.840471,
    "model": "gpt-4-0125-preview",
    "input_cost_per_token": 1e-05,
    "output_cost_per_token": 3e-05,
    "total_input_tokens": 16508,
    "total_output_tokens": 2997,
    "total_tokens": 19505,
    "total_cost": 0.25499
}