{
    "commit": "def54c86a25a6acddbd8be64388cc2c759b99b43",
    "start_epoch": 1760548901.353423,
    "end_epoch": 1760548952.314345,
    "elapsed_seconds": 50.960922,
    "model": "gpt-4-0125-preview",
    "input_cost_per_token": 1e-05,
    "output_cost_per_token": 3e-05,
    "total_input_tokens": 6065,
    "total_output_tokens": 1520,
    "total_tokens": 7585,
    "total_cost": 0.10625000000000001
}