{
    "commit": "f37aa7a40f7617d907a6adc4a3daa216f9aa9aa0",
    "start_epoch": 1760515143.946644,
    "end_epoch": 1760515266.502383,
    "elapsed_seconds": 122.555739,
    "model": "gpt-4-0125-preview",
    "input_cost_per_token": 1e-05,
    "output_cost_per_token": 3e-05,
    "total_input_tokens": 17966,
    "total_output_tokens": 4461,
    "total_tokens": 22427,
    "total_cost": 0.31349
}