{
    "commit": "c750d47968808c3828d78c1f30a4f0d8a3701a82",
    "start_epoch": 1760712361.060898,
    "end_epoch": 1760712430.282373,
    "elapsed_seconds": 69.221475,
    "model": "gpt-4-0125-preview",
    "input_cost_per_token": 1e-05,
    "output_cost_per_token": 3e-05,
    "total_input_tokens": 14157,
    "total_output_tokens": 2374,
    "total_tokens": 16531,
    "total_cost": 0.21279000000000003
}