{
    "commit": "f7429f46318e5792779d46d181d36abf67e63325",
    "start_epoch": 1760749019.981008,
    "end_epoch": 1760749125.136312,
    "elapsed_seconds": 105.155304,
    "model": "gpt-4-0125-preview",
    "input_cost_per_token": 1e-05,
    "output_cost_per_token": 3e-05,
    "total_input_tokens": 11490,
    "total_output_tokens": 4172,
    "total_tokens": 15662,
    "total_cost": 0.24006
}