{
    "commit": "bb9d84788aa7d8a26cc7b8716f5e3bdc8562e4f2",
    "start_epoch": 1760540867.896209,
    "end_epoch": 1760540937.835872,
    "elapsed_seconds": 69.939663,
    "model": "gpt-4-0125-preview",
    "input_cost_per_token": 1e-05,
    "output_cost_per_token": 3e-05,
    "total_input_tokens": 6536,
    "total_output_tokens": 1844,
    "total_tokens": 8380,
    "total_cost": 0.12068000000000001
}