{
    "commit": "e34a36adbc0f65d9408ae453bbcc9683218ac517",
    "start_epoch": 1760729198.651844,
    "end_epoch": 1760729314.93236,
    "elapsed_seconds": 116.280516,
    "model": "gpt-4-0125-preview",
    "input_cost_per_token": 1e-05,
    "output_cost_per_token": 3e-05,
    "total_input_tokens": 13701,
    "total_output_tokens": 4449,
    "total_tokens": 18150,
    "total_cost": 0.27048
}