{
    "commit": "8603d27b52fcfe1645327d46bfb431db29bcd8cd",
    "start_epoch": 1760818511.424034,
    "end_epoch": 1760818566.243642,
    "elapsed_seconds": 54.819608,
    "model": "gpt-4-0125-preview",
    "input_cost_per_token": 1e-05,
    "output_cost_per_token": 3e-05,
    "total_input_tokens": 12692,
    "total_output_tokens": 1680,
    "total_tokens": 14372,
    "total_cost": 0.17732000000000003
}