{
    "commit": "a70e4b75183327fd2b1b6175f025d16528263c63",
    "start_epoch": 1760545250.57912,
    "end_epoch": 1760545348.2117,
    "elapsed_seconds": 97.63258,
    "model": "gpt-4-0125-preview",
    "input_cost_per_token": 1e-05,
    "output_cost_per_token": 3e-05,
    "total_input_tokens": 9961,
    "total_output_tokens": 3649,
    "total_tokens": 13610,
    "total_cost": 0.20908000000000002
}