{
    "commit": "b4c1c8debc892e80b6d56404e2b1396c3e2594c7",
    "start_epoch": 1760704131.381142,
    "end_epoch": 1760704178.058132,
    "elapsed_seconds": 46.67699,
    "model": "gpt-4-0125-preview",
    "input_cost_per_token": 1e-05,
    "output_cost_per_token": 3e-05,
    "total_input_tokens": 6808,
    "total_output_tokens": 1530,
    "total_tokens": 8338,
    "total_cost": 0.11398
}