{
    "commit": "75bdf0801b1dbe46a67c53686787538f6fb66313",
    "start_epoch": 1760766974.687011,
    "end_epoch": 1760767027.430412,
    "elapsed_seconds": 52.743401,
    "model": "gpt-4-0125-preview",
    "input_cost_per_token": 1e-05,
    "output_cost_per_token": 3e-05,
    "total_input_tokens": 12965,
    "total_output_tokens": 2121,
    "total_tokens": 15086,
    "total_cost": 0.19328
}