{
    "commit": "0c8e958aa802da4238689cb4f0d7d2437b3a2faf",
    "start_epoch": 1760787330.587833,
    "end_epoch": 1760787375.576995,
    "elapsed_seconds": 44.989162,
    "model": "gpt-4-0125-preview",
    "input_cost_per_token": 1e-05,
    "output_cost_per_token": 3e-05,
    "total_input_tokens": 7157,
    "total_output_tokens": 1596,
    "total_tokens": 8753,
    "total_cost": 0.11945
}