{
    "commit": "77712299a8183a832ee37e0b885b0ebe6ac02de9",
    "start_epoch": 1760785221.282618,
    "end_epoch": 1760785306.084437,
    "elapsed_seconds": 84.801819,
    "model": "gpt-4-0125-preview",
    "input_cost_per_token": 1e-05,
    "output_cost_per_token": 3e-05,
    "total_input_tokens": 15601,
    "total_output_tokens": 3426,
    "total_tokens": 19027,
    "total_cost": 0.25879
}