{
    "commit": "4f5fdd513c5630fba283a8d6e6184046c5510513",
    "start_epoch": 1760701316.080463,
    "end_epoch": 1760701359.264184,
    "elapsed_seconds": 43.183721,
    "model": "gpt-4-0125-preview",
    "input_cost_per_token": 1e-05,
    "output_cost_per_token": 3e-05,
    "total_input_tokens": 4602,
    "total_output_tokens": 1593,
    "total_tokens": 6195,
    "total_cost": 0.09381
}