{
    "commit": "170fbe4b8d4e89d09220c52be37e37e92b111d7e",
    "start_epoch": 1760549000.647846,
    "end_epoch": 1760549056.3441,
    "elapsed_seconds": 55.696254,
    "model": "gpt-4-0125-preview",
    "input_cost_per_token": 1e-05,
    "output_cost_per_token": 3e-05,
    "total_input_tokens": 6766,
    "total_output_tokens": 1812,
    "total_tokens": 8578,
    "total_cost": 0.12202000000000002
}