{
    "commit": "b268645418252c6491bf5bfc51651b261336e64c",
    "start_epoch": 1760707896.914987,
    "end_epoch": 1760707969.197817,
    "elapsed_seconds": 72.28283,
    "model": "gpt-4-0125-preview",
    "input_cost_per_token": 1e-05,
    "output_cost_per_token": 3e-05,
    "total_input_tokens": 11256,
    "total_output_tokens": 2666,
    "total_tokens": 13922,
    "total_cost": 0.19254000000000004
}