{
    "commit": "896a9fccaef74db612bf53683bd06a1faaf453dc",
    "start_epoch": 1760522864.725404,
    "end_epoch": 1760522974.290971,
    "elapsed_seconds": 109.565567,
    "model": "gpt-4-0125-preview",
    "input_cost_per_token": 1e-05,
    "output_cost_per_token": 3e-05,
    "total_input_tokens": 12086,
    "total_output_tokens": 2968,
    "total_tokens": 15054,
    "total_cost": 0.2099
}