{
    "commit": "97b5be8b2647a0f3c7434aa4c622121a0a3a7ae2",
    "start_epoch": 1760561966.469643,
    "end_epoch": 1760562069.942615,
    "elapsed_seconds": 103.472972,
    "model": "gpt-4-0125-preview",
    "input_cost_per_token": 1e-05,
    "output_cost_per_token": 3e-05,
    "total_input_tokens": 10261,
    "total_output_tokens": 3729,
    "total_tokens": 13990,
    "total_cost": 0.21448000000000003
}