{
    "commit": "4c6bf2b882aff362ff4cacb957061b6b8b084441",
    "start_epoch": 1760796433.517017,
    "end_epoch": 1760796516.394886,
    "elapsed_seconds": 82.877869,
    "model": "gpt-4-0125-preview",
    "input_cost_per_token": 1e-05,
    "output_cost_per_token": 3e-05,
    "total_input_tokens": 11545,
    "total_output_tokens": 3116,
    "total_tokens": 14661,
    "total_cost": 0.20893000000000003
}