{
    "commit": "40772c66cee0bf51dfdebff833767d2db3f8ac00",
    "start_epoch": 1760502537.959526,
    "end_epoch": 1760502674.003643,
    "elapsed_seconds": 136.044117,
    "model": "gpt-4-0125-preview",
    "input_cost_per_token": 1e-05,
    "output_cost_per_token": 3e-05,
    "total_input_tokens": 18698,
    "total_output_tokens": 4573,
    "total_tokens": 23271,
    "total_cost": 0.32417
}