{
    "commit": "edb13bd6bff7e1428e9ee0cf1265e266d3615eb5",
    "start_epoch": 1760786822.800104,
    "end_epoch": 1760786913.965515,
    "elapsed_seconds": 91.165411,
    "model": "gpt-4-0125-preview",
    "input_cost_per_token": 1e-05,
    "output_cost_per_token": 3e-05,
    "total_input_tokens": 11116,
    "total_output_tokens": 3717,
    "total_tokens": 14833,
    "total_cost": 0.22267
}