{
    "commit": "8136dd7929767f48fb9281c3c02329ca5d466ba2",
    "start_epoch": 1760552551.464307,
    "end_epoch": 1760552652.820569,
    "elapsed_seconds": 101.356262,
    "model": "gpt-4-0125-preview",
    "input_cost_per_token": 1e-05,
    "output_cost_per_token": 3e-05,
    "total_input_tokens": 14547,
    "total_output_tokens": 3875,
    "total_tokens": 18422,
    "total_cost": 0.26172
}