{
    "commit": "fa73e9ea2c2c7274fc469adb1c0a0f4f286f1b38",
    "start_epoch": 1760572830.669536,
    "end_epoch": 1760572936.369791,
    "elapsed_seconds": 105.700255,
    "model": "gpt-4-0125-preview",
    "input_cost_per_token": 1e-05,
    "output_cost_per_token": 3e-05,
    "total_input_tokens": 36509,
    "total_output_tokens": 3411,
    "total_tokens": 39920,
    "total_cost": 0.46742
}