{
    "commit": "f41a6c5ef64d44bcccd303eee96e58d6ee138314",
    "start_epoch": 1760570703.97977,
    "end_epoch": 1760570791.093957,
    "elapsed_seconds": 87.114187,
    "model": "gpt-4-0125-preview",
    "input_cost_per_token": 1e-05,
    "output_cost_per_token": 3e-05,
    "total_input_tokens": 12401,
    "total_output_tokens": 3280,
    "total_tokens": 15681,
    "total_cost": 0.22241000000000005
}