{
    "commit": "c1d8d17a3aaaffce892ef919c606d4f051d226b1",
    "start_epoch": 1760754470.211033,
    "end_epoch": 1760754511.473601,
    "elapsed_seconds": 41.262568,
    "model": "gpt-4-0125-preview",
    "input_cost_per_token": 1e-05,
    "output_cost_per_token": 3e-05,
    "total_input_tokens": 5556,
    "total_output_tokens": 1387,
    "total_tokens": 6943,
    "total_cost": 0.09717000000000002
}