{
    "commit": "04d1567f330cd40a6783a5246c984300111f2438",
    "start_epoch": 1760506885.113367,
    "end_epoch": 1760506933.496491,
    "elapsed_seconds": 48.383124,
    "model": "gpt-4-0125-preview",
    "input_cost_per_token": 1e-05,
    "output_cost_per_token": 3e-05,
    "total_input_tokens": 6429,
    "total_output_tokens": 1805,
    "total_tokens": 8234,
    "total_cost": 0.11844
}