{
    "commit": "fc843119f304032b45bd69dc0b29749304b656ab",
    "start_epoch": 1760496693.203408,
    "end_epoch": 1760496774.047415,
    "elapsed_seconds": 80.844007,
    "model": "gpt-4-0125-preview",
    "input_cost_per_token": 1e-05,
    "output_cost_per_token": 3e-05,
    "total_input_tokens": 12360,
    "total_output_tokens": 2875,
    "total_tokens": 15235,
    "total_cost": 0.20985
}