{
    "commit": "4a577a519d314598e26179b0f704857e20e76f3a",
    "start_epoch": 1760783244.179,
    "end_epoch": 1760783287.861059,
    "elapsed_seconds": 43.682059,
    "model": "gpt-4-0125-preview",
    "input_cost_per_token": 1e-05,
    "output_cost_per_token": 3e-05,
    "total_input_tokens": 7599,
    "total_output_tokens": 1547,
    "total_tokens": 9146,
    "total_cost": 0.12240000000000001
}