{
    "commit": "acab80ba7dfe42807440417388ae26ca42198bbe",
    "start_epoch": 1760525159.258137,
    "end_epoch": 1760525203.981001,
    "elapsed_seconds": 44.722864,
    "model": "gpt-4-0125-preview",
    "input_cost_per_token": 1e-05,
    "output_cost_per_token": 3e-05,
    "total_input_tokens": 10308,
    "total_output_tokens": 1297,
    "total_tokens": 11605,
    "total_cost": 0.14199
}