{
    "commit": "a06c1d458495439ffc71f4a525fde28c2d18e2e9",
    "start_epoch": 1760583607.483875,
    "end_epoch": 1760583667.131449,
    "elapsed_seconds": 59.647574,
    "model": "gpt-4-0125-preview",
    "input_cost_per_token": 1e-05,
    "output_cost_per_token": 3e-05,
    "total_input_tokens": 8044,
    "total_output_tokens": 2001,
    "total_tokens": 10045,
    "total_cost": 0.14046999999999998
}