{
    "commit": "7a2e664a91a8adbca6e4ca5db08f1e72a789a0c7",
    "start_epoch": 1760520348.052585,
    "end_epoch": 1760520454.069368,
    "elapsed_seconds": 106.016783,
    "model": "gpt-4-0125-preview",
    "input_cost_per_token": 1e-05,
    "output_cost_per_token": 3e-05,
    "total_input_tokens": 13144,
    "total_output_tokens": 3390,
    "total_tokens": 16534,
    "total_cost": 0.23314000000000001
}