{
    "commit": "d12114e2f82fc9afa7df9791ed2253b630ee8603",
    "start_epoch": 1760774723.593401,
    "end_epoch": 1760774807.928445,
    "elapsed_seconds": 84.335044,
    "model": "gpt-4-0125-preview",
    "input_cost_per_token": 1e-05,
    "output_cost_per_token": 3e-05,
    "total_input_tokens": 10299,
    "total_output_tokens": 3074,
    "total_tokens": 13373,
    "total_cost": 0.19521000000000002
}