{
    "commit": "a73ac1cb2fe1ad0ece871990921a5ca3789c8717",
    "start_epoch": 1760535709.130432,
    "end_epoch": 1760535809.311445,
    "elapsed_seconds": 100.181013,
    "model": "gpt-4-0125-preview",
    "input_cost_per_token": 1e-05,
    "output_cost_per_token": 3e-05,
    "total_input_tokens": 9059,
    "total_output_tokens": 3166,
    "total_tokens": 12225,
    "total_cost": 0.18557000000000004
}