{
    "commit": "e605651219a8e8990139d94bb242d014da9cd343",
    "start_epoch": 1760500562.804352,
    "end_epoch": 1760500609.265402,
    "elapsed_seconds": 46.46105,
    "model": "gpt-4-0125-preview",
    "input_cost_per_token": 1e-05,
    "output_cost_per_token": 3e-05,
    "total_input_tokens": 10792,
    "total_output_tokens": 1732,
    "total_tokens": 12524,
    "total_cost": 0.15988
}