{
    "commit": "2714e4fcaca561ab356d5538cea5df3862536847",
    "start_epoch": 1760561283.487053,
    "end_epoch": 1760561325.598584,
    "elapsed_seconds": 42.111531,
    "model": "gpt-4-0125-preview",
    "input_cost_per_token": 1e-05,
    "output_cost_per_token": 3e-05,
    "total_input_tokens": 4750,
    "total_output_tokens": 1437,
    "total_tokens": 6187,
    "total_cost": 0.09061
}