{
    "commit": "3d21a402be28feee8d2940ec761d1b94681e4cef",
    "start_epoch": 1760504948.42008,
    "end_epoch": 1760505003.42773,
    "elapsed_seconds": 55.00765,
    "model": "gpt-4-0125-preview",
    "input_cost_per_token": 1e-05,
    "output_cost_per_token": 3e-05,
    "total_input_tokens": 6553,
    "total_output_tokens": 2003,
    "total_tokens": 8556,
    "total_cost": 0.12562
}