{
    "commit": "6019722e9ada8261a1b614ec6a3408f55343e8a5",
    "start_epoch": 1760521679.897726,
    "end_epoch": 1760521724.246994,
    "elapsed_seconds": 44.349268,
    "model": "gpt-4-0125-preview",
    "input_cost_per_token": 1e-05,
    "output_cost_per_token": 3e-05,
    "total_input_tokens": 5514,
    "total_output_tokens": 1389,
    "total_tokens": 6903,
    "total_cost": 0.09681000000000001
}