{
    "commit": "dcde83a7bf406f30b84f1c3109dbd3030fc65368",
    "start_epoch": 1760723471.670445,
    "end_epoch": 1760723571.685046,
    "elapsed_seconds": 100.014601,
    "model": "gpt-4-0125-preview",
    "input_cost_per_token": 1e-05,
    "output_cost_per_token": 3e-05,
    "total_input_tokens": 18594,
    "total_output_tokens": 3320,
    "total_tokens": 21914,
    "total_cost": 0.28553999999999996
}