{
    "commit": "bbda8863c6f1591d9b0439fc55840f3d7ae12ebc",
    "start_epoch": 1760761071.382216,
    "end_epoch": 1760761161.340646,
    "elapsed_seconds": 89.95843,
    "model": "gpt-4-0125-preview",
    "input_cost_per_token": 1e-05,
    "output_cost_per_token": 3e-05,
    "total_input_tokens": 18378,
    "total_output_tokens": 3618,
    "total_tokens": 21996,
    "total_cost": 0.29232
}