{
    "commit": "7b53bf2862776dc2d5878deee7b71a8b7c6e74b6",
    "start_epoch": 1760786350.962204,
    "end_epoch": 1760786392.787592,
    "elapsed_seconds": 41.825388,
    "model": "gpt-4-0125-preview",
    "input_cost_per_token": 1e-05,
    "output_cost_per_token": 3e-05,
    "total_input_tokens": 5875,
    "total_output_tokens": 1552,
    "total_tokens": 7427,
    "total_cost": 0.10531000000000001
}