{
    "commit": "a718c558cd15a48049bd3b10d0297cb8f0ec0851",
    "start_epoch": 1760813807.187166,
    "end_epoch": 1760814094.67533,
    "elapsed_seconds": 287.488164,
    "model": "gpt-4-0125-preview",
    "input_cost_per_token": 1e-05,
    "output_cost_per_token": 3e-05,
    "total_input_tokens": 131209,
    "total_output_tokens": 7959,
    "total_tokens": 139168,
    "total_cost": 1.5508600000000008
}