{
    "commit": "dda3c24b4dd1998361de6bf36bc7844037d89739",
    "start_epoch": 1760709260.533391,
    "end_epoch": 1760709296.872776,
    "elapsed_seconds": 36.339385,
    "model": "gpt-4-0125-preview",
    "input_cost_per_token": 1e-05,
    "output_cost_per_token": 3e-05,
    "total_input_tokens": 4434,
    "total_output_tokens": 1121,
    "total_tokens": 5555,
    "total_cost": 0.07797000000000001
}