{
    "commit": "8e401ab5e6d53237e24547960965311d1d310b8a",
    "start_epoch": 1760818017.457399,
    "end_epoch": 1760818086.606478,
    "elapsed_seconds": 69.149079,
    "model": "gpt-4-0125-preview",
    "input_cost_per_token": 1e-05,
    "output_cost_per_token": 3e-05,
    "total_input_tokens": 9318,
    "total_output_tokens": 2433,
    "total_tokens": 11751,
    "total_cost": 0.16617
}