{
    "commit": "a7d5f21583ba4c253259074a5fc09946794c1587",
    "start_epoch": 1760758090.603452,
    "end_epoch": 1760758179.172252,
    "elapsed_seconds": 88.5688,
    "model": "gpt-4-0125-preview",
    "input_cost_per_token": 1e-05,
    "output_cost_per_token": 3e-05,
    "total_input_tokens": 19168,
    "total_output_tokens": 3791,
    "total_tokens": 22959,
    "total_cost": 0.30541
}