{
    "commit": "1afff8c68b3c7ad9b41cb536f14124aad2bbd018",
    "start_epoch": 1760697359.472691,
    "end_epoch": 1760697450.06658,
    "elapsed_seconds": 90.593889,
    "model": "gpt-4-0125-preview",
    "input_cost_per_token": 1e-05,
    "output_cost_per_token": 3e-05,
    "total_input_tokens": 11867,
    "total_output_tokens": 3439,
    "total_tokens": 15306,
    "total_cost": 0.22184000000000004
}