{
    "commit": "f0e1aba3647af2cb1985883485ae0ba328e5879c",
    "start_epoch": 1760732864.97117,
    "end_epoch": 1760732937.489694,
    "elapsed_seconds": 72.518524,
    "model": "gpt-4-0125-preview",
    "input_cost_per_token": 1e-05,
    "output_cost_per_token": 3e-05,
    "total_input_tokens": 10393,
    "total_output_tokens": 2492,
    "total_tokens": 12885,
    "total_cost": 0.17869000000000002
}