{
    "commit": "69fe6e8871501c4e8a8bcd9d506a8926fc63609d",
    "start_epoch": 1760798354.033493,
    "end_epoch": 1760798388.429557,
    "elapsed_seconds": 34.396064,
    "model": "gpt-4-0125-preview",
    "input_cost_per_token": 1e-05,
    "output_cost_per_token": 3e-05,
    "total_input_tokens": 4262,
    "total_output_tokens": 1170,
    "total_tokens": 5432,
    "total_cost": 0.07772
}