{
    "commit": "3729d97bf784c966a9696870e5acf68d6774b177",
    "start_epoch": 1760495772.634826,
    "end_epoch": 1760495879.257236,
    "elapsed_seconds": 106.62241,
    "model": "gpt-4-0125-preview",
    "input_cost_per_token": 1e-05,
    "output_cost_per_token": 3e-05,
    "total_input_tokens": 21653,
    "total_output_tokens": 3761,
    "total_tokens": 25414,
    "total_cost": 0.32936000000000004
}