{
    "commit": "6ebba1cfb8c36e37fe8c356e24b1f16774702130",
    "start_epoch": 1760532177.740836,
    "end_epoch": 1760532450.290206,
    "elapsed_seconds": 272.54937,
    "model": "gpt-4-0125-preview",
    "input_cost_per_token": 1e-05,
    "output_cost_per_token": 3e-05,
    "total_input_tokens": 103648,
    "total_output_tokens": 6987,
    "total_tokens": 110635,
    "total_cost": 1.2460900000000004
}