{
    "commit": "1518dcd715bf21d6d8eab3390cdb3019acc59535",
    "start_epoch": 1760521904.259798,
    "end_epoch": 1760522013.118526,
    "elapsed_seconds": 108.858728,
    "model": "gpt-4-0125-preview",
    "input_cost_per_token": 1e-05,
    "output_cost_per_token": 3e-05,
    "total_input_tokens": 10937,
    "total_output_tokens": 3476,
    "total_tokens": 14413,
    "total_cost": 0.21365
}