{
    "commit": "baee649526fd9e01590b74e0ce965af8142fe850",
    "start_epoch": 1760774411.662198,
    "end_epoch": 1760774521.753617,
    "elapsed_seconds": 110.091419,
    "model": "gpt-4-0125-preview",
    "input_cost_per_token": 1e-05,
    "output_cost_per_token": 3e-05,
    "total_input_tokens": 53499,
    "total_output_tokens": 3639,
    "total_tokens": 57138,
    "total_cost": 0.6441600000000002
}