{
    "commit": "82d76179ee46efab44c05e117447a816cb674dec",
    "start_epoch": 1760697934.487688,
    "end_epoch": 1760697982.995228,
    "elapsed_seconds": 48.50754,
    "model": "gpt-4-0125-preview",
    "input_cost_per_token": 1e-05,
    "output_cost_per_token": 3e-05,
    "total_input_tokens": 6289,
    "total_output_tokens": 1855,
    "total_tokens": 8144,
    "total_cost": 0.11854
}