{
    "commit": "83d3f2c60ea56669a623c71b27af8e41fa541175",
    "start_epoch": 1760765318.703625,
    "end_epoch": 1760765370.419986,
    "elapsed_seconds": 51.716361,
    "model": "gpt-4-0125-preview",
    "input_cost_per_token": 1e-05,
    "output_cost_per_token": 3e-05,
    "total_input_tokens": 14077,
    "total_output_tokens": 1984,
    "total_tokens": 16061,
    "total_cost": 0.20029000000000002
}