{
    "commit": "8d14462c9064a51bcafcfc4e97700f340f039ff5",
    "start_epoch": 1760819019.19983,
    "end_epoch": 1760819079.199702,
    "elapsed_seconds": 59.999872,
    "model": "gpt-4-0125-preview",
    "input_cost_per_token": 1e-05,
    "output_cost_per_token": 3e-05,
    "total_input_tokens": 6400,
    "total_output_tokens": 1932,
    "total_tokens": 8332,
    "total_cost": 0.12195999999999999
}