{
    "commit": "381f1d652a940256044f815b5b68e37777ef6ef8",
    "start_epoch": 1760754032.018071,
    "end_epoch": 1760754114.468822,
    "elapsed_seconds": 82.450751,
    "model": "gpt-4-0125-preview",
    "input_cost_per_token": 1e-05,
    "output_cost_per_token": 3e-05,
    "total_input_tokens": 9213,
    "total_output_tokens": 3211,
    "total_tokens": 12424,
    "total_cost": 0.18846000000000002
}