{
    "commit": "e60e953b938a6394ac6ede1be25bdd118aa506a1",
    "start_epoch": 1760740815.990132,
    "end_epoch": 1760740916.870332,
    "elapsed_seconds": 100.8802,
    "model": "gpt-4-0125-preview",
    "input_cost_per_token": 1e-05,
    "output_cost_per_token": 3e-05,
    "total_input_tokens": 15719,
    "total_output_tokens": 4096,
    "total_tokens": 19815,
    "total_cost": 0.28007000000000004
}