{
    "commit": "77880c5765fe77020a28613282d43c9ce3816454",
    "start_epoch": 1760790947.339865,
    "end_epoch": 1760791001.83085,
    "elapsed_seconds": 54.490985,
    "model": "gpt-4-0125-preview",
    "input_cost_per_token": 1e-05,
    "output_cost_per_token": 3e-05,
    "total_input_tokens": 8591,
    "total_output_tokens": 2008,
    "total_tokens": 10599,
    "total_cost": 0.14615000000000003
}