{
    "commit": "c18d43338a6ec9d1518db68be57a82c94ceceebb",
    "start_epoch": 1760787120.177347,
    "end_epoch": 1760787154.593554,
    "elapsed_seconds": 34.416207,
    "model": "gpt-4-0125-preview",
    "input_cost_per_token": 1e-05,
    "output_cost_per_token": 3e-05,
    "total_input_tokens": 4078,
    "total_output_tokens": 993,
    "total_tokens": 5071,
    "total_cost": 0.07057000000000001
}