{
    "commit": "01684760da24d27b2abe6a32bb8d1bfdf7245aef",
    "start_epoch": 1760496960.110732,
    "end_epoch": 1760497068.551948,
    "elapsed_seconds": 108.441216,
    "model": "gpt-4-0125-preview",
    "input_cost_per_token": 1e-05,
    "output_cost_per_token": 3e-05,
    "total_input_tokens": 23858,
    "total_output_tokens": 4203,
    "total_tokens": 28061,
    "total_cost": 0.36467
}