{
    "commit": "d63493ff67a08a751faaec9e6dd6b8db298541c8",
    "start_epoch": 1760737901.755557,
    "end_epoch": 1760737976.97671,
    "elapsed_seconds": 75.221153,
    "model": "gpt-4-0125-preview",
    "input_cost_per_token": 1e-05,
    "output_cost_per_token": 3e-05,
    "total_input_tokens": 10836,
    "total_output_tokens": 2616,
    "total_tokens": 13452,
    "total_cost": 0.18684
}