{
    "commit": "6df61ec1410d59e58f845c8cb2206f88ec4e6d21",
    "start_epoch": 1760527081.955247,
    "end_epoch": 1760527132.689559,
    "elapsed_seconds": 50.734312,
    "model": "gpt-4-0125-preview",
    "input_cost_per_token": 1e-05,
    "output_cost_per_token": 3e-05,
    "total_input_tokens": 6513,
    "total_output_tokens": 1595,
    "total_tokens": 8108,
    "total_cost": 0.11298000000000001
}