{
    "commit": "dde0730711fc44a1faf77f0e0ac4f6542ec035cb",
    "start_epoch": 1760540220.11195,
    "end_epoch": 1760540338.675718,
    "elapsed_seconds": 118.563768,
    "model": "gpt-4-0125-preview",
    "input_cost_per_token": 1e-05,
    "output_cost_per_token": 3e-05,
    "total_input_tokens": 9411,
    "total_output_tokens": 3585,
    "total_tokens": 12996,
    "total_cost": 0.20166
}