{
    "commit": "f8c3f971c9377f63d6767b388e49cbb15daafdd5",
    "start_epoch": 1760509687.374336,
    "end_epoch": 1760509761.084423,
    "elapsed_seconds": 73.710087,
    "model": "gpt-4-0125-preview",
    "input_cost_per_token": 1e-05,
    "output_cost_per_token": 3e-05,
    "total_input_tokens": 9112,
    "total_output_tokens": 2514,
    "total_tokens": 11626,
    "total_cost": 0.16654
}