{
    "commit": "649e12ad351c57da002cb53276d0f552ae909a19",
    "start_epoch": 1760772565.463763,
    "end_epoch": 1760772626.697746,
    "elapsed_seconds": 61.233983,
    "model": "gpt-4-0125-preview",
    "input_cost_per_token": 1e-05,
    "output_cost_per_token": 3e-05,
    "total_input_tokens": 7549,
    "total_output_tokens": 2058,
    "total_tokens": 9607,
    "total_cost": 0.13723000000000002
}