{
    "commit": "27dd0425069b676ddf01c1563f2256fdf7b5ebf8",
    "start_epoch": 1760768176.732007,
    "end_epoch": 1760768291.473149,
    "elapsed_seconds": 114.741142,
    "model": "gpt-4-0125-preview",
    "input_cost_per_token": 1e-05,
    "output_cost_per_token": 3e-05,
    "total_input_tokens": 21879,
    "total_output_tokens": 4411,
    "total_tokens": 26290,
    "total_cost": 0.35112000000000004
}