{
    "commit": "800990bed053c3e61ae1529320187dfe10647c33",
    "start_epoch": 1760798007.96807,
    "end_epoch": 1760798054.004757,
    "elapsed_seconds": 46.036687,
    "model": "gpt-4-0125-preview",
    "input_cost_per_token": 1e-05,
    "output_cost_per_token": 3e-05,
    "total_input_tokens": 17483,
    "total_output_tokens": 1566,
    "total_tokens": 19049,
    "total_cost": 0.22181
}