{
    "commit": "531174c8a7080e29cb9b07c3386d71dfcf26cd5a",
    "start_epoch": 1760698661.756354,
    "end_epoch": 1760698752.690127,
    "elapsed_seconds": 90.933773,
    "model": "gpt-4-0125-preview",
    "input_cost_per_token": 1e-05,
    "output_cost_per_token": 3e-05,
    "total_input_tokens": 14220,
    "total_output_tokens": 3363,
    "total_tokens": 17583,
    "total_cost": 0.24309000000000003
}