{
    "commit": "0fcd024734de1f1f7f8f001af038c7fbafc90e87",
    "start_epoch": 1760801322.731253,
    "end_epoch": 1760801398.148999,
    "elapsed_seconds": 75.417746,
    "model": "gpt-4-0125-preview",
    "input_cost_per_token": 1e-05,
    "output_cost_per_token": 3e-05,
    "total_input_tokens": 17684,
    "total_output_tokens": 2609,
    "total_tokens": 20293,
    "total_cost": 0.25511
}