{
    "commit": "e6a52db8a07deadc85a4382b995440a93c6c676e",
    "start_epoch": 1760534111.322,
    "end_epoch": 1760534191.58084,
    "elapsed_seconds": 80.25884,
    "model": "gpt-4-0125-preview",
    "input_cost_per_token": 1e-05,
    "output_cost_per_token": 3e-05,
    "total_input_tokens": 13047,
    "total_output_tokens": 2503,
    "total_tokens": 15550,
    "total_cost": 0.20556
}