{
    "commit": "098bdae531f873bfceacfaba5ca9096324c7fa01",
    "start_epoch": 1760731733.062786,
    "end_epoch": 1760731829.5308,
    "elapsed_seconds": 96.468014,
    "model": "gpt-4-0125-preview",
    "input_cost_per_token": 1e-05,
    "output_cost_per_token": 3e-05,
    "total_input_tokens": 30435,
    "total_output_tokens": 3096,
    "total_tokens": 33531,
    "total_cost": 0.39723
}