{
    "commit": "96fe21b16177a05765d9872584e45f3b8ecf3a63",
    "start_epoch": 1760704287.676192,
    "end_epoch": 1760704328.785341,
    "elapsed_seconds": 41.109149,
    "model": "gpt-4-0125-preview",
    "input_cost_per_token": 1e-05,
    "output_cost_per_token": 3e-05,
    "total_input_tokens": 8360,
    "total_output_tokens": 1268,
    "total_tokens": 9628,
    "total_cost": 0.12164000000000001
}