{
    "commit": "26f729146f857030bd3aeda3d179e3756b893f99",
    "start_epoch": 1760520800.914198,
    "end_epoch": 1760520861.648093,
    "elapsed_seconds": 60.733895,
    "model": "gpt-4-0125-preview",
    "input_cost_per_token": 1e-05,
    "output_cost_per_token": 3e-05,
    "total_input_tokens": 7924,
    "total_output_tokens": 2022,
    "total_tokens": 9946,
    "total_cost": 0.13990000000000002
}