{
    "commit": "7a6849bba441bfbb6e794b1e62cddd11e6639802",
    "start_epoch": 1760744684.27938,
    "end_epoch": 1760744726.103063,
    "elapsed_seconds": 41.823683,
    "model": "gpt-4-0125-preview",
    "input_cost_per_token": 1e-05,
    "output_cost_per_token": 3e-05,
    "total_input_tokens": 5320,
    "total_output_tokens": 1496,
    "total_tokens": 6816,
    "total_cost": 0.09808
}