{
    "commit": "3d9d513fd09f4afed3f3a53c801075de6618efd7",
    "start_epoch": 1760500090.95701,
    "end_epoch": 1760500142.438591,
    "elapsed_seconds": 51.481581,
    "model": "gpt-4-0125-preview",
    "input_cost_per_token": 1e-05,
    "output_cost_per_token": 3e-05,
    "total_input_tokens": 6792,
    "total_output_tokens": 1872,
    "total_tokens": 8664,
    "total_cost": 0.12408
}