{
    "commit": "71d0246e63c74f05ccf91cd8cfca1f12e2821ec3",
    "start_epoch": 1760700170.998048,
    "end_epoch": 1760700213.312855,
    "elapsed_seconds": 42.314807,
    "model": "gpt-4-0125-preview",
    "input_cost_per_token": 1e-05,
    "output_cost_per_token": 3e-05,
    "total_input_tokens": 6234,
    "total_output_tokens": 1563,
    "total_tokens": 7797,
    "total_cost": 0.10923000000000002
}