{
    "commit": "fcde6473fa7cb3f8b09e485c09a81f2c66403c0c",
    "start_epoch": 1760741521.856321,
    "end_epoch": 1760741571.66662,
    "elapsed_seconds": 49.810299,
    "model": "gpt-4-0125-preview",
    "input_cost_per_token": 1e-05,
    "output_cost_per_token": 3e-05,
    "total_input_tokens": 11418,
    "total_output_tokens": 1943,
    "total_tokens": 13361,
    "total_cost": 0.17247
}