{
    "commit": "8429e76e23acd128202a0b42a51d6ff16612547b",
    "start_epoch": 1760699942.915739,
    "end_epoch": 1760700029.537952,
    "elapsed_seconds": 86.622213,
    "model": "gpt-4-0125-preview",
    "input_cost_per_token": 1e-05,
    "output_cost_per_token": 3e-05,
    "total_input_tokens": 23119,
    "total_output_tokens": 2890,
    "total_tokens": 26009,
    "total_cost": 0.31789000000000006
}