{
    "commit": "a89c865067ddacdde3c5ebac5d1057f073039440",
    "start_epoch": 1760786305.322973,
    "end_epoch": 1760786350.758497,
    "elapsed_seconds": 45.435524,
    "model": "gpt-4-0125-preview",
    "input_cost_per_token": 1e-05,
    "output_cost_per_token": 3e-05,
    "total_input_tokens": 10103,
    "total_output_tokens": 1813,
    "total_tokens": 11916,
    "total_cost": 0.15542
}