{
    "commit": "e478313aac56fcf7c40e29857452a34961ceb568",
    "start_epoch": 1760768291.594208,
    "end_epoch": 1760768369.336547,
    "elapsed_seconds": 77.742339,
    "model": "gpt-4-0125-preview",
    "input_cost_per_token": 1e-05,
    "output_cost_per_token": 3e-05,
    "total_input_tokens": 12662,
    "total_output_tokens": 2891,
    "total_tokens": 15553,
    "total_cost": 0.21335
}