{
    "commit": "111086f4a949acd4a4eb81867740a14fca47cb7d",
    "start_epoch": 1760551515.634004,
    "end_epoch": 1760551607.923495,
    "elapsed_seconds": 92.289491,
    "model": "gpt-4-0125-preview",
    "input_cost_per_token": 1e-05,
    "output_cost_per_token": 3e-05,
    "total_input_tokens": 14729,
    "total_output_tokens": 3228,
    "total_tokens": 17957,
    "total_cost": 0.24413000000000004
}