{
    "commit": "f61688bb65c039ffff41fdef37f8c98879f00712",
    "start_epoch": 1760762783.421739,
    "end_epoch": 1760762824.523338,
    "elapsed_seconds": 41.101599,
    "model": "gpt-4-0125-preview",
    "input_cost_per_token": 1e-05,
    "output_cost_per_token": 3e-05,
    "total_input_tokens": 5931,
    "total_output_tokens": 1387,
    "total_tokens": 7318,
    "total_cost": 0.10092000000000001
}