{
    "commit": "5af689186f3783d673225d9f9ed6e0be7816113b",
    "start_epoch": 1760735733.392274,
    "end_epoch": 1760735780.693832,
    "elapsed_seconds": 47.301558,
    "model": "gpt-4-0125-preview",
    "input_cost_per_token": 1e-05,
    "output_cost_per_token": 3e-05,
    "total_input_tokens": 6571,
    "total_output_tokens": 1391,
    "total_tokens": 7962,
    "total_cost": 0.10744000000000001
}