{
    "commit": "e9cafaf6eca9e64792e61896d101a30e34b9b8ed",
    "start_epoch": 1760750707.494822,
    "end_epoch": 1760750793.584547,
    "elapsed_seconds": 86.089725,
    "model": "gpt-4-0125-preview",
    "input_cost_per_token": 1e-05,
    "output_cost_per_token": 3e-05,
    "total_input_tokens": 9636,
    "total_output_tokens": 3162,
    "total_tokens": 12798,
    "total_cost": 0.19122
}