{
    "commit": "1d1f79d3d7cdcb8740ed2502df48a4227a785073",
    "start_epoch": 1760740122.106448,
    "end_epoch": 1760740169.173623,
    "elapsed_seconds": 47.067175,
    "model": "gpt-4-0125-preview",
    "input_cost_per_token": 1e-05,
    "output_cost_per_token": 3e-05,
    "total_input_tokens": 7421,
    "total_output_tokens": 1922,
    "total_tokens": 9343,
    "total_cost": 0.13187000000000001
}