{
    "commit": "138e7023d4ed62cd5264d55e05586cef6e8ee9c7",
    "start_epoch": 1760536651.670098,
    "end_epoch": 1760536724.102569,
    "elapsed_seconds": 72.432471,
    "model": "gpt-4-0125-preview",
    "input_cost_per_token": 1e-05,
    "output_cost_per_token": 3e-05,
    "total_input_tokens": 28662,
    "total_output_tokens": 1221,
    "total_tokens": 29883,
    "total_cost": 0.3232500000000001
}