{
    "commit": "7c84b67030a1e209c31ce1a7ddb9086d1796ec05",
    "start_epoch": 1760756654.013075,
    "end_epoch": 1760756690.074795,
    "elapsed_seconds": 36.06172,
    "model": "gpt-4-0125-preview",
    "input_cost_per_token": 1e-05,
    "output_cost_per_token": 3e-05,
    "total_input_tokens": 4188,
    "total_output_tokens": 997,
    "total_tokens": 5185,
    "total_cost": 0.07179
}