{
    "commit": "175e12ba5322a962c6ddd04bb63d7d9ec91e40ab",
    "start_epoch": 1760537999.061001,
    "end_epoch": 1760538120.960933,
    "elapsed_seconds": 121.899932,
    "model": "gpt-4-0125-preview",
    "input_cost_per_token": 1e-05,
    "output_cost_per_token": 3e-05,
    "total_input_tokens": 20545,
    "total_output_tokens": 3455,
    "total_tokens": 24000,
    "total_cost": 0.30910000000000004
}