{
    "commit": "984e20521d1a05c8e4eb01e68b6cf5a6cf5ecc76",
    "start_epoch": 1760540338.823035,
    "end_epoch": 1760540471.25669,
    "elapsed_seconds": 132.433655,
    "model": "gpt-4-0125-preview",
    "input_cost_per_token": 1e-05,
    "output_cost_per_token": 3e-05,
    "total_input_tokens": 23770,
    "total_output_tokens": 3975,
    "total_tokens": 27745,
    "total_cost": 0.35695000000000005
}