{
    "commit": "4f2ad44f51db8e09de87954c88eb7e377e89e203",
    "start_epoch": 1760757174.063922,
    "end_epoch": 1760757269.434278,
    "elapsed_seconds": 95.370356,
    "model": "gpt-4-0125-preview",
    "input_cost_per_token": 1e-05,
    "output_cost_per_token": 3e-05,
    "total_input_tokens": 20526,
    "total_output_tokens": 3332,
    "total_tokens": 23858,
    "total_cost": 0.30522
}