{
    "commit": "ce9527592917b3e9c5cfad62b6ce10e18dc26537",
    "start_epoch": 1760542770.273425,
    "end_epoch": 1760542879.510005,
    "elapsed_seconds": 109.23658,
    "model": "gpt-4-0125-preview",
    "input_cost_per_token": 1e-05,
    "output_cost_per_token": 3e-05,
    "total_input_tokens": 11202,
    "total_output_tokens": 3737,
    "total_tokens": 14939,
    "total_cost": 0.22413
}