{
    "commit": "5f805f5c9b2d99db8ed8b09b507c58f645c3c5e8",
    "start_epoch": 1760756922.011156,
    "end_epoch": 1760756977.870104,
    "elapsed_seconds": 55.858948,
    "model": "gpt-4-0125-preview",
    "input_cost_per_token": 1e-05,
    "output_cost_per_token": 3e-05,
    "total_input_tokens": 11301,
    "total_output_tokens": 1916,
    "total_tokens": 13217,
    "total_cost": 0.17049
}