{
    "commit": "792eff2d6fa11d1dc76e4b385f78fa834c1cafc6",
    "start_epoch": 1760783325.333758,
    "end_epoch": 1760783364.425071,
    "elapsed_seconds": 39.091313,
    "model": "gpt-4-0125-preview",
    "input_cost_per_token": 1e-05,
    "output_cost_per_token": 3e-05,
    "total_input_tokens": 5806,
    "total_output_tokens": 1398,
    "total_tokens": 7204,
    "total_cost": 0.09999999999999999
}