{
    "commit": "b51c984421d938c4d1a8eb8dc192ac1eca544aa4",
    "start_epoch": 1760783060.137064,
    "end_epoch": 1760783117.713571,
    "elapsed_seconds": 57.576507,
    "model": "gpt-4-0125-preview",
    "input_cost_per_token": 1e-05,
    "output_cost_per_token": 3e-05,
    "total_input_tokens": 12445,
    "total_output_tokens": 2232,
    "total_tokens": 14677,
    "total_cost": 0.19141000000000002
}