{
    "commit": "7a252c34d18651109847d05ecf34624b1ceef203",
    "start_epoch": 1760761829.785754,
    "end_epoch": 1760761925.633061,
    "elapsed_seconds": 95.847307,
    "model": "gpt-4-0125-preview",
    "input_cost_per_token": 1e-05,
    "output_cost_per_token": 3e-05,
    "total_input_tokens": 16756,
    "total_output_tokens": 3886,
    "total_tokens": 20642,
    "total_cost": 0.28414
}