{
    "commit": "0c19aa51e19e115743b08569bdfa1763f01594b5",
    "start_epoch": 1760788161.313749,
    "end_epoch": 1760788249.891521,
    "elapsed_seconds": 88.577772,
    "model": "gpt-4-0125-preview",
    "input_cost_per_token": 1e-05,
    "output_cost_per_token": 3e-05,
    "total_input_tokens": 19314,
    "total_output_tokens": 3737,
    "total_tokens": 23051,
    "total_cost": 0.30524999999999997
}