{
    "commit": "f8a0f26dfceab91cff4c5b329a3aca3c76291b7e",
    "start_epoch": 1760798927.721229,
    "end_epoch": 1760799044.523694,
    "elapsed_seconds": 116.802465,
    "model": "gpt-4-0125-preview",
    "input_cost_per_token": 1e-05,
    "output_cost_per_token": 3e-05,
    "total_input_tokens": 35234,
    "total_output_tokens": 4584,
    "total_tokens": 39818,
    "total_cost": 0.48986000000000013
}