{
    "commit": "2af9f4e03bf89a8bca7eff8c30f632e04c2cabc5",
    "start_epoch": 1760514429.842267,
    "end_epoch": 1760514493.926123,
    "elapsed_seconds": 64.083856,
    "model": "gpt-4-0125-preview",
    "input_cost_per_token": 1e-05,
    "output_cost_per_token": 3e-05,
    "total_input_tokens": 12509,
    "total_output_tokens": 2205,
    "total_tokens": 14714,
    "total_cost": 0.19124000000000002
}