{
    "commit": "ab0349dfb655f29a409c705ddb47336e3cade7b1",
    "start_epoch": 1760559923.493056,
    "end_epoch": 1760559976.540368,
    "elapsed_seconds": 53.047312,
    "model": "gpt-4-0125-preview",
    "input_cost_per_token": 1e-05,
    "output_cost_per_token": 3e-05,
    "total_input_tokens": 7319,
    "total_output_tokens": 2064,
    "total_tokens": 9383,
    "total_cost": 0.13511
}