{
    "commit": "712535849e3881e9559b4d194e3a92ed721a2235",
    "start_epoch": 1760556914.366786,
    "end_epoch": 1760557221.01713,
    "elapsed_seconds": 306.650344,
    "model": "gpt-4-0125-preview",
    "input_cost_per_token": 1e-05,
    "output_cost_per_token": 3e-05,
    "total_input_tokens": 87228,
    "total_output_tokens": 10838,
    "total_tokens": 98066,
    "total_cost": 1.1974200000000004
}