{
    "commit": "bd8471f2c9ecf745dd03cc1fb24cd9b858ad32a9",
    "start_epoch": 1760790437.201223,
    "end_epoch": 1760790498.849901,
    "elapsed_seconds": 61.648678,
    "model": "gpt-4-0125-preview",
    "input_cost_per_token": 1e-05,
    "output_cost_per_token": 3e-05,
    "total_input_tokens": 7023,
    "total_output_tokens": 2219,
    "total_tokens": 9242,
    "total_cost": 0.1368
}