{
    "commit": "a918e7641880123f806a87a74df04b02f0a66c80",
    "start_epoch": 1760788569.785827,
    "end_epoch": 1760788618.719676,
    "elapsed_seconds": 48.933849,
    "model": "gpt-4-0125-preview",
    "input_cost_per_token": 1e-05,
    "output_cost_per_token": 3e-05,
    "total_input_tokens": 6004,
    "total_output_tokens": 1758,
    "total_tokens": 7762,
    "total_cost": 0.11278000000000002
}