{
    "commit": "5dcf7103ab872165676b3f0ab4e05fd20f9f5dcc",
    "start_epoch": 1760744010.135595,
    "end_epoch": 1760744101.306173,
    "elapsed_seconds": 91.170578,
    "model": "gpt-4-0125-preview",
    "input_cost_per_token": 1e-05,
    "output_cost_per_token": 3e-05,
    "total_input_tokens": 14161,
    "total_output_tokens": 3750,
    "total_tokens": 17911,
    "total_cost": 0.25411
}