{
    "commit": "dc2e4c86bdc1543a4318644aded769df854d1bf5",
    "start_epoch": 1760698227.217713,
    "end_epoch": 1760698317.610977,
    "elapsed_seconds": 90.393264,
    "model": "gpt-4-0125-preview",
    "input_cost_per_token": 1e-05,
    "output_cost_per_token": 3e-05,
    "total_input_tokens": 10525,
    "total_output_tokens": 3387,
    "total_tokens": 13912,
    "total_cost": 0.20686000000000002
}