{
    "commit": "cc3abf2b909e555e11d3e890870b0d075beb88e1",
    "start_epoch": 1760526974.095235,
    "end_epoch": 1760527081.756384,
    "elapsed_seconds": 107.661149,
    "model": "gpt-4-0125-preview",
    "input_cost_per_token": 1e-05,
    "output_cost_per_token": 3e-05,
    "total_input_tokens": 15010,
    "total_output_tokens": 3992,
    "total_tokens": 19002,
    "total_cost": 0.26986000000000004
}