{
    "commit": "6ab64deca707f9ceb08a056b81a2d789d996c1a4",
    "start_epoch": 1760538813.227549,
    "end_epoch": 1760538959.022061,
    "elapsed_seconds": 145.794512,
    "model": "gpt-4-0125-preview",
    "input_cost_per_token": 1e-05,
    "output_cost_per_token": 3e-05,
    "total_input_tokens": 32570,
    "total_output_tokens": 3742,
    "total_tokens": 36312,
    "total_cost": 0.43796
}