{
    "commit": "7cc21bc7ce948d5e43c01259eeed0d9d3406e4d1",
    "start_epoch": 1760737282.292436,
    "end_epoch": 1760737545.58831,
    "elapsed_seconds": 263.295874,
    "model": "gpt-4-0125-preview",
    "input_cost_per_token": 1e-05,
    "output_cost_per_token": 3e-05,
    "total_input_tokens": 54344,
    "total_output_tokens": 6301,
    "total_tokens": 60645,
    "total_cost": 0.73247
}