{
    "commit": "58ef65aea178e558830c818d076c5f29bff31256",
    "start_epoch": 1760816477.791826,
    "end_epoch": 1760816587.192115,
    "elapsed_seconds": 109.400289,
    "model": "gpt-4-0125-preview",
    "input_cost_per_token": 1e-05,
    "output_cost_per_token": 3e-05,
    "total_input_tokens": 26430,
    "total_output_tokens": 3846,
    "total_tokens": 30276,
    "total_cost": 0.37968
}