{
    "commit": "0bec722c947c3fa0e6f8a0f7a364b13283731d9c",
    "start_epoch": 1760780315.549068,
    "end_epoch": 1760780362.726497,
    "elapsed_seconds": 47.177429,
    "model": "gpt-4-0125-preview",
    "input_cost_per_token": 1e-05,
    "output_cost_per_token": 3e-05,
    "total_input_tokens": 19990,
    "total_output_tokens": 1702,
    "total_tokens": 21692,
    "total_cost": 0.25096
}