{
    "commit": "94e9dd6c3cd06acd099d4f9e8e24fe7ac2046585",
    "start_epoch": 1760498412.305447,
    "end_epoch": 1760498456.70688,
    "elapsed_seconds": 44.401433,
    "model": "gpt-4-0125-preview",
    "input_cost_per_token": 1e-05,
    "output_cost_per_token": 3e-05,
    "total_input_tokens": 6787,
    "total_output_tokens": 1525,
    "total_tokens": 8312,
    "total_cost": 0.11362000000000001
}