{
    "commit": "851579bd5f9efbe513cd4ad4c876e4d8f6cb5e97",
    "start_epoch": 1760700863.116337,
    "end_epoch": 1760700907.609354,
    "elapsed_seconds": 44.493017,
    "model": "gpt-4-0125-preview",
    "input_cost_per_token": 1e-05,
    "output_cost_per_token": 3e-05,
    "total_input_tokens": 9869,
    "total_output_tokens": 1720,
    "total_tokens": 11589,
    "total_cost": 0.15029
}