{
    "commit": "532cd8baab74704b84efaa887acdbaac8467d183",
    "start_epoch": 1760499825.160817,
    "end_epoch": 1760499946.462912,
    "elapsed_seconds": 121.302095,
    "model": "gpt-4-0125-preview",
    "input_cost_per_token": 1e-05,
    "output_cost_per_token": 3e-05,
    "total_input_tokens": 20722,
    "total_output_tokens": 4665,
    "total_tokens": 25387,
    "total_cost": 0.34717000000000003
}