{
    "commit": "ad2e061faae9e1b2fe9fcb84eb80b929feb27f61",
    "start_epoch": 1760707292.356805,
    "end_epoch": 1760707697.1445,
    "elapsed_seconds": 404.787695,
    "model": "gpt-4-0125-preview",
    "input_cost_per_token": 1e-05,
    "output_cost_per_token": 3e-05,
    "total_input_tokens": 195674,
    "total_output_tokens": 12771,
    "total_tokens": 208445,
    "total_cost": 2.339870000000001
}