{
    "commit": "bba16133ea8610560632591df2532d8c4017b450",
    "start_epoch": 1760798388.540523,
    "end_epoch": 1760798472.206868,
    "elapsed_seconds": 83.666345,
    "model": "gpt-4-0125-preview",
    "input_cost_per_token": 1e-05,
    "output_cost_per_token": 3e-05,
    "total_input_tokens": 9822,
    "total_output_tokens": 3218,
    "total_tokens": 13040,
    "total_cost": 0.19476
}