{
    "commit": "0375b38ecacfc79fbbbbf7e8d2a13e6455673326",
    "start_epoch": 1760547902.033044,
    "end_epoch": 1760548010.393195,
    "elapsed_seconds": 108.360151,
    "model": "gpt-4-0125-preview",
    "input_cost_per_token": 1e-05,
    "output_cost_per_token": 3e-05,
    "total_input_tokens": 10297,
    "total_output_tokens": 3884,
    "total_tokens": 14181,
    "total_cost": 0.21949000000000002
}