{
    "commit": "7b6bb772e0ee11ce3bac367cdda70f6c7cc9f335",
    "start_epoch": 1760751616.794908,
    "end_epoch": 1760751674.930609,
    "elapsed_seconds": 58.135701,
    "model": "gpt-4-0125-preview",
    "input_cost_per_token": 1e-05,
    "output_cost_per_token": 3e-05,
    "total_input_tokens": 8321,
    "total_output_tokens": 2305,
    "total_tokens": 10626,
    "total_cost": 0.15236000000000002
}