{
    "commit": "4542c5341a5687d0fb3d43451c4dc3d1c6e95d22",
    "start_epoch": 1760773300.511293,
    "end_epoch": 1760773388.489832,
    "elapsed_seconds": 87.978539,
    "model": "gpt-4-0125-preview",
    "input_cost_per_token": 1e-05,
    "output_cost_per_token": 3e-05,
    "total_input_tokens": 18722,
    "total_output_tokens": 3125,
    "total_tokens": 21847,
    "total_cost": 0.28097
}