{
    "commit": "78110b8d03ebc7bdb044e5e22a612aa8bd8e95ae",
    "start_epoch": 1760727347.66753,
    "end_epoch": 1760727707.819864,
    "elapsed_seconds": 360.152334,
    "model": "gpt-4-0125-preview",
    "input_cost_per_token": 1e-05,
    "output_cost_per_token": 3e-05,
    "total_input_tokens": 258419,
    "total_output_tokens": 10862,
    "total_tokens": 269281,
    "total_cost": 2.910050000000001
}