{
    "commit": "9e3e56f57ecde50624f608cb4f41b4ca5cf02669",
    "start_epoch": 1760511736.73076,
    "end_epoch": 1760511815.08854,
    "elapsed_seconds": 78.35778,
    "model": "gpt-4-0125-preview",
    "input_cost_per_token": 1e-05,
    "output_cost_per_token": 3e-05,
    "total_input_tokens": 17836,
    "total_output_tokens": 2732,
    "total_tokens": 20568,
    "total_cost": 0.26032
}