{
    "commit": "37ccd32b87c4b7d23e0476664c5a4cf7c378f102",
    "start_epoch": 1760740169.373236,
    "end_epoch": 1760740221.633579,
    "elapsed_seconds": 52.260343,
    "model": "gpt-4-0125-preview",
    "input_cost_per_token": 1e-05,
    "output_cost_per_token": 3e-05,
    "total_input_tokens": 7435,
    "total_output_tokens": 2047,
    "total_tokens": 9482,
    "total_cost": 0.13576000000000002
}