{
    "commit": "e51bb1fd93d23803a6f74a34ca5c0b8612db006d",
    "start_epoch": 1760723910.382864,
    "end_epoch": 1760724014.81464,
    "elapsed_seconds": 104.431776,
    "model": "gpt-4-0125-preview",
    "input_cost_per_token": 1e-05,
    "output_cost_per_token": 3e-05,
    "total_input_tokens": 15529,
    "total_output_tokens": 2980,
    "total_tokens": 18509,
    "total_cost": 0.24469
}