{
    "commit": "e362e47d7131b867fd21e243abd30a2e773b61b7",
    "start_epoch": 1760796846.570209,
    "end_epoch": 1760796915.53449,
    "elapsed_seconds": 68.964281,
    "model": "gpt-4-0125-preview",
    "input_cost_per_token": 1e-05,
    "output_cost_per_token": 3e-05,
    "total_input_tokens": 10439,
    "total_output_tokens": 2652,
    "total_tokens": 13091,
    "total_cost": 0.18395
}