{
    "commit": "314fbb25f2d52ee5e461082d7c03dc7ae3c7738f",
    "start_epoch": 1760558908.893968,
    "end_epoch": 1760558963.177994,
    "elapsed_seconds": 54.284026,
    "model": "gpt-4-0125-preview",
    "input_cost_per_token": 1e-05,
    "output_cost_per_token": 3e-05,
    "total_input_tokens": 9752,
    "total_output_tokens": 2034,
    "total_tokens": 11786,
    "total_cost": 0.15854000000000001
}