{
    "commit": "bc660e80c768c30bdd795787520482f0a9d7bcbe",
    "start_epoch": 1760528878.214147,
    "end_epoch": 1760528997.270632,
    "elapsed_seconds": 119.056485,
    "model": "gpt-4-0125-preview",
    "input_cost_per_token": 1e-05,
    "output_cost_per_token": 3e-05,
    "total_input_tokens": 16797,
    "total_output_tokens": 4255,
    "total_tokens": 21052,
    "total_cost": 0.29562
}