{
    "commit": "fd15e781c2bee20309d1254880d8e5e4339e639c",
    "start_epoch": 1760354533.125411,
    "end_epoch": 1760354564.681294,
    "elapsed_seconds": 31.555883,
    "model": "gpt-4o-2024-05-13",
    "input_cost_per_token": 5e-06,
    "output_cost_per_token": 1.5e-05,
    "total_input_tokens": 11669,
    "total_output_tokens": 2727,
    "total_tokens": 14396,
    "total_cost": 0.09925
}