{
    "commit": "c5ba842b95606588cda113443b442cd379b969ae",
    "start_epoch": 1760767027.563687,
    "end_epoch": 1760767141.763079,
    "elapsed_seconds": 114.199392,
    "model": "gpt-4-0125-preview",
    "input_cost_per_token": 1e-05,
    "output_cost_per_token": 3e-05,
    "total_input_tokens": 19467,
    "total_output_tokens": 4421,
    "total_tokens": 23888,
    "total_cost": 0.3273
}