{
    "commit": "7bb88ccb278d1c4912d321c5e3bc1347d29f3542",
    "start_epoch": 1760763587.32842,
    "end_epoch": 1760763676.497228,
    "elapsed_seconds": 89.168808,
    "model": "gpt-4-0125-preview",
    "input_cost_per_token": 1e-05,
    "output_cost_per_token": 3e-05,
    "total_input_tokens": 18928,
    "total_output_tokens": 3421,
    "total_tokens": 22349,
    "total_cost": 0.29191000000000006
}