{
    "commit": "e1e1846b8be21249ac421ec33c8669d5a942a04d",
    "start_epoch": 1760808022.929657,
    "end_epoch": 1760808107.980526,
    "elapsed_seconds": 85.050869,
    "model": "gpt-4-0125-preview",
    "input_cost_per_token": 1e-05,
    "output_cost_per_token": 3e-05,
    "total_input_tokens": 10733,
    "total_output_tokens": 3297,
    "total_tokens": 14030,
    "total_cost": 0.20624
}