{
    "commit": "daab054afbf49e113c776c496b7a4a63e0a6d2cc",
    "start_epoch": 1760541939.002331,
    "end_epoch": 1760542054.747845,
    "elapsed_seconds": 115.745514,
    "model": "gpt-4-0125-preview",
    "input_cost_per_token": 1e-05,
    "output_cost_per_token": 3e-05,
    "total_input_tokens": 21508,
    "total_output_tokens": 3750,
    "total_tokens": 25258,
    "total_cost": 0.32758
}