{
    "commit": "33bb122b5db1df4d4bf263d79982a127a6e0e98d",
    "start_epoch": 1760505762.209153,
    "end_epoch": 1760505866.695124,
    "elapsed_seconds": 104.485971,
    "model": "gpt-4-0125-preview",
    "input_cost_per_token": 1e-05,
    "output_cost_per_token": 3e-05,
    "total_input_tokens": 17545,
    "total_output_tokens": 3996,
    "total_tokens": 21541,
    "total_cost": 0.29533000000000004
}