{
    "commit": "23ec0fd50722b2e8c64450b254f56d54d96411df",
    "start_epoch": 1760502375.314737,
    "end_epoch": 1760502470.712471,
    "elapsed_seconds": 95.397734,
    "model": "gpt-4-0125-preview",
    "input_cost_per_token": 1e-05,
    "output_cost_per_token": 3e-05,
    "total_input_tokens": 30742,
    "total_output_tokens": 3654,
    "total_tokens": 34396,
    "total_cost": 0.41704
}