{
    "commit": "d1aa5ee0136c9834aa417445e257e03221d3f168",
    "start_epoch": 1760801955.169274,
    "end_epoch": 1760802068.704461,
    "elapsed_seconds": 113.535187,
    "model": "gpt-4-0125-preview",
    "input_cost_per_token": 1e-05,
    "output_cost_per_token": 3e-05,
    "total_input_tokens": 28803,
    "total_output_tokens": 4617,
    "total_tokens": 33420,
    "total_cost": 0.42654000000000003
}