{
    "commit": "62a7546c6cb02aa8883fb464d4a688f8c1970073",
    "start_epoch": 1760707851.233292,
    "end_epoch": 1760707896.733301,
    "elapsed_seconds": 45.500009,
    "model": "gpt-4-0125-preview",
    "input_cost_per_token": 1e-05,
    "output_cost_per_token": 3e-05,
    "total_input_tokens": 4367,
    "total_output_tokens": 1327,
    "total_tokens": 5694,
    "total_cost": 0.08348
}