{
    "commit": "90bd7bba27e6a433201cd274725daefe846dfb78",
    "start_epoch": 1760714255.256232,
    "end_epoch": 1760714313.901846,
    "elapsed_seconds": 58.645614,
    "model": "gpt-4-0125-preview",
    "input_cost_per_token": 1e-05,
    "output_cost_per_token": 3e-05,
    "total_input_tokens": 6579,
    "total_output_tokens": 2031,
    "total_tokens": 8610,
    "total_cost": 0.12672
}