{
    "commit": "7a48acf0ec23a51e8e189c61cc920bd471adc618",
    "start_epoch": 1760543117.112836,
    "end_epoch": 1760543171.09259,
    "elapsed_seconds": 53.979754,
    "model": "gpt-4-0125-preview",
    "input_cost_per_token": 1e-05,
    "output_cost_per_token": 3e-05,
    "total_input_tokens": 28629,
    "total_output_tokens": 1507,
    "total_tokens": 30136,
    "total_cost": 0.3315000000000001
}