{
    "commit": "0f5d78e0d6ee6d6804a1fe6310ecef2c722c46e6",
    "start_epoch": 1760791368.837073,
    "end_epoch": 1760791417.637063,
    "elapsed_seconds": 48.79999,
    "model": "gpt-4-0125-preview",
    "input_cost_per_token": 1e-05,
    "output_cost_per_token": 3e-05,
    "total_input_tokens": 6857,
    "total_output_tokens": 1859,
    "total_tokens": 8716,
    "total_cost": 0.12434000000000002
}