{
    "commit": "ba9661e69031f3f56a59410267c173f5bbbfef24",
    "start_epoch": 1760705885.457875,
    "end_epoch": 1760705989.510305,
    "elapsed_seconds": 104.05243,
    "model": "gpt-4-0125-preview",
    "input_cost_per_token": 1e-05,
    "output_cost_per_token": 3e-05,
    "total_input_tokens": 15765,
    "total_output_tokens": 3830,
    "total_tokens": 19595,
    "total_cost": 0.27255
}