{
    "commit": "8a4a3c4bf4518750c327f4ed4f63050a34722d5b",
    "start_epoch": 1760715714.264853,
    "end_epoch": 1760715822.727947,
    "elapsed_seconds": 108.463094,
    "model": "gpt-4-0125-preview",
    "input_cost_per_token": 1e-05,
    "output_cost_per_token": 3e-05,
    "total_input_tokens": 35484,
    "total_output_tokens": 3902,
    "total_tokens": 39386,
    "total_cost": 0.47190000000000004
}