{
    "commit": "59694011556eb21283e52183ae3c59a8223b5411",
    "start_epoch": 1760737649.151595,
    "end_epoch": 1760737718.762134,
    "elapsed_seconds": 69.610539,
    "model": "gpt-4-0125-preview",
    "input_cost_per_token": 1e-05,
    "output_cost_per_token": 3e-05,
    "total_input_tokens": 10161,
    "total_output_tokens": 2235,
    "total_tokens": 12396,
    "total_cost": 0.16866000000000003
}