{
    "commit": "f7a2ce13a6f7bb10fae3bad215293c0b2f92ebed",
    "start_epoch": 1760782768.039016,
    "end_epoch": 1760782874.086652,
    "elapsed_seconds": 106.047636,
    "model": "gpt-4-0125-preview",
    "input_cost_per_token": 1e-05,
    "output_cost_per_token": 3e-05,
    "total_input_tokens": 15623,
    "total_output_tokens": 4144,
    "total_tokens": 19767,
    "total_cost": 0.28055
}