{
    "commit": "80b41ee3b84442c05a2a11e6cdc1caeb77872860",
    "start_epoch": 1760584031.916787,
    "end_epoch": 1760584153.120681,
    "elapsed_seconds": 121.203894,
    "model": "gpt-4-0125-preview",
    "input_cost_per_token": 1e-05,
    "output_cost_per_token": 3e-05,
    "total_input_tokens": 32480,
    "total_output_tokens": 3364,
    "total_tokens": 35844,
    "total_cost": 0.42572
}