{
    "commit": "f42717e672c3e9b1f0d88cf6e384691ae71feb8e",
    "start_epoch": 1760559827.637982,
    "end_epoch": 1760559923.306523,
    "elapsed_seconds": 95.668541,
    "model": "gpt-4-0125-preview",
    "input_cost_per_token": 1e-05,
    "output_cost_per_token": 3e-05,
    "total_input_tokens": 17680,
    "total_output_tokens": 3557,
    "total_tokens": 21237,
    "total_cost": 0.28351
}