{
    "commit": "ab3c54b8e0c2a418dadada0f9ed224f5d9dace79",
    "start_epoch": 1760540748.121769,
    "end_epoch": 1760540814.412579,
    "elapsed_seconds": 66.29081,
    "model": "gpt-4-0125-preview",
    "input_cost_per_token": 1e-05,
    "output_cost_per_token": 3e-05,
    "total_input_tokens": 8184,
    "total_output_tokens": 2220,
    "total_tokens": 10404,
    "total_cost": 0.14844000000000002
}