{
    "commit": "41c283c173d242068fd8a5a7c43947a88d6d27fd",
    "start_epoch": 1760786728.841745,
    "end_epoch": 1760786781.48453,
    "elapsed_seconds": 52.642785,
    "model": "gpt-4-0125-preview",
    "input_cost_per_token": 1e-05,
    "output_cost_per_token": 3e-05,
    "total_input_tokens": 8064,
    "total_output_tokens": 2012,
    "total_tokens": 10076,
    "total_cost": 0.14100000000000001
}