{
    "commit": "28d26f2c26cb82bba1310b5cd7ff663806c205e0",
    "start_epoch": 1760750841.85691,
    "end_epoch": 1760750947.968308,
    "elapsed_seconds": 106.111398,
    "model": "gpt-4-0125-preview",
    "input_cost_per_token": 1e-05,
    "output_cost_per_token": 3e-05,
    "total_input_tokens": 10907,
    "total_output_tokens": 4415,
    "total_tokens": 15322,
    "total_cost": 0.24152000000000004
}