{
    "commit": "cfafd958b6de7ea451e7d0fd0a3aee49ac9d9a0a",
    "start_epoch": 1760577746.157447,
    "end_epoch": 1760577893.510627,
    "elapsed_seconds": 147.35318,
    "model": "gpt-4-0125-preview",
    "input_cost_per_token": 1e-05,
    "output_cost_per_token": 3e-05,
    "total_input_tokens": 25033,
    "total_output_tokens": 5383,
    "total_tokens": 30416,
    "total_cost": 0.41182
}