{
    "commit": "a8b27c06f382eca7aa3ac682f26811afa44c2576",
    "start_epoch": 1760716147.619153,
    "end_epoch": 1760716259.540052,
    "elapsed_seconds": 111.920899,
    "model": "gpt-4-0125-preview",
    "input_cost_per_token": 1e-05,
    "output_cost_per_token": 3e-05,
    "total_input_tokens": 21149,
    "total_output_tokens": 3758,
    "total_tokens": 24907,
    "total_cost": 0.32422999999999996
}