{
    "commit": "94ae26446d0f4dd68eab5aa03fd3da1be21c14ab",
    "start_epoch": 1760569447.613563,
    "end_epoch": 1760569538.80925,
    "elapsed_seconds": 91.195687,
    "model": "gpt-4-0125-preview",
    "input_cost_per_token": 1e-05,
    "output_cost_per_token": 3e-05,
    "total_input_tokens": 16324,
    "total_output_tokens": 3186,
    "total_tokens": 19510,
    "total_cost": 0.25882
}