{
    "commit": "21a3d7d2d0a90ea35c49a46e40ce02b721e6e24e",
    "start_epoch": 1760729786.909049,
    "end_epoch": 1760729889.528421,
    "elapsed_seconds": 102.619372,
    "model": "gpt-4-0125-preview",
    "input_cost_per_token": 1e-05,
    "output_cost_per_token": 3e-05,
    "total_input_tokens": 27268,
    "total_output_tokens": 3714,
    "total_tokens": 30982,
    "total_cost": 0.38410000000000005
}