{
    "commit": "ca74f3ed51590e307f4d4f606794f659ab0f05a6",
    "start_epoch": 1760538121.105597,
    "end_epoch": 1760538187.808665,
    "elapsed_seconds": 66.703068,
    "model": "gpt-4-0125-preview",
    "input_cost_per_token": 1e-05,
    "output_cost_per_token": 3e-05,
    "total_input_tokens": 8089,
    "total_output_tokens": 2034,
    "total_tokens": 10123,
    "total_cost": 0.14191
}