{
    "commit": "9f51fd25ae7371cd66ceb2b3e1f62d234016e8ec",
    "start_epoch": 1760787870.656662,
    "end_epoch": 1760787908.374645,
    "elapsed_seconds": 37.717983,
    "model": "gpt-4-0125-preview",
    "input_cost_per_token": 1e-05,
    "output_cost_per_token": 3e-05,
    "total_input_tokens": 5377,
    "total_output_tokens": 1360,
    "total_tokens": 6737,
    "total_cost": 0.09457000000000002
}