{
    "commit": "da0cf6bee633abf3a17021a682c244b1dc732d67",
    "start_epoch": 1760532762.488291,
    "end_epoch": 1760532830.430172,
    "elapsed_seconds": 67.941881,
    "model": "gpt-4-0125-preview",
    "input_cost_per_token": 1e-05,
    "output_cost_per_token": 3e-05,
    "total_input_tokens": 11401,
    "total_output_tokens": 2166,
    "total_tokens": 13567,
    "total_cost": 0.17899
}