{
    "commit": "5bd21a8a11e1e87142fe53bd386bb0fe2804dccc",
    "start_epoch": 1760783288.040151,
    "end_epoch": 1760783325.148093,
    "elapsed_seconds": 37.107942,
    "model": "gpt-4-0125-preview",
    "input_cost_per_token": 1e-05,
    "output_cost_per_token": 3e-05,
    "total_input_tokens": 4568,
    "total_output_tokens": 1182,
    "total_tokens": 5750,
    "total_cost": 0.08114
}