{
    "commit": "8e33983907561dfef2b30028e07a642f215a5aec",
    "start_epoch": 1760565552.875924,
    "end_epoch": 1760565658.522381,
    "elapsed_seconds": 105.646457,
    "model": "gpt-4-0125-preview",
    "input_cost_per_token": 1e-05,
    "output_cost_per_token": 3e-05,
    "total_input_tokens": 18940,
    "total_output_tokens": 3753,
    "total_tokens": 22693,
    "total_cost": 0.30199000000000004
}