{
    "commit": "39d59df114ea1b61045f597160040ddc9e30f380",
    "start_epoch": 1760694614.545966,
    "end_epoch": 1760694706.053171,
    "elapsed_seconds": 91.507205,
    "model": "gpt-4-0125-preview",
    "input_cost_per_token": 1e-05,
    "output_cost_per_token": 3e-05,
    "total_input_tokens": 11256,
    "total_output_tokens": 3349,
    "total_tokens": 14605,
    "total_cost": 0.21303
}