{
    "commit": "0fc6da7d55d2f642c3c04153991608a33fb47c53",
    "start_epoch": 1760745838.281068,
    "end_epoch": 1760745909.343464,
    "elapsed_seconds": 71.062396,
    "model": "gpt-4-0125-preview",
    "input_cost_per_token": 1e-05,
    "output_cost_per_token": 3e-05,
    "total_input_tokens": 11261,
    "total_output_tokens": 2497,
    "total_tokens": 13758,
    "total_cost": 0.18752000000000002
}