{
    "commit": "60462573265d966f20a0e2eead82b8a8c977e62b",
    "start_epoch": 1760534727.360445,
    "end_epoch": 1760534835.565833,
    "elapsed_seconds": 108.205388,
    "model": "gpt-4-0125-preview",
    "input_cost_per_token": 1e-05,
    "output_cost_per_token": 3e-05,
    "total_input_tokens": 22054,
    "total_output_tokens": 3477,
    "total_tokens": 25531,
    "total_cost": 0.32485
}