{
    "commit": "17e41996f582c52f523b6f12ede76f3f4c6094e1",
    "start_epoch": 1760777033.515687,
    "end_epoch": 1760777090.282588,
    "elapsed_seconds": 56.766901,
    "model": "gpt-4-0125-preview",
    "input_cost_per_token": 1e-05,
    "output_cost_per_token": 3e-05,
    "total_input_tokens": 8967,
    "total_output_tokens": 1742,
    "total_tokens": 10709,
    "total_cost": 0.14193
}