{
    "commit": "a21da97e8ed70f61718883ed9a7b70cf677a96a2",
    "start_epoch": 1760696387.513357,
    "end_epoch": 1760696432.171453,
    "elapsed_seconds": 44.658096,
    "model": "gpt-4-0125-preview",
    "input_cost_per_token": 1e-05,
    "output_cost_per_token": 3e-05,
    "total_input_tokens": 5866,
    "total_output_tokens": 1635,
    "total_tokens": 7501,
    "total_cost": 0.10771
}