{
    "commit": "fb5f750800ed3982de6d6c1fef54d3c08e4ff314",
    "start_epoch": 1760512102.309033,
    "end_epoch": 1760512232.252054,
    "elapsed_seconds": 129.943021,
    "model": "gpt-4-0125-preview",
    "input_cost_per_token": 1e-05,
    "output_cost_per_token": 3e-05,
    "total_input_tokens": 15330,
    "total_output_tokens": 4422,
    "total_tokens": 19752,
    "total_cost": 0.28596000000000005
}