{
    "commit": "9c0fc6506886a6d6117ebd51934bd0ac03deef0d",
    "start_epoch": 1760697643.489183,
    "end_epoch": 1760697692.680444,
    "elapsed_seconds": 49.191261,
    "model": "gpt-4-0125-preview",
    "input_cost_per_token": 1e-05,
    "output_cost_per_token": 3e-05,
    "total_input_tokens": 5327,
    "total_output_tokens": 1788,
    "total_tokens": 7115,
    "total_cost": 0.10691
}