{
    "commit": "98d84d035ebd834c88efffb16cd1059a26ea296f",
    "start_epoch": 1760729315.044247,
    "end_epoch": 1760729381.109065,
    "elapsed_seconds": 66.064818,
    "model": "gpt-4-0125-preview",
    "input_cost_per_token": 1e-05,
    "output_cost_per_token": 3e-05,
    "total_input_tokens": 7879,
    "total_output_tokens": 1997,
    "total_tokens": 9876,
    "total_cost": 0.13870000000000005
}