{
    "commit": "ef0c6f5f067f3d5b6cb5f2e4d541b59ef167c104",
    "start_epoch": 1760740221.829746,
    "end_epoch": 1760740323.877022,
    "elapsed_seconds": 102.047276,
    "model": "gpt-4-0125-preview",
    "input_cost_per_token": 1e-05,
    "output_cost_per_token": 3e-05,
    "total_input_tokens": 8975,
    "total_output_tokens": 3783,
    "total_tokens": 12758,
    "total_cost": 0.20324000000000003
}