{
    "commit": "a85235bd59fa78c7779093235e5f7f0607a6aa42",
    "start_epoch": 1760709582.370474,
    "end_epoch": 1760709684.358644,
    "elapsed_seconds": 101.98817,
    "model": "gpt-4-0125-preview",
    "input_cost_per_token": 1e-05,
    "output_cost_per_token": 3e-05,
    "total_input_tokens": 7744,
    "total_output_tokens": 3339,
    "total_tokens": 11083,
    "total_cost": 0.17761
}