{
    "commit": "a482342f8886b6ce944b7cae66b19bd2eb4bb547",
    "start_epoch": 1760711025.516221,
    "end_epoch": 1760711126.590648,
    "elapsed_seconds": 101.074427,
    "model": "gpt-4-0125-preview",
    "input_cost_per_token": 1e-05,
    "output_cost_per_token": 3e-05,
    "total_input_tokens": 15653,
    "total_output_tokens": 3650,
    "total_tokens": 19303,
    "total_cost": 0.26603000000000004
}