{
    "commit": "79b4e4bc69097291694670ee0080b6e17b5e4629",
    "start_epoch": 1760804595.315796,
    "end_epoch": 1760804677.583534,
    "elapsed_seconds": 82.267738,
    "model": "gpt-4-0125-preview",
    "input_cost_per_token": 1e-05,
    "output_cost_per_token": 3e-05,
    "total_input_tokens": 13694,
    "total_output_tokens": 3162,
    "total_tokens": 16856,
    "total_cost": 0.2318
}