{
    "commit": "bb29f3ed639b547162427af2d57e84b6ccd3439a",
    "start_epoch": 1760549565.918938,
    "end_epoch": 1760549665.286762,
    "elapsed_seconds": 99.367824,
    "model": "gpt-4-0125-preview",
    "input_cost_per_token": 1e-05,
    "output_cost_per_token": 3e-05,
    "total_input_tokens": 13922,
    "total_output_tokens": 3462,
    "total_tokens": 17384,
    "total_cost": 0.24308000000000002
}