{
    "commit": "fd262627c6e28f72ddce732ca11148e545064918",
    "start_epoch": 1760537481.931346,
    "end_epoch": 1760537733.546794,
    "elapsed_seconds": 251.615448,
    "model": "gpt-4-0125-preview",
    "input_cost_per_token": 1e-05,
    "output_cost_per_token": 3e-05,
    "total_input_tokens": 24659,
    "total_output_tokens": 3574,
    "total_tokens": 28233,
    "total_cost": 0.35381
}