{
    "commit": "b9051a513074c032f4e85d4dae0f6244295a09a5",
    "start_epoch": 1760697692.95171,
    "end_epoch": 1760697744.958917,
    "elapsed_seconds": 52.007207,
    "model": "gpt-4-0125-preview",
    "input_cost_per_token": 1e-05,
    "output_cost_per_token": 3e-05,
    "total_input_tokens": 7748,
    "total_output_tokens": 1959,
    "total_tokens": 9707,
    "total_cost": 0.13625
}