{
    "commit": "9c514d174d85b48a6bdcca9c74982f52f3b56f01",
    "start_epoch": 1760726534.243702,
    "end_epoch": 1760726642.575929,
    "elapsed_seconds": 108.332227,
    "model": "gpt-4-0125-preview",
    "input_cost_per_token": 1e-05,
    "output_cost_per_token": 3e-05,
    "total_input_tokens": 12564,
    "total_output_tokens": 3947,
    "total_tokens": 16511,
    "total_cost": 0.24405000000000004
}