{
    "commit": "c3f72fc42e9efd7cf4896422aa04fa0c93bbb482",
    "start_epoch": 1760801168.894985,
    "end_epoch": 1760801253.270931,
    "elapsed_seconds": 84.375946,
    "model": "gpt-4-0125-preview",
    "input_cost_per_token": 1e-05,
    "output_cost_per_token": 3e-05,
    "total_input_tokens": 19934,
    "total_output_tokens": 3201,
    "total_tokens": 23135,
    "total_cost": 0.29537
}