{
    "commit": "63c66013bfba696a1276ca37d498acd8ea1828f6",
    "start_epoch": 1760742325.572944,
    "end_epoch": 1760742406.58163,
    "elapsed_seconds": 81.008686,
    "model": "gpt-4-0125-preview",
    "input_cost_per_token": 1e-05,
    "output_cost_per_token": 3e-05,
    "total_input_tokens": 8562,
    "total_output_tokens": 2819,
    "total_tokens": 11381,
    "total_cost": 0.17019
}