{
    "commit": "002ecea3ded1f9556527fe2e71222a068944cf6d",
    "start_epoch": 1760784482.499409,
    "end_epoch": 1760784592.193336,
    "elapsed_seconds": 109.693927,
    "model": "gpt-4-0125-preview",
    "input_cost_per_token": 1e-05,
    "output_cost_per_token": 3e-05,
    "total_input_tokens": 20472,
    "total_output_tokens": 4719,
    "total_tokens": 25191,
    "total_cost": 0.34629000000000004
}