{
    "commit": "4828c637260edda5fb5fde4fbc26321f7e5b24a3",
    "start_epoch": 1760770292.620476,
    "end_epoch": 1760770333.912536,
    "elapsed_seconds": 41.29206,
    "model": "gpt-4-0125-preview",
    "input_cost_per_token": 1e-05,
    "output_cost_per_token": 3e-05,
    "total_input_tokens": 5298,
    "total_output_tokens": 1484,
    "total_tokens": 6782,
    "total_cost": 0.0975
}