{
    "commit": "96a6c57a13b0b17a6de3a258e4ca1cdc2f13deea",
    "start_epoch": 1760545493.920714,
    "end_epoch": 1760545632.919771,
    "elapsed_seconds": 138.999057,
    "model": "gpt-4-0125-preview",
    "input_cost_per_token": 1e-05,
    "output_cost_per_token": 3e-05,
    "total_input_tokens": 34139,
    "total_output_tokens": 4937,
    "total_tokens": 39076,
    "total_cost": 0.48950000000000005
}