{
    "commit": "78543a96422203f07cde7a4919dab9a75f1321ec",
    "start_epoch": 1760740754.642676,
    "end_epoch": 1760740815.804419,
    "elapsed_seconds": 61.161743,
    "model": "gpt-4-0125-preview",
    "input_cost_per_token": 1e-05,
    "output_cost_per_token": 3e-05,
    "total_input_tokens": 7627,
    "total_output_tokens": 2345,
    "total_tokens": 9972,
    "total_cost": 0.14662
}