{
    "commit": "12ab23fec88ff39007fbd73f8cb2af375a73007c",
    "start_epoch": 1760804917.270135,
    "end_epoch": 1760805003.576077,
    "elapsed_seconds": 86.305942,
    "model": "gpt-4-0125-preview",
    "input_cost_per_token": 1e-05,
    "output_cost_per_token": 3e-05,
    "total_input_tokens": 28306,
    "total_output_tokens": 3120,
    "total_tokens": 31426,
    "total_cost": 0.37666000000000005
}