{
    "commit": "ac625fd72420f6c29ac0af8cf99e1c8a8a53c168",
    "start_epoch": 1760512495.869842,
    "end_epoch": 1760512563.201752,
    "elapsed_seconds": 67.33191,
    "model": "gpt-4-0125-preview",
    "input_cost_per_token": 1e-05,
    "output_cost_per_token": 3e-05,
    "total_input_tokens": 18113,
    "total_output_tokens": 1825,
    "total_tokens": 19938,
    "total_cost": 0.23588
}