{
    "commit": "b0994f2fcce08f1aa3ad3cffdd5b45d3faabc1b3",
    "start_epoch": 1760499141.358857,
    "end_epoch": 1760499181.017844,
    "elapsed_seconds": 39.658987,
    "model": "gpt-4-0125-preview",
    "input_cost_per_token": 1e-05,
    "output_cost_per_token": 3e-05,
    "total_input_tokens": 8818,
    "total_output_tokens": 1513,
    "total_tokens": 10331,
    "total_cost": 0.13357
}