{
    "commit": "36176a0e5b801e1864c7889191e4cd5786ebadca",
    "start_epoch": 1760517984.203759,
    "end_epoch": 1760518069.863074,
    "elapsed_seconds": 85.659315,
    "model": "gpt-4-0125-preview",
    "input_cost_per_token": 1e-05,
    "output_cost_per_token": 3e-05,
    "total_input_tokens": 19489,
    "total_output_tokens": 2665,
    "total_tokens": 22154,
    "total_cost": 0.2748400000000001
}