{
    "commit": "6d0d5ac8940aef2d4e688728a7feeffe106ad23f",
    "start_epoch": 1760790093.664924,
    "end_epoch": 1760790204.18014,
    "elapsed_seconds": 110.515216,
    "model": "gpt-4-0125-preview",
    "input_cost_per_token": 1e-05,
    "output_cost_per_token": 3e-05,
    "total_input_tokens": 20335,
    "total_output_tokens": 4634,
    "total_tokens": 24969,
    "total_cost": 0.34237
}