{
    "commit": "3fbdecc2445069c169fd7f2b9118e1e661169646",
    "start_epoch": 1760751675.111198,
    "end_epoch": 1760751721.660457,
    "elapsed_seconds": 46.549259,
    "model": "gpt-4-0125-preview",
    "input_cost_per_token": 1e-05,
    "output_cost_per_token": 3e-05,
    "total_input_tokens": 5340,
    "total_output_tokens": 1582,
    "total_tokens": 6922,
    "total_cost": 0.10086
}