{
    "commit": "121a4f5b010fe1700563ae3b1f7efd53e009c7f6",
    "start_epoch": 1760562525.488585,
    "end_epoch": 1760562603.848238,
    "elapsed_seconds": 78.359653,
    "model": "gpt-4-0125-preview",
    "input_cost_per_token": 1e-05,
    "output_cost_per_token": 3e-05,
    "total_input_tokens": 9034,
    "total_output_tokens": 2840,
    "total_tokens": 11874,
    "total_cost": 0.17554
}