{
    "commit": "c373b067555b6803ab190d5fb7c453415625f984",
    "start_epoch": 1760798054.192471,
    "end_epoch": 1760798104.49903,
    "elapsed_seconds": 50.306559,
    "model": "gpt-4-0125-preview",
    "input_cost_per_token": 1e-05,
    "output_cost_per_token": 3e-05,
    "total_input_tokens": 12468,
    "total_output_tokens": 1841,
    "total_tokens": 14309,
    "total_cost": 0.17991000000000001
}