{
    "commit": "17798761a5329779b5ad5ab3f9da65297b09875b",
    "start_epoch": 1760507122.693917,
    "end_epoch": 1760507177.558141,
    "elapsed_seconds": 54.864224,
    "model": "gpt-4-0125-preview",
    "input_cost_per_token": 1e-05,
    "output_cost_per_token": 3e-05,
    "total_input_tokens": 9535,
    "total_output_tokens": 2013,
    "total_tokens": 11548,
    "total_cost": 0.15574000000000002
}