{
    "commit": "64122d27bb9212dc8e2d347baaa04d7d75686137",
    "start_epoch": 1760803167.517195,
    "end_epoch": 1760803216.119451,
    "elapsed_seconds": 48.602256,
    "model": "gpt-4-0125-preview",
    "input_cost_per_token": 1e-05,
    "output_cost_per_token": 3e-05,
    "total_input_tokens": 8574,
    "total_output_tokens": 1771,
    "total_tokens": 10345,
    "total_cost": 0.13887000000000002
}