{
    "commit": "997c154b0d4f59f24707561d15eed994f43bcdc9",
    "start_epoch": 1760562425.604814,
    "end_epoch": 1760562525.365867,
    "elapsed_seconds": 99.761053,
    "model": "gpt-4-0125-preview",
    "input_cost_per_token": 1e-05,
    "output_cost_per_token": 3e-05,
    "total_input_tokens": 17756,
    "total_output_tokens": 3669,
    "total_tokens": 21425,
    "total_cost": 0.28763000000000005
}