{
    "commit": "da7595c5dcdf8523d1e9f501d19761f8d5db6811",
    "start_epoch": 1760711353.615576,
    "end_epoch": 1760711449.552847,
    "elapsed_seconds": 95.937271,
    "model": "gpt-4-0125-preview",
    "input_cost_per_token": 1e-05,
    "output_cost_per_token": 3e-05,
    "total_input_tokens": 11985,
    "total_output_tokens": 3421,
    "total_tokens": 15406,
    "total_cost": 0.22248
}