{
    "commit": "ae604eae289f074ae3c529e00d36adbd7dd08d6d",
    "start_epoch": 1760559143.74517,
    "end_epoch": 1760559175.476336,
    "elapsed_seconds": 31.731166,
    "model": "gpt-4-0125-preview",
    "input_cost_per_token": 1e-05,
    "output_cost_per_token": 3e-05,
    "total_input_tokens": 3952,
    "total_output_tokens": 1071,
    "total_tokens": 5023,
    "total_cost": 0.07165
}