{
    "commit": "ea2560895412f509a3d6c139328ccfa1ffeb890c",
    "start_epoch": 1760497435.716227,
    "end_epoch": 1760497547.569849,
    "elapsed_seconds": 111.853622,
    "model": "gpt-4-0125-preview",
    "input_cost_per_token": 1e-05,
    "output_cost_per_token": 3e-05,
    "total_input_tokens": 11514,
    "total_output_tokens": 4179,
    "total_tokens": 15693,
    "total_cost": 0.24051
}