{
    "commit": "460f1ae86dc60fb9d1937174dfa8304c1e5da37f",
    "start_epoch": 1760759954.162936,
    "end_epoch": 1760760036.297115,
    "elapsed_seconds": 82.134179,
    "model": "gpt-4-0125-preview",
    "input_cost_per_token": 1e-05,
    "output_cost_per_token": 3e-05,
    "total_input_tokens": 21854,
    "total_output_tokens": 3224,
    "total_tokens": 25078,
    "total_cost": 0.31526
}