{
    "commit": "1d275682ec2f55db867d8366674199e85c1a6699",
    "start_epoch": 1760524482.476982,
    "end_epoch": 1760524579.633611,
    "elapsed_seconds": 97.156629,
    "model": "gpt-4-0125-preview",
    "input_cost_per_token": 1e-05,
    "output_cost_per_token": 3e-05,
    "total_input_tokens": 23154,
    "total_output_tokens": 3285,
    "total_tokens": 26439,
    "total_cost": 0.33009000000000005
}