{
    "commit": "3fb788f19b4fa091d4dc56f68c95e1394ce84e7f",
    "start_epoch": 1760548793.888876,
    "end_epoch": 1760548837.636246,
    "elapsed_seconds": 43.74737,
    "model": "gpt-4-0125-preview",
    "input_cost_per_token": 1e-05,
    "output_cost_per_token": 3e-05,
    "total_input_tokens": 5322,
    "total_output_tokens": 1362,
    "total_tokens": 6684,
    "total_cost": 0.09408000000000001
}