{
    "commit": "ba168fa45b1356ce20431a7b1ee266e8053df776",
    "start_epoch": 1760759187.751265,
    "end_epoch": 1760759260.216738,
    "elapsed_seconds": 72.465473,
    "model": "gpt-4-0125-preview",
    "input_cost_per_token": 1e-05,
    "output_cost_per_token": 3e-05,
    "total_input_tokens": 19141,
    "total_output_tokens": 2645,
    "total_tokens": 21786,
    "total_cost": 0.27076
}