{
    "commit": "229ed5b93bb7c5d874d0e8957b0099aaee2c8245",
    "start_epoch": 1760800056.311799,
    "end_epoch": 1760800184.253692,
    "elapsed_seconds": 127.941893,
    "model": "gpt-4-0125-preview",
    "input_cost_per_token": 1e-05,
    "output_cost_per_token": 3e-05,
    "total_input_tokens": 38883,
    "total_output_tokens": 4111,
    "total_tokens": 42994,
    "total_cost": 0.51216
}