{
    "commit": "207fe47f704cc0cfc82b2a8069450cc08ebc1fde",
    "start_epoch": 1760563904.646069,
    "end_epoch": 1760564020.429518,
    "elapsed_seconds": 115.783449,
    "model": "gpt-4-0125-preview",
    "input_cost_per_token": 1e-05,
    "output_cost_per_token": 3e-05,
    "total_input_tokens": 34347,
    "total_output_tokens": 4095,
    "total_tokens": 38442,
    "total_cost": 0.46632000000000007
}