{
    "commit": "a5b749404b948feae43ece9e9d562e7344797a99",
    "start_epoch": 1760547052.570527,
    "end_epoch": 1760547133.444948,
    "elapsed_seconds": 80.874421,
    "model": "gpt-4-0125-preview",
    "input_cost_per_token": 1e-05,
    "output_cost_per_token": 3e-05,
    "total_input_tokens": 7910,
    "total_output_tokens": 2974,
    "total_tokens": 10884,
    "total_cost": 0.16832
}