{
    "commit": "1bbd75acc704adc24e8c3b6a3b08a28f79d1d9ac",
    "start_epoch": 1760739680.09572,
    "end_epoch": 1760739722.408815,
    "elapsed_seconds": 42.313095,
    "model": "gpt-4-0125-preview",
    "input_cost_per_token": 1e-05,
    "output_cost_per_token": 3e-05,
    "total_input_tokens": 7619,
    "total_output_tokens": 1542,
    "total_tokens": 9161,
    "total_cost": 0.12245
}