{
    "commit": "2253b347e57b5d60c7691b444873fc2fbe08cb3b",
    "start_epoch": 1760501904.581629,
    "end_epoch": 1760501945.63954,
    "elapsed_seconds": 41.057911,
    "model": "gpt-4-0125-preview",
    "input_cost_per_token": 1e-05,
    "output_cost_per_token": 3e-05,
    "total_input_tokens": 5451,
    "total_output_tokens": 1438,
    "total_tokens": 6889,
    "total_cost": 0.09765000000000001
}