{
    "commit": "546fe607a2dea97ecb962116cfc4a46f990281c7",
    "start_epoch": 1760786958.602564,
    "end_epoch": 1760787035.543812,
    "elapsed_seconds": 76.941248,
    "model": "gpt-4-0125-preview",
    "input_cost_per_token": 1e-05,
    "output_cost_per_token": 3e-05,
    "total_input_tokens": 14373,
    "total_output_tokens": 3130,
    "total_tokens": 17503,
    "total_cost": 0.23762999999999998
}