{
    "commit": "f8f9b36bea2c82c529301fad24598c02cad41fa9",
    "start_epoch": 1760747364.618836,
    "end_epoch": 1760747501.088224,
    "elapsed_seconds": 136.469388,
    "model": "gpt-4-0125-preview",
    "input_cost_per_token": 1e-05,
    "output_cost_per_token": 3e-05,
    "total_input_tokens": 21381,
    "total_output_tokens": 5449,
    "total_tokens": 26830,
    "total_cost": 0.37728000000000006
}