{
    "commit": "bd2314d5092cd0944a290216c28798e90a2a508d",
    "start_epoch": 1760552911.38506,
    "end_epoch": 1760553067.554021,
    "elapsed_seconds": 156.168961,
    "model": "gpt-4-0125-preview",
    "input_cost_per_token": 1e-05,
    "output_cost_per_token": 3e-05,
    "total_input_tokens": 6160,
    "total_output_tokens": 2201,
    "total_tokens": 8361,
    "total_cost": 0.12763000000000002
}