{
    "commit": "44905595e4881ee9a8b2951ba52143ac5fc7a6b8",
    "start_epoch": 1760508473.991608,
    "end_epoch": 1760508605.289664,
    "elapsed_seconds": 131.298056,
    "model": "gpt-4-0125-preview",
    "input_cost_per_token": 1e-05,
    "output_cost_per_token": 3e-05,
    "total_input_tokens": 37483,
    "total_output_tokens": 4719,
    "total_tokens": 42202,
    "total_cost": 0.5164000000000001
}