{
    "commit": "6d40f0a59752122e3ef0f3c6ae8c39ed6fd3a013",
    "start_epoch": 1760694794.952001,
    "end_epoch": 1760694886.425901,
    "elapsed_seconds": 91.4739,
    "model": "gpt-4-0125-preview",
    "input_cost_per_token": 1e-05,
    "output_cost_per_token": 3e-05,
    "total_input_tokens": 11344,
    "total_output_tokens": 3562,
    "total_tokens": 14906,
    "total_cost": 0.22030000000000005
}