{
    "commit": "da5e040863b8a742a3f96ef792d1ea3311d66277",
    "start_epoch": 1760695010.358222,
    "end_epoch": 1760695093.211372,
    "elapsed_seconds": 82.85315,
    "model": "gpt-4-0125-preview",
    "input_cost_per_token": 1e-05,
    "output_cost_per_token": 3e-05,
    "total_input_tokens": 10883,
    "total_output_tokens": 3193,
    "total_tokens": 14076,
    "total_cost": 0.20462
}