{
    "commit": "23fca235abd29674481b4708b89e87756d9442e6",
    "start_epoch": 1760788824.555196,
    "end_epoch": 1760788967.689019,
    "elapsed_seconds": 143.133823,
    "model": "gpt-4-0125-preview",
    "input_cost_per_token": 1e-05,
    "output_cost_per_token": 3e-05,
    "total_input_tokens": 21357,
    "total_output_tokens": 5809,
    "total_tokens": 27166,
    "total_cost": 0.3878400000000001
}