{
    "commit": "939243fca63d717b63760d0ce90195bf6de9453d",
    "start_epoch": 1760506496.350302,
    "end_epoch": 1760506548.184201,
    "elapsed_seconds": 51.833899,
    "model": "gpt-4-0125-preview",
    "input_cost_per_token": 1e-05,
    "output_cost_per_token": 3e-05,
    "total_input_tokens": 6169,
    "total_output_tokens": 1722,
    "total_tokens": 7891,
    "total_cost": 0.11335
}