{
    "commit": "375cefbd083e1cd3258db30d5d2316adfa22e032",
    "start_epoch": 1760717323.69458,
    "end_epoch": 1760717454.285705,
    "elapsed_seconds": 130.591125,
    "model": "gpt-4-0125-preview",
    "input_cost_per_token": 1e-05,
    "output_cost_per_token": 3e-05,
    "total_input_tokens": 17557,
    "total_output_tokens": 2978,
    "total_tokens": 20535,
    "total_cost": 0.26491
}