{
    "commit": "0c69cc560997aa3e666682fb96cc8fd871b9eb36",
    "start_epoch": 1760716367.546584,
    "end_epoch": 1760716493.758708,
    "elapsed_seconds": 126.212124,
    "model": "gpt-4-0125-preview",
    "input_cost_per_token": 1e-05,
    "output_cost_per_token": 3e-05,
    "total_input_tokens": 25278,
    "total_output_tokens": 4264,
    "total_tokens": 29542,
    "total_cost": 0.3807
}