{
    "commit": "ea60b5c3fde8585912b33d405c0622545114770a",
    "start_epoch": 1760551412.836302,
    "end_epoch": 1760551515.453237,
    "elapsed_seconds": 102.616935,
    "model": "gpt-4-0125-preview",
    "input_cost_per_token": 1e-05,
    "output_cost_per_token": 3e-05,
    "total_input_tokens": 9038,
    "total_output_tokens": 3679,
    "total_tokens": 12717,
    "total_cost": 0.20074999999999998
}