{
    "commit": "3ef84d917c0493ce390913a578fef65a5adc3298",
    "start_epoch": 1760700537.445148,
    "end_epoch": 1760700623.572037,
    "elapsed_seconds": 86.126889,
    "model": "gpt-4-0125-preview",
    "input_cost_per_token": 1e-05,
    "output_cost_per_token": 3e-05,
    "total_input_tokens": 14608,
    "total_output_tokens": 3121,
    "total_tokens": 17729,
    "total_cost": 0.23970999999999998
}