{
    "commit": "30405f8353f2baab682fb107cd5216e714467944",
    "start_epoch": 1760550044.328229,
    "end_epoch": 1760550111.06268,
    "elapsed_seconds": 66.734451,
    "model": "gpt-4-0125-preview",
    "input_cost_per_token": 1e-05,
    "output_cost_per_token": 3e-05,
    "total_input_tokens": 14398,
    "total_output_tokens": 2373,
    "total_tokens": 16771,
    "total_cost": 0.21517000000000003
}