{
    "commit": "a59cca948503b4d88d4c2813a86fe148e38752c1",
    "start_epoch": 1760540471.396645,
    "end_epoch": 1760540636.984973,
    "elapsed_seconds": 165.588328,
    "model": "gpt-4-0125-preview",
    "input_cost_per_token": 1e-05,
    "output_cost_per_token": 3e-05,
    "total_input_tokens": 20506,
    "total_output_tokens": 4792,
    "total_tokens": 25298,
    "total_cost": 0.3488200000000001
}