{
    "commit": "223c35d6e2ee693ed11aa70898e5f6289496414a",
    "start_epoch": 1760562834.058938,
    "end_epoch": 1760562977.030616,
    "elapsed_seconds": 142.971678,
    "model": "gpt-4-0125-preview",
    "input_cost_per_token": 1e-05,
    "output_cost_per_token": 3e-05,
    "total_input_tokens": 38378,
    "total_output_tokens": 5469,
    "total_tokens": 43847,
    "total_cost": 0.5478500000000001
}