{
    "commit": "bd4869db146b97f5783304c62f63ddb750450634",
    "start_epoch": 1760748476.065876,
    "end_epoch": 1760748569.559098,
    "elapsed_seconds": 93.493222,
    "model": "gpt-4-0125-preview",
    "input_cost_per_token": 1e-05,
    "output_cost_per_token": 3e-05,
    "total_input_tokens": 16258,
    "total_output_tokens": 3575,
    "total_tokens": 19833,
    "total_cost": 0.26983
}