{
    "commit": "23e620f212c703bd19ad17cd85a0b2cf9b7b0918",
    "start_epoch": 1760743887.69994,
    "end_epoch": 1760743928.385337,
    "elapsed_seconds": 40.685397,
    "model": "gpt-4-0125-preview",
    "input_cost_per_token": 1e-05,
    "output_cost_per_token": 3e-05,
    "total_input_tokens": 4539,
    "total_output_tokens": 1489,
    "total_tokens": 6028,
    "total_cost": 0.09006
}