{
    "commit": "befc3172cb70afccdb34cf84c913ae02352342ce",
    "start_epoch": 1760807025.640121,
    "end_epoch": 1760807100.586627,
    "elapsed_seconds": 74.946506,
    "model": "gpt-4-0125-preview",
    "input_cost_per_token": 1e-05,
    "output_cost_per_token": 3e-05,
    "total_input_tokens": 11142,
    "total_output_tokens": 2773,
    "total_tokens": 13915,
    "total_cost": 0.19461
}