{
    "commit": "df51dbab153700ae5ff55db5379abb769cd1b6ce",
    "start_epoch": 1760770621.741023,
    "end_epoch": 1760770737.209874,
    "elapsed_seconds": 115.468851,
    "model": "gpt-4-0125-preview",
    "input_cost_per_token": 1e-05,
    "output_cost_per_token": 3e-05,
    "total_input_tokens": 23022,
    "total_output_tokens": 4232,
    "total_tokens": 27254,
    "total_cost": 0.35718
}