{
    "commit": "2c1e02a5111a8a5ac9b1defc4451eecab0b91e6b",
    "start_epoch": 1760509615.282128,
    "end_epoch": 1760509653.46861,
    "elapsed_seconds": 38.186482,
    "model": "gpt-4-0125-preview",
    "input_cost_per_token": 1e-05,
    "output_cost_per_token": 3e-05,
    "total_input_tokens": 6062,
    "total_output_tokens": 1240,
    "total_tokens": 7302,
    "total_cost": 0.09782
}