{
    "commit": "14e84a2ea11bbfc3a5d3a1ae54c4364815fa3209",
    "start_epoch": 1760777521.09976,
    "end_epoch": 1760777599.411189,
    "elapsed_seconds": 78.311429,
    "model": "gpt-4-0125-preview",
    "input_cost_per_token": 1e-05,
    "output_cost_per_token": 3e-05,
    "total_input_tokens": 16924,
    "total_output_tokens": 2961,
    "total_tokens": 19885,
    "total_cost": 0.25807
}