{
    "commit": "ba6da8a5b7e4de6ccd6f9123eb414d6292a6daf1",
    "start_epoch": 1760791168.112527,
    "end_epoch": 1760791214.519654,
    "elapsed_seconds": 46.407127,
    "model": "gpt-4-0125-preview",
    "input_cost_per_token": 1e-05,
    "output_cost_per_token": 3e-05,
    "total_input_tokens": 6262,
    "total_output_tokens": 1767,
    "total_tokens": 8029,
    "total_cost": 0.11563
}