{
    "commit": "6dacba5e72659546568c1ee04f1f92a2310044ea",
    "start_epoch": 1760783829.152091,
    "end_epoch": 1760783876.740964,
    "elapsed_seconds": 47.588873,
    "model": "gpt-4-0125-preview",
    "input_cost_per_token": 1e-05,
    "output_cost_per_token": 3e-05,
    "total_input_tokens": 5644,
    "total_output_tokens": 1887,
    "total_tokens": 7531,
    "total_cost": 0.11305
}