{
    "commit": "df607698755e77b67b69d459e0901c2d5f1f8e1e",
    "start_epoch": 1760548277.237134,
    "end_epoch": 1760548496.172478,
    "elapsed_seconds": 218.935344,
    "model": "gpt-4-0125-preview",
    "input_cost_per_token": 1e-05,
    "output_cost_per_token": 3e-05,
    "total_input_tokens": 81947,
    "total_output_tokens": 7401,
    "total_tokens": 89348,
    "total_cost": 1.0415
}