{
    "commit": "482e833be5e961428e9b90eacf350fe19b56aa50",
    "start_epoch": 1760525699.796704,
    "end_epoch": 1760525772.455407,
    "elapsed_seconds": 72.658703,
    "model": "gpt-4-0125-preview",
    "input_cost_per_token": 1e-05,
    "output_cost_per_token": 3e-05,
    "total_input_tokens": 12919,
    "total_output_tokens": 2552,
    "total_tokens": 15471,
    "total_cost": 0.20575000000000002
}