{
    "commit": "80840518e18e37d365c9f97dd87634e4ec96b333",
    "start_epoch": 1760742406.821066,
    "end_epoch": 1760742507.584153,
    "elapsed_seconds": 100.763087,
    "model": "gpt-4-0125-preview",
    "input_cost_per_token": 1e-05,
    "output_cost_per_token": 3e-05,
    "total_input_tokens": 22086,
    "total_output_tokens": 4189,
    "total_tokens": 26275,
    "total_cost": 0.34653
}