{
    "commit": "d43bc995e2dcdee8fef054da6f4902bdc1a2db58",
    "start_epoch": 1760520159.215631,
    "end_epoch": 1760520293.015558,
    "elapsed_seconds": 133.799927,
    "model": "gpt-4-0125-preview",
    "input_cost_per_token": 1e-05,
    "output_cost_per_token": 3e-05,
    "total_input_tokens": 18787,
    "total_output_tokens": 4203,
    "total_tokens": 22990,
    "total_cost": 0.31395999999999996
}