{
    "commit": "f1398e9aa212d2a43a22b4d39a2c3c4ade12f8f7",
    "start_epoch": 1760772327.594118,
    "end_epoch": 1760772432.12353,
    "elapsed_seconds": 104.529412,
    "model": "gpt-4-0125-preview",
    "input_cost_per_token": 1e-05,
    "output_cost_per_token": 3e-05,
    "total_input_tokens": 22359,
    "total_output_tokens": 3545,
    "total_tokens": 25904,
    "total_cost": 0.32993999999999996
}