{
    "commit": "e8b5625c6ea9eec6bfdcd92d5f56e64c7ddad2cb",
    "start_epoch": 1760805972.603722,
    "end_epoch": 1760806051.714308,
    "elapsed_seconds": 79.110586,
    "model": "gpt-4-0125-preview",
    "input_cost_per_token": 1e-05,
    "output_cost_per_token": 3e-05,
    "total_input_tokens": 15433,
    "total_output_tokens": 3109,
    "total_tokens": 18542,
    "total_cost": 0.2476
}