{
    "commit": "1c403b6f176315b20e6ae3973cb26624d461a380",
    "start_epoch": 1760797895.740231,
    "end_epoch": 1760797936.885219,
    "elapsed_seconds": 41.144988,
    "model": "gpt-4-0125-preview",
    "input_cost_per_token": 1e-05,
    "output_cost_per_token": 3e-05,
    "total_input_tokens": 5612,
    "total_output_tokens": 1213,
    "total_tokens": 6825,
    "total_cost": 0.09251000000000002
}