{
    "commit": "c405cec089fe9dc702294b4e7b5968487a3f1c99",
    "start_epoch": 1760547602.570727,
    "end_epoch": 1760547708.861063,
    "elapsed_seconds": 106.290336,
    "model": "gpt-4-0125-preview",
    "input_cost_per_token": 1e-05,
    "output_cost_per_token": 3e-05,
    "total_input_tokens": 11133,
    "total_output_tokens": 3465,
    "total_tokens": 14598,
    "total_cost": 0.21528000000000003
}