{
    "commit": "aed8797e6f7bea7e9edda18f6e2066fdaf37b5cf",
    "start_epoch": 1760545686.566671,
    "end_epoch": 1760545749.654736,
    "elapsed_seconds": 63.088065,
    "model": "gpt-4-0125-preview",
    "input_cost_per_token": 1e-05,
    "output_cost_per_token": 3e-05,
    "total_input_tokens": 14706,
    "total_output_tokens": 2178,
    "total_tokens": 16884,
    "total_cost": 0.2124
}