{
    "commit": "3b4ceca3ebb2d16374586b3736073333b988592a",
    "start_epoch": 1760807980.999929,
    "end_epoch": 1760808022.774437,
    "elapsed_seconds": 41.774508,
    "model": "gpt-4-0125-preview",
    "input_cost_per_token": 1e-05,
    "output_cost_per_token": 3e-05,
    "total_input_tokens": 4777,
    "total_output_tokens": 1249,
    "total_tokens": 6026,
    "total_cost": 0.08524000000000001
}