{
    "commit": "5e834dae69dbc657bc20b2496200c561d0c27745",
    "start_epoch": 1760775180.635094,
    "end_epoch": 1760775300.555078,
    "elapsed_seconds": 119.919984,
    "model": "gpt-4-0125-preview",
    "input_cost_per_token": 1e-05,
    "output_cost_per_token": 3e-05,
    "total_input_tokens": 17364,
    "total_output_tokens": 4303,
    "total_tokens": 21667,
    "total_cost": 0.30273
}