{
    "commit": "1707ac5fde7088540bb5659418dae680d621a5f3",
    "start_epoch": 1760732937.616116,
    "end_epoch": 1760733027.037219,
    "elapsed_seconds": 89.421103,
    "model": "gpt-4-0125-preview",
    "input_cost_per_token": 1e-05,
    "output_cost_per_token": 3e-05,
    "total_input_tokens": 70278,
    "total_output_tokens": 2514,
    "total_tokens": 72792,
    "total_cost": 0.7782
}