{
    "commit": "ba1be37aca5544003f10edbf485e8e8ad3293a9f",
    "start_epoch": 1760526566.041414,
    "end_epoch": 1760526656.508005,
    "elapsed_seconds": 90.466591,
    "model": "gpt-4-0125-preview",
    "input_cost_per_token": 1e-05,
    "output_cost_per_token": 3e-05,
    "total_input_tokens": 21443,
    "total_output_tokens": 3223,
    "total_tokens": 24666,
    "total_cost": 0.31112
}