{
    "commit": "bb418044dc3181b925478df66b4e12200dd4c1f7",
    "start_epoch": 1760787154.777352,
    "end_epoch": 1760787200.294778,
    "elapsed_seconds": 45.517426,
    "model": "gpt-4-0125-preview",
    "input_cost_per_token": 1e-05,
    "output_cost_per_token": 3e-05,
    "total_input_tokens": 8015,
    "total_output_tokens": 1701,
    "total_tokens": 9716,
    "total_cost": 0.13118
}