{
    "commit": "2705c20ef1170ab7511f93c153da811a9d976b9b",
    "start_epoch": 1760748865.504989,
    "end_epoch": 1760748915.181228,
    "elapsed_seconds": 49.676239,
    "model": "gpt-4-0125-preview",
    "input_cost_per_token": 1e-05,
    "output_cost_per_token": 3e-05,
    "total_input_tokens": 7670,
    "total_output_tokens": 1822,
    "total_tokens": 9492,
    "total_cost": 0.13136
}