{
    "commit": "20e2e0f65d5f25edde62cd19cf0998a9c9e0051e",
    "start_epoch": 1760544620.286204,
    "end_epoch": 1760544748.646935,
    "elapsed_seconds": 128.360731,
    "model": "gpt-4-0125-preview",
    "input_cost_per_token": 1e-05,
    "output_cost_per_token": 3e-05,
    "total_input_tokens": 16140,
    "total_output_tokens": 4628,
    "total_tokens": 20768,
    "total_cost": 0.30024
}