{
    "commit": "eeab2963be7f29ac422b9c94c4575f913486db32",
    "start_epoch": 1760556564.808583,
    "end_epoch": 1760556660.299514,
    "elapsed_seconds": 95.490931,
    "model": "gpt-4-0125-preview",
    "input_cost_per_token": 1e-05,
    "output_cost_per_token": 3e-05,
    "total_input_tokens": 13102,
    "total_output_tokens": 3523,
    "total_tokens": 16625,
    "total_cost": 0.23671
}