{
    "commit": "f5217fba163ae0cf3b554968aa41df853948753a",
    "start_epoch": 1760548227.332381,
    "end_epoch": 1760548277.031688,
    "elapsed_seconds": 49.699307,
    "model": "gpt-4-0125-preview",
    "input_cost_per_token": 1e-05,
    "output_cost_per_token": 3e-05,
    "total_input_tokens": 6407,
    "total_output_tokens": 1521,
    "total_tokens": 7928,
    "total_cost": 0.10969999999999999
}