{
    "commit": "6631df9a7b122f8e9f02034dd667a77763725ccd",
    "start_epoch": 1760715822.852209,
    "end_epoch": 1760715914.377476,
    "elapsed_seconds": 91.525267,
    "model": "gpt-4-0125-preview",
    "input_cost_per_token": 1e-05,
    "output_cost_per_token": 3e-05,
    "total_input_tokens": 19233,
    "total_output_tokens": 3071,
    "total_tokens": 22304,
    "total_cost": 0.28446000000000005
}