{
    "commit": "5b2b7022a5c9c583bbacdf41ab89e8f282210873",
    "start_epoch": 1760764367.630925,
    "end_epoch": 1760764449.373631,
    "elapsed_seconds": 81.742706,
    "model": "gpt-4-0125-preview",
    "input_cost_per_token": 1e-05,
    "output_cost_per_token": 3e-05,
    "total_input_tokens": 11505,
    "total_output_tokens": 2898,
    "total_tokens": 14403,
    "total_cost": 0.20199
}