{
    "commit": "5de748f6c9359e45da6ca056b9d454e98c799955",
    "start_epoch": 1760527560.718788,
    "end_epoch": 1760527655.882711,
    "elapsed_seconds": 95.163923,
    "model": "gpt-4-0125-preview",
    "input_cost_per_token": 1e-05,
    "output_cost_per_token": 3e-05,
    "total_input_tokens": 13668,
    "total_output_tokens": 3679,
    "total_tokens": 17347,
    "total_cost": 0.24705000000000002
}