{
    "commit": "4b985d875744d24df0996b61183550efa734315f",
    "start_epoch": 1760738684.461197,
    "end_epoch": 1760738821.27476,
    "elapsed_seconds": 136.813563,
    "model": "gpt-4-0125-preview",
    "input_cost_per_token": 1e-05,
    "output_cost_per_token": 3e-05,
    "total_input_tokens": 40054,
    "total_output_tokens": 5205,
    "total_tokens": 45259,
    "total_cost": 0.55669
}