{
    "commit": "7d9f81638ebdef1a323082ce1dd8480ecb3ce22e",
    "start_epoch": 1760775931.695935,
    "end_epoch": 1760776059.578962,
    "elapsed_seconds": 127.883027,
    "model": "gpt-4-0125-preview",
    "input_cost_per_token": 1e-05,
    "output_cost_per_token": 3e-05,
    "total_input_tokens": 15992,
    "total_output_tokens": 4387,
    "total_tokens": 20379,
    "total_cost": 0.29153
}