{
    "commit": "b1521796edcd7b1f2212a0215c97a315ab42dbdc",
    "start_epoch": 1760508363.311932,
    "end_epoch": 1760508416.96549,
    "elapsed_seconds": 53.653558,
    "model": "gpt-4-0125-preview",
    "input_cost_per_token": 1e-05,
    "output_cost_per_token": 3e-05,
    "total_input_tokens": 6388,
    "total_output_tokens": 1814,
    "total_tokens": 8202,
    "total_cost": 0.11830000000000002
}