{
    "commit": "570da2ac311fa503c05bbe20d146244e37d02e90",
    "start_epoch": 1760546417.659431,
    "end_epoch": 1760546475.277462,
    "elapsed_seconds": 57.618031,
    "model": "gpt-4-0125-preview",
    "input_cost_per_token": 1e-05,
    "output_cost_per_token": 3e-05,
    "total_input_tokens": 9783,
    "total_output_tokens": 1901,
    "total_tokens": 11684,
    "total_cost": 0.15486
}