{
    "commit": "dca0cf2a332e9f627c64f30a34155b63414753ba",
    "start_epoch": 1760693895.102531,
    "end_epoch": 1760693946.357238,
    "elapsed_seconds": 51.254707,
    "model": "gpt-4-0125-preview",
    "input_cost_per_token": 1e-05,
    "output_cost_per_token": 3e-05,
    "total_input_tokens": 7035,
    "total_output_tokens": 1837,
    "total_tokens": 8872,
    "total_cost": 0.12546000000000002
}