{
    "commit": "6f444bfcdc445bc9f7f168957c2af9cb138b5983",
    "start_epoch": 1760706329.617033,
    "end_epoch": 1760706372.443821,
    "elapsed_seconds": 42.826788,
    "model": "gpt-4-0125-preview",
    "input_cost_per_token": 1e-05,
    "output_cost_per_token": 3e-05,
    "total_input_tokens": 7062,
    "total_output_tokens": 1660,
    "total_tokens": 8722,
    "total_cost": 0.12042000000000001
}