{
    "commit": "9dd3f64debefab146440d9dd6993748fe147e1d6",
    "start_epoch": 1760741165.670127,
    "end_epoch": 1760741256.605337,
    "elapsed_seconds": 90.93521,
    "model": "gpt-4-0125-preview",
    "input_cost_per_token": 1e-05,
    "output_cost_per_token": 3e-05,
    "total_input_tokens": 16832,
    "total_output_tokens": 3782,
    "total_tokens": 20614,
    "total_cost": 0.28178
}