{
    "commit": "5461664e6807da4bf5b86d688863acead387f2ca",
    "start_epoch": 1760746497.235052,
    "end_epoch": 1760746603.079005,
    "elapsed_seconds": 105.843953,
    "model": "gpt-4-0125-preview",
    "input_cost_per_token": 1e-05,
    "output_cost_per_token": 3e-05,
    "total_input_tokens": 13184,
    "total_output_tokens": 3981,
    "total_tokens": 17165,
    "total_cost": 0.25127
}