{
    "commit": "b05049d05d18fbd61be09b8a54bb283556ca919e",
    "start_epoch": 1760759108.777425,
    "end_epoch": 1760759187.646026,
    "elapsed_seconds": 78.868601,
    "model": "gpt-4-0125-preview",
    "input_cost_per_token": 1e-05,
    "output_cost_per_token": 3e-05,
    "total_input_tokens": 20206,
    "total_output_tokens": 2688,
    "total_tokens": 22894,
    "total_cost": 0.2827
}