{
    "commit": "3046d539a50e767eb9ebb5357e0ce49c378c043b",
    "start_epoch": 1760559614.439269,
    "end_epoch": 1760559670.435646,
    "elapsed_seconds": 55.996377,
    "model": "gpt-4-0125-preview",
    "input_cost_per_token": 1e-05,
    "output_cost_per_token": 3e-05,
    "total_input_tokens": 11215,
    "total_output_tokens": 1897,
    "total_tokens": 13112,
    "total_cost": 0.16906000000000002
}