{
    "commit": "0e3f0ceeccefbd7bb3e9ba444098d03305ad482f",
    "start_epoch": 1760800839.493785,
    "end_epoch": 1760800875.736097,
    "elapsed_seconds": 36.242312,
    "model": "gpt-4-0125-preview",
    "input_cost_per_token": 1e-05,
    "output_cost_per_token": 3e-05,
    "total_input_tokens": 7183,
    "total_output_tokens": 1265,
    "total_tokens": 8448,
    "total_cost": 0.10978
}