{
    "commit": "c7972afa261f041abdd1499b19895c0b251d8e9c",
    "start_epoch": 1760520454.217903,
    "end_epoch": 1760520642.620005,
    "elapsed_seconds": 188.402102,
    "model": "gpt-4-0125-preview",
    "input_cost_per_token": 1e-05,
    "output_cost_per_token": 3e-05,
    "total_input_tokens": 27261,
    "total_output_tokens": 6037,
    "total_tokens": 33298,
    "total_cost": 0.45372
}