{
    "commit": "6a508047d4bb3a31f7efdb2debdf42e0b758a7c9",
    "start_epoch": 1760500425.142104,
    "end_epoch": 1760500469.42479,
    "elapsed_seconds": 44.282686,
    "model": "gpt-4-0125-preview",
    "input_cost_per_token": 1e-05,
    "output_cost_per_token": 3e-05,
    "total_input_tokens": 12173,
    "total_output_tokens": 1580,
    "total_tokens": 13753,
    "total_cost": 0.16913
}