{
    "commit": "27c1c7d8fc0f2bda0fb4a9cb990dc73c5451dee7",
    "start_epoch": 1760539030.466002,
    "end_epoch": 1760539082.426179,
    "elapsed_seconds": 51.960177,
    "model": "gpt-4-0125-preview",
    "input_cost_per_token": 1e-05,
    "output_cost_per_token": 3e-05,
    "total_input_tokens": 6667,
    "total_output_tokens": 1510,
    "total_tokens": 8177,
    "total_cost": 0.11197000000000001
}