{
    "commit": "1b6d80f68e84dadab5a14e92e13bf8aa7de2752e",
    "start_epoch": 1760572510.91999,
    "end_epoch": 1760572581.989842,
    "elapsed_seconds": 71.069852,
    "model": "gpt-4-0125-preview",
    "input_cost_per_token": 1e-05,
    "output_cost_per_token": 3e-05,
    "total_input_tokens": 11346,
    "total_output_tokens": 2877,
    "total_tokens": 14223,
    "total_cost": 0.19977000000000003
}