{
    "commit": "a02cf753d690333a0e9def5535054002ff4d7ae5",
    "start_epoch": 1760525987.317205,
    "end_epoch": 1760526080.672574,
    "elapsed_seconds": 93.355369,
    "model": "gpt-4-0125-preview",
    "input_cost_per_token": 1e-05,
    "output_cost_per_token": 3e-05,
    "total_input_tokens": 15136,
    "total_output_tokens": 3359,
    "total_tokens": 18495,
    "total_cost": 0.25213
}