{
    "commit": "5329eddce2e77ad44a7ac7b79f1b882b39cc77cc",
    "start_epoch": 1760551662.415044,
    "end_epoch": 1760551751.749669,
    "elapsed_seconds": 89.334625,
    "model": "gpt-4-0125-preview",
    "input_cost_per_token": 1e-05,
    "output_cost_per_token": 3e-05,
    "total_input_tokens": 14176,
    "total_output_tokens": 2842,
    "total_tokens": 17018,
    "total_cost": 0.22702000000000003
}