{
    "commit": "d41b5d705afd34ea8aee46df9cd92ae455eae423",
    "start_epoch": 1760538248.509514,
    "end_epoch": 1760538298.381815,
    "elapsed_seconds": 49.872301,
    "model": "gpt-4-0125-preview",
    "input_cost_per_token": 1e-05,
    "output_cost_per_token": 3e-05,
    "total_input_tokens": 5285,
    "total_output_tokens": 1362,
    "total_tokens": 6647,
    "total_cost": 0.09371
}