{
    "commit": "c6961d976cc020537ddbeec04e02a1f414887a78",
    "start_epoch": 1760507438.004735,
    "end_epoch": 1760507555.317769,
    "elapsed_seconds": 117.313034,
    "model": "gpt-4-0125-preview",
    "input_cost_per_token": 1e-05,
    "output_cost_per_token": 3e-05,
    "total_input_tokens": 14654,
    "total_output_tokens": 4390,
    "total_tokens": 19044,
    "total_cost": 0.27824000000000004
}