{
    "commit": "f17e814b1a55f13af3ba75350089a3fd4938d536",
    "start_epoch": 1760583667.281386,
    "end_epoch": 1760583739.984019,
    "elapsed_seconds": 72.702633,
    "model": "gpt-4-0125-preview",
    "input_cost_per_token": 1e-05,
    "output_cost_per_token": 3e-05,
    "total_input_tokens": 10099,
    "total_output_tokens": 2021,
    "total_tokens": 12120,
    "total_cost": 0.16161999999999999
}