{
    "commit": "74b89bbbd75a69988fc65d5aa32912d22792af17",
    "start_epoch": 1760560619.113715,
    "end_epoch": 1760560722.301158,
    "elapsed_seconds": 103.187443,
    "model": "gpt-4-0125-preview",
    "input_cost_per_token": 1e-05,
    "output_cost_per_token": 3e-05,
    "total_input_tokens": 35794,
    "total_output_tokens": 3516,
    "total_tokens": 39310,
    "total_cost": 0.46342000000000005
}