{
    "commit": "e19f03e94496e379ba1ed27daacff8b1754ced4b",
    "start_epoch": 1760801440.714766,
    "end_epoch": 1760801511.6384,
    "elapsed_seconds": 70.923634,
    "model": "gpt-4-0125-preview",
    "input_cost_per_token": 1e-05,
    "output_cost_per_token": 3e-05,
    "total_input_tokens": 17102,
    "total_output_tokens": 2671,
    "total_tokens": 19773,
    "total_cost": 0.25115000000000004
}