{
    "commit": "66a931ebf96dd13b441abbac10f96bca7ffc06e0",
    "start_epoch": 1760817851.042631,
    "end_epoch": 1760817906.350303,
    "elapsed_seconds": 55.307672,
    "model": "gpt-4-0125-preview",
    "input_cost_per_token": 1e-05,
    "output_cost_per_token": 3e-05,
    "total_input_tokens": 9335,
    "total_output_tokens": 1448,
    "total_tokens": 10783,
    "total_cost": 0.13679000000000002
}