{
    "commit": "0b0c2692ced7edaf72dba56092634b7c97e3a231",
    "start_epoch": 1760556842.632589,
    "end_epoch": 1760556876.449093,
    "elapsed_seconds": 33.816504,
    "model": "gpt-4-0125-preview",
    "input_cost_per_token": 1e-05,
    "output_cost_per_token": 3e-05,
    "total_input_tokens": 5836,
    "total_output_tokens": 1226,
    "total_tokens": 7062,
    "total_cost": 0.09514
}