{
    "commit": "b74228563a7ba5c1dc7dc8822ca57568e78a87fc",
    "start_epoch": 1760759260.321954,
    "end_epoch": 1760759329.249156,
    "elapsed_seconds": 68.927202,
    "model": "gpt-4-0125-preview",
    "input_cost_per_token": 1e-05,
    "output_cost_per_token": 3e-05,
    "total_input_tokens": 19448,
    "total_output_tokens": 2816,
    "total_tokens": 22264,
    "total_cost": 0.27896000000000004
}