{
    "commit": "0b37f685ff6d4f21e7cfcfdbec5d37e89754fbad",
    "start_epoch": 1760815883.801562,
    "end_epoch": 1760815958.875154,
    "elapsed_seconds": 75.073592,
    "model": "gpt-4-0125-preview",
    "input_cost_per_token": 1e-05,
    "output_cost_per_token": 3e-05,
    "total_input_tokens": 9865,
    "total_output_tokens": 2502,
    "total_tokens": 12367,
    "total_cost": 0.17371000000000003
}