{
    "commit": "1a16d42fd4e0a6efc852dac92ab08becf25fee9d",
    "start_epoch": 1760572936.53079,
    "end_epoch": 1760573028.278384,
    "elapsed_seconds": 91.747594,
    "model": "gpt-4-0125-preview",
    "input_cost_per_token": 1e-05,
    "output_cost_per_token": 3e-05,
    "total_input_tokens": 12620,
    "total_output_tokens": 3190,
    "total_tokens": 15810,
    "total_cost": 0.2219
}