{
    "commit": "95995c7dbe62dffdd199b9b2eb6d504dd4b27d9a",
    "start_epoch": 1760799932.260074,
    "end_epoch": 1760799976.184938,
    "elapsed_seconds": 43.924864,
    "model": "gpt-4-0125-preview",
    "input_cost_per_token": 1e-05,
    "output_cost_per_token": 3e-05,
    "total_input_tokens": 10619,
    "total_output_tokens": 1589,
    "total_tokens": 12208,
    "total_cost": 0.15386000000000002
}