{
    "commit": "e00b9d542d4722b315c1e89530b77a7854237963",
    "start_epoch": 1760706144.931148,
    "end_epoch": 1760706191.729741,
    "elapsed_seconds": 46.798593,
    "model": "gpt-4-0125-preview",
    "input_cost_per_token": 1e-05,
    "output_cost_per_token": 3e-05,
    "total_input_tokens": 6263,
    "total_output_tokens": 1477,
    "total_tokens": 7740,
    "total_cost": 0.10694000000000001
}