{
    "commit": "07f80ccfdf277a26f3c64a610d7af66dcccb6e8a",
    "start_epoch": 1760541809.176081,
    "end_epoch": 1760541869.213436,
    "elapsed_seconds": 60.037355,
    "model": "gpt-4-0125-preview",
    "input_cost_per_token": 1e-05,
    "output_cost_per_token": 3e-05,
    "total_input_tokens": 7320,
    "total_output_tokens": 1877,
    "total_tokens": 9197,
    "total_cost": 0.12951000000000001
}