{
    "commit": "e77edfb8d57b00aafec1c58d6e8684d9dba605f3",
    "start_epoch": 1760701506.759029,
    "end_epoch": 1760701557.574761,
    "elapsed_seconds": 50.815732,
    "model": "gpt-4-0125-preview",
    "input_cost_per_token": 1e-05,
    "output_cost_per_token": 3e-05,
    "total_input_tokens": 10963,
    "total_output_tokens": 1600,
    "total_tokens": 12563,
    "total_cost": 0.15763
}