{
    "commit": "8e1459269882542b10bf50c56302c942bc7041c2",
    "start_epoch": 1760749925.905362,
    "end_epoch": 1760750025.442882,
    "elapsed_seconds": 99.53752,
    "model": "gpt-4-0125-preview",
    "input_cost_per_token": 1e-05,
    "output_cost_per_token": 3e-05,
    "total_input_tokens": 9489,
    "total_output_tokens": 3779,
    "total_tokens": 13268,
    "total_cost": 0.20826
}