{
    "commit": "9520a8edd68c74ae94a86c650e3a2f0840b958c7",
    "start_epoch": 1760721562.076928,
    "end_epoch": 1760721613.334324,
    "elapsed_seconds": 51.257396,
    "model": "gpt-4-0125-preview",
    "input_cost_per_token": 1e-05,
    "output_cost_per_token": 3e-05,
    "total_input_tokens": 13526,
    "total_output_tokens": 1650,
    "total_tokens": 15176,
    "total_cost": 0.18476
}