{
    "commit": "030fe32e8823664bbc01c2ae614053f385fc2b41",
    "start_epoch": 1760781138.161339,
    "end_epoch": 1760781220.159555,
    "elapsed_seconds": 81.998216,
    "model": "gpt-4-0125-preview",
    "input_cost_per_token": 1e-05,
    "output_cost_per_token": 3e-05,
    "total_input_tokens": 10535,
    "total_output_tokens": 3061,
    "total_tokens": 13596,
    "total_cost": 0.19718000000000002
}