{
    "commit": "2b69c469f9e55d68a49bcf6271f030045cdb7456",
    "start_epoch": 1760693758.137558,
    "end_epoch": 1760693795.464047,
    "elapsed_seconds": 37.326489,
    "model": "gpt-4-0125-preview",
    "input_cost_per_token": 1e-05,
    "output_cost_per_token": 3e-05,
    "total_input_tokens": 7962,
    "total_output_tokens": 1248,
    "total_tokens": 9210,
    "total_cost": 0.11706
}