{
    "commit": "9454067abaef0ee5479c58c504ace8c1fdd2f602",
    "start_epoch": 1760564648.199043,
    "end_epoch": 1760564780.433616,
    "elapsed_seconds": 132.234573,
    "model": "gpt-4-0125-preview",
    "input_cost_per_token": 1e-05,
    "output_cost_per_token": 3e-05,
    "total_input_tokens": 37103,
    "total_output_tokens": 4576,
    "total_tokens": 41679,
    "total_cost": 0.50831
}