{
    "commit": "958ca5802dcd3e4ba05d0db1fee29bd4e7a8c798",
    "start_epoch": 1760517320.380238,
    "end_epoch": 1760517438.602457,
    "elapsed_seconds": 118.222219,
    "model": "gpt-4-0125-preview",
    "input_cost_per_token": 1e-05,
    "output_cost_per_token": 3e-05,
    "total_input_tokens": 23537,
    "total_output_tokens": 3645,
    "total_tokens": 27182,
    "total_cost": 0.34472
}