{
    "commit": "f788aeefb662c8f05ce64d4fc520443b5fff16b2",
    "start_epoch": 1760798662.746515,
    "end_epoch": 1760798746.989902,
    "elapsed_seconds": 84.243387,
    "model": "gpt-4-0125-preview",
    "input_cost_per_token": 1e-05,
    "output_cost_per_token": 3e-05,
    "total_input_tokens": 10983,
    "total_output_tokens": 3395,
    "total_tokens": 14378,
    "total_cost": 0.21168
}