{
    "commit": "591812378c95c25b0b53d7199b3876f11a9e673a",
    "start_epoch": 1760501989.747699,
    "end_epoch": 1760502042.764532,
    "elapsed_seconds": 53.016833,
    "model": "gpt-4-0125-preview",
    "input_cost_per_token": 1e-05,
    "output_cost_per_token": 3e-05,
    "total_input_tokens": 6817,
    "total_output_tokens": 2076,
    "total_tokens": 8893,
    "total_cost": 0.13045
}