{
    "commit": "0afa6d408a078c13281fed6e9062c7ee09ce610f",
    "start_epoch": 1760800184.374558,
    "end_epoch": 1760800297.91702,
    "elapsed_seconds": 113.542462,
    "model": "gpt-4-0125-preview",
    "input_cost_per_token": 1e-05,
    "output_cost_per_token": 3e-05,
    "total_input_tokens": 28806,
    "total_output_tokens": 4188,
    "total_tokens": 32994,
    "total_cost": 0.41369999999999996
}