{
    "commit": "d2980ecb2147c890282527cd6869eac186d293be",
    "start_epoch": 1760715534.085095,
    "end_epoch": 1760715624.306712,
    "elapsed_seconds": 90.221617,
    "model": "gpt-4-0125-preview",
    "input_cost_per_token": 1e-05,
    "output_cost_per_token": 3e-05,
    "total_input_tokens": 9764,
    "total_output_tokens": 3105,
    "total_tokens": 12869,
    "total_cost": 0.19079000000000002
}