{
    "commit": "5c177bad41e225f31a62f2491a8c934f67995862",
    "start_epoch": 1760505907.501244,
    "end_epoch": 1760505956.829683,
    "elapsed_seconds": 49.328439,
    "model": "gpt-4-0125-preview",
    "input_cost_per_token": 1e-05,
    "output_cost_per_token": 3e-05,
    "total_input_tokens": 13026,
    "total_output_tokens": 1688,
    "total_tokens": 14714,
    "total_cost": 0.1809
}