{
    "commit": "be7d5d0bd36f4d8027abfcf14a6136cced19af2d",
    "start_epoch": 1760773072.674764,
    "end_epoch": 1760773300.384994,
    "elapsed_seconds": 227.71023,
    "model": "gpt-4-0125-preview",
    "input_cost_per_token": 1e-05,
    "output_cost_per_token": 3e-05,
    "total_input_tokens": 20290,
    "total_output_tokens": 4265,
    "total_tokens": 24555,
    "total_cost": 0.33085000000000003
}