{
    "commit": "9188938276a7437706193bc3edd775b8ddbf90dd",
    "start_epoch": 1760703840.274185,
    "end_epoch": 1760703945.524667,
    "elapsed_seconds": 105.250482,
    "model": "gpt-4-0125-preview",
    "input_cost_per_token": 1e-05,
    "output_cost_per_token": 3e-05,
    "total_input_tokens": 13734,
    "total_output_tokens": 3773,
    "total_tokens": 17507,
    "total_cost": 0.25053000000000003
}