{
    "commit": "9266859600ea0f775932fed154d4ff382f434eba",
    "start_epoch": 1760786515.36341,
    "end_epoch": 1760786563.352522,
    "elapsed_seconds": 47.989112,
    "model": "gpt-4-0125-preview",
    "input_cost_per_token": 1e-05,
    "output_cost_per_token": 3e-05,
    "total_input_tokens": 5756,
    "total_output_tokens": 1821,
    "total_tokens": 7577,
    "total_cost": 0.11219000000000001
}