{
    "commit": "2bdf61bb38287268d1fdb97ba5fb316f7740a0bb",
    "start_epoch": 1760802886.347364,
    "end_epoch": 1760802984.441786,
    "elapsed_seconds": 98.094422,
    "model": "gpt-4-0125-preview",
    "input_cost_per_token": 1e-05,
    "output_cost_per_token": 3e-05,
    "total_input_tokens": 14989,
    "total_output_tokens": 4037,
    "total_tokens": 19026,
    "total_cost": 0.271
}