{
    "commit": "6de43cfa6b4cb325148a1e1fbf9b4f35b2d18914",
    "start_epoch": 1760764269.04799,
    "end_epoch": 1760764367.513489,
    "elapsed_seconds": 98.465499,
    "model": "gpt-4-0125-preview",
    "input_cost_per_token": 1e-05,
    "output_cost_per_token": 3e-05,
    "total_input_tokens": 19140,
    "total_output_tokens": 3581,
    "total_tokens": 22721,
    "total_cost": 0.29883
}