{
    "commit": "c408418f42719fb542531ecfd7d86f8e1d406140",
    "start_epoch": 1760727053.495644,
    "end_epoch": 1760727198.273528,
    "elapsed_seconds": 144.777884,
    "model": "gpt-4-0125-preview",
    "input_cost_per_token": 1e-05,
    "output_cost_per_token": 3e-05,
    "total_input_tokens": 39614,
    "total_output_tokens": 4200,
    "total_tokens": 43814,
    "total_cost": 0.52214
}