{
    "commit": "ac82dba0da1105c300c0d47c002dc14ebbb1d122",
    "start_epoch": 1760775748.143736,
    "end_epoch": 1760775824.372841,
    "elapsed_seconds": 76.229105,
    "model": "gpt-4-0125-preview",
    "input_cost_per_token": 1e-05,
    "output_cost_per_token": 3e-05,
    "total_input_tokens": 12882,
    "total_output_tokens": 2650,
    "total_tokens": 15532,
    "total_cost": 0.20832
}