{
    "commit": "b4eb93f9f863fb344fbaedf37ca4c210d4560e67",
    "start_epoch": 1760545395.168632,
    "end_epoch": 1760545447.721612,
    "elapsed_seconds": 52.55298,
    "model": "gpt-4-0125-preview",
    "input_cost_per_token": 1e-05,
    "output_cost_per_token": 3e-05,
    "total_input_tokens": 5523,
    "total_output_tokens": 1803,
    "total_tokens": 7326,
    "total_cost": 0.10932000000000001
}