{
    "commit": "0e2ce990d1f3dd0770aa6fa316713f940c147ce1",
    "start_epoch": 1760570584.198068,
    "end_epoch": 1760570626.359354,
    "elapsed_seconds": 42.161286,
    "model": "gpt-4-0125-preview",
    "input_cost_per_token": 1e-05,
    "output_cost_per_token": 3e-05,
    "total_input_tokens": 8965,
    "total_output_tokens": 1639,
    "total_tokens": 10604,
    "total_cost": 0.13882
}