{
    "commit": "86c3f3d3016d8b7668f51883dc246efe3740de56",
    "start_epoch": 1760705370.163466,
    "end_epoch": 1760705413.941766,
    "elapsed_seconds": 43.7783,
    "model": "gpt-4-0125-preview",
    "input_cost_per_token": 1e-05,
    "output_cost_per_token": 3e-05,
    "total_input_tokens": 7866,
    "total_output_tokens": 1383,
    "total_tokens": 9249,
    "total_cost": 0.12015
}