{
    "commit": "c3baa256704725c21e32089c7ba1ec53ebcf9ef2",
    "start_epoch": 1760808575.764452,
    "end_epoch": 1760808673.365926,
    "elapsed_seconds": 97.601474,
    "model": "gpt-4-0125-preview",
    "input_cost_per_token": 1e-05,
    "output_cost_per_token": 3e-05,
    "total_input_tokens": 13100,
    "total_output_tokens": 3732,
    "total_tokens": 16832,
    "total_cost": 0.24295999999999998
}