{
    "commit": "36e0020b7335463e6e4d88ccc5067b284b70beb7",
    "start_epoch": 1760695541.422799,
    "end_epoch": 1760695593.521861,
    "elapsed_seconds": 52.099062,
    "model": "gpt-4-0125-preview",
    "input_cost_per_token": 1e-05,
    "output_cost_per_token": 3e-05,
    "total_input_tokens": 6379,
    "total_output_tokens": 1918,
    "total_tokens": 8297,
    "total_cost": 0.12133
}