{
    "commit": "68b8cb7e2bff5fec85d580da9c9121fbe094f329",
    "start_epoch": 1760815785.444129,
    "end_epoch": 1760815883.658888,
    "elapsed_seconds": 98.214759,
    "model": "gpt-4-0125-preview",
    "input_cost_per_token": 1e-05,
    "output_cost_per_token": 3e-05,
    "total_input_tokens": 16533,
    "total_output_tokens": 3607,
    "total_tokens": 20140,
    "total_cost": 0.27354
}