{
    "commit": "d9589d45a3cd569d85a7ed98aa3772a3bdd4617e",
    "start_epoch": 1760496273.610528,
    "end_epoch": 1760496338.363835,
    "elapsed_seconds": 64.753307,
    "model": "gpt-4-0125-preview",
    "input_cost_per_token": 1e-05,
    "output_cost_per_token": 3e-05,
    "total_input_tokens": 13043,
    "total_output_tokens": 2437,
    "total_tokens": 15480,
    "total_cost": 0.20354
}