{
    "commit": "1b4765732895b260b5a573efb03574a215ed14d3",
    "start_epoch": 1760776251.511678,
    "end_epoch": 1760776305.614346,
    "elapsed_seconds": 54.102668,
    "model": "gpt-4-0125-preview",
    "input_cost_per_token": 1e-05,
    "output_cost_per_token": 3e-05,
    "total_input_tokens": 5086,
    "total_output_tokens": 1620,
    "total_tokens": 6706,
    "total_cost": 0.09945999999999999
}