{
    "commit": "81c77ae73c68e16e4f3dc66572bf7c1f121bb05a",
    "start_epoch": 1760526131.277129,
    "end_epoch": 1760526222.36408,
    "elapsed_seconds": 91.086951,
    "model": "gpt-4-0125-preview",
    "input_cost_per_token": 1e-05,
    "output_cost_per_token": 3e-05,
    "total_input_tokens": 17247,
    "total_output_tokens": 3527,
    "total_tokens": 20774,
    "total_cost": 0.27827999999999997
}