{
    "commit": "d4fe4d5dac5172b0f56706975ecb5e465fa354e4",
    "start_epoch": 1760794848.231055,
    "end_epoch": 1760794891.19022,
    "elapsed_seconds": 42.959165,
    "model": "gpt-4-0125-preview",
    "input_cost_per_token": 1e-05,
    "output_cost_per_token": 3e-05,
    "total_input_tokens": 7400,
    "total_output_tokens": 1543,
    "total_tokens": 8943,
    "total_cost": 0.12029000000000001
}