{
    "commit": "0d2cca60ba5f8bd94c3c16d8f333cea8e2481923",
    "start_epoch": 1760807317.21275,
    "end_epoch": 1760807360.872443,
    "elapsed_seconds": 43.659693,
    "model": "gpt-4-0125-preview",
    "input_cost_per_token": 1e-05,
    "output_cost_per_token": 3e-05,
    "total_input_tokens": 10795,
    "total_output_tokens": 1486,
    "total_tokens": 12281,
    "total_cost": 0.15253000000000003
}