{
    "commit": "0fbd07b4b466e1ce9d8ff5f546e9fcf55321ded3",
    "start_epoch": 1760750793.808133,
    "end_epoch": 1760750841.673249,
    "elapsed_seconds": 47.865116,
    "model": "gpt-4-0125-preview",
    "input_cost_per_token": 1e-05,
    "output_cost_per_token": 3e-05,
    "total_input_tokens": 7288,
    "total_output_tokens": 1756,
    "total_tokens": 9044,
    "total_cost": 0.12556
}