{
    "commit": "aaa558a50c04fddec50900b9ceb41619ebaf9c40",
    "start_epoch": 1760497265.115803,
    "end_epoch": 1760497333.678181,
    "elapsed_seconds": 68.562378,
    "model": "gpt-4-0125-preview",
    "input_cost_per_token": 1e-05,
    "output_cost_per_token": 3e-05,
    "total_input_tokens": 10787,
    "total_output_tokens": 2467,
    "total_tokens": 13254,
    "total_cost": 0.18188000000000001
}