{
    "commit": "379536fc45a031352b0e33976e686712803deb5d",
    "start_epoch": 1760781850.935684,
    "end_epoch": 1760781940.803978,
    "elapsed_seconds": 89.868294,
    "model": "gpt-4-0125-preview",
    "input_cost_per_token": 1e-05,
    "output_cost_per_token": 3e-05,
    "total_input_tokens": 12694,
    "total_output_tokens": 3815,
    "total_tokens": 16509,
    "total_cost": 0.24139000000000002
}