{
    "commit": "9dceb8773e8e6d73740476486f3e54ae816f8b65",
    "start_epoch": 1760546582.174882,
    "end_epoch": 1760546643.070434,
    "elapsed_seconds": 60.895552,
    "model": "gpt-4-0125-preview",
    "input_cost_per_token": 1e-05,
    "output_cost_per_token": 3e-05,
    "total_input_tokens": 7306,
    "total_output_tokens": 2209,
    "total_tokens": 9515,
    "total_cost": 0.13933
}