{
    "commit": "7b5ca0449665527aa675e654f78a9ae0ca707029",
    "start_epoch": 1760749840.108919,
    "end_epoch": 1760749884.749238,
    "elapsed_seconds": 44.640319,
    "model": "gpt-4-0125-preview",
    "input_cost_per_token": 1e-05,
    "output_cost_per_token": 3e-05,
    "total_input_tokens": 6298,
    "total_output_tokens": 1431,
    "total_tokens": 7729,
    "total_cost": 0.10591
}