{
    "commit": "0c379872ef86926c07eb641b03522f474b7f7356",
    "start_epoch": 1760811497.158938,
    "end_epoch": 1760811621.015145,
    "elapsed_seconds": 123.856207,
    "model": "gpt-4-0125-preview",
    "input_cost_per_token": 1e-05,
    "output_cost_per_token": 3e-05,
    "total_input_tokens": 17298,
    "total_output_tokens": 4987,
    "total_tokens": 22285,
    "total_cost": 0.32259
}