{
    "commit": "7a20223b5d9a05a982e184832fd00748756892bb",
    "start_epoch": 1760811621.147025,
    "end_epoch": 1760811732.963462,
    "elapsed_seconds": 111.816437,
    "model": "gpt-4-0125-preview",
    "input_cost_per_token": 1e-05,
    "output_cost_per_token": 3e-05,
    "total_input_tokens": 26218,
    "total_output_tokens": 4548,
    "total_tokens": 30766,
    "total_cost": 0.3986200000000001
}