{
    "commit": "ada61923024f016cdf5563cb06c9260f641b2a37",
    "start_epoch": 1760712430.457482,
    "end_epoch": 1760712508.510235,
    "elapsed_seconds": 78.052753,
    "model": "gpt-4-0125-preview",
    "input_cost_per_token": 1e-05,
    "output_cost_per_token": 3e-05,
    "total_input_tokens": 23407,
    "total_output_tokens": 2655,
    "total_tokens": 26062,
    "total_cost": 0.31372
}