{
    "commit": "c6a54f43d11a2ced08f43fec0eba4600b02a07dd",
    "start_epoch": 1760571571.885657,
    "end_epoch": 1760571671.492579,
    "elapsed_seconds": 99.606922,
    "model": "gpt-4-0125-preview",
    "input_cost_per_token": 1e-05,
    "output_cost_per_token": 3e-05,
    "total_input_tokens": 17797,
    "total_output_tokens": 4097,
    "total_tokens": 21894,
    "total_cost": 0.30088
}