{
    "commit": "d03c0d86a93d7e166f9668c89aca1e4b5b247b9e",
    "start_epoch": 1760794995.848446,
    "end_epoch": 1760795039.297258,
    "elapsed_seconds": 43.448812,
    "model": "gpt-4-0125-preview",
    "input_cost_per_token": 1e-05,
    "output_cost_per_token": 3e-05,
    "total_input_tokens": 7307,
    "total_output_tokens": 1605,
    "total_tokens": 8912,
    "total_cost": 0.12122000000000001
}