{
    "commit": "c4269e4bd9faf1c661217b53f13f294e9202c616",
    "start_epoch": 1760748095.750167,
    "end_epoch": 1760748186.771559,
    "elapsed_seconds": 91.021392,
    "model": "gpt-4-0125-preview",
    "input_cost_per_token": 1e-05,
    "output_cost_per_token": 3e-05,
    "total_input_tokens": 11395,
    "total_output_tokens": 3530,
    "total_tokens": 14925,
    "total_cost": 0.21985000000000002
}