{
    "commit": "e78e5a91d124eccdd7626d8a74c325afd29b1ca8",
    "start_epoch": 1760775500.748789,
    "end_epoch": 1760775596.942788,
    "elapsed_seconds": 96.193999,
    "model": "gpt-4-0125-preview",
    "input_cost_per_token": 1e-05,
    "output_cost_per_token": 3e-05,
    "total_input_tokens": 17309,
    "total_output_tokens": 3715,
    "total_tokens": 21024,
    "total_cost": 0.28454
}