{
    "commit": "2917cb5dfcc6c5ccd46ad9101c896f24cef2b490",
    "start_epoch": 1760730850.043264,
    "end_epoch": 1760730975.071191,
    "elapsed_seconds": 125.027927,
    "model": "gpt-4-0125-preview",
    "input_cost_per_token": 1e-05,
    "output_cost_per_token": 3e-05,
    "total_input_tokens": 19203,
    "total_output_tokens": 4263,
    "total_tokens": 23466,
    "total_cost": 0.31992
}