{
    "commit": "d5ad23e3e6f240382e35e95e76feee7848813523",
    "start_epoch": 1760811111.61821,
    "end_epoch": 1760811231.278217,
    "elapsed_seconds": 119.660007,
    "model": "gpt-4-0125-preview",
    "input_cost_per_token": 1e-05,
    "output_cost_per_token": 3e-05,
    "total_input_tokens": 18867,
    "total_output_tokens": 4716,
    "total_tokens": 23583,
    "total_cost": 0.33015000000000005
}