{
    "commit": "4823fc99b1c894c5999dd2051e64a3e66b4f2f78",
    "start_epoch": 1760803376.382406,
    "end_epoch": 1760803537.011536,
    "elapsed_seconds": 160.62913,
    "model": "gpt-4-0125-preview",
    "input_cost_per_token": 1e-05,
    "output_cost_per_token": 3e-05,
    "total_input_tokens": 12118,
    "total_output_tokens": 3799,
    "total_tokens": 15917,
    "total_cost": 0.23514999999999997
}