{
    "commit": "c0a89575a0af10cf098de54d4bb57d7c792f801b",
    "start_epoch": 1760791002.025768,
    "end_epoch": 1760791073.083575,
    "elapsed_seconds": 71.057807,
    "model": "gpt-4-0125-preview",
    "input_cost_per_token": 1e-05,
    "output_cost_per_token": 3e-05,
    "total_input_tokens": 6803,
    "total_output_tokens": 2214,
    "total_tokens": 9017,
    "total_cost": 0.13445000000000001
}