{
    "commit": "2bbfcf87328c93ca0eab69e938c9eada2ca536a3",
    "start_epoch": 1760760477.414711,
    "end_epoch": 1760760604.969741,
    "elapsed_seconds": 127.55503,
    "model": "gpt-4-0125-preview",
    "input_cost_per_token": 1e-05,
    "output_cost_per_token": 3e-05,
    "total_input_tokens": 41001,
    "total_output_tokens": 5031,
    "total_tokens": 46032,
    "total_cost": 0.5609400000000001
}