{
    "commit": "6ab4aeb5cdc12f4970ec64080e50f8cf1545e41b",
    "start_epoch": 1760763443.197881,
    "end_epoch": 1760763547.241835,
    "elapsed_seconds": 104.043954,
    "model": "gpt-4-0125-preview",
    "input_cost_per_token": 1e-05,
    "output_cost_per_token": 3e-05,
    "total_input_tokens": 22123,
    "total_output_tokens": 4114,
    "total_tokens": 26237,
    "total_cost": 0.34465000000000007
}