{
    "commit": "96d1414380350701fef81a6059c3af8422c92e31",
    "start_epoch": 1760513784.233412,
    "end_epoch": 1760513876.981888,
    "elapsed_seconds": 92.748476,
    "model": "gpt-4-0125-preview",
    "input_cost_per_token": 1e-05,
    "output_cost_per_token": 3e-05,
    "total_input_tokens": 32232,
    "total_output_tokens": 3181,
    "total_tokens": 35413,
    "total_cost": 0.41775
}