{
    "commit": "dc3cd08d5611ca039a7595b59a3cb3456d8d82a0",
    "start_epoch": 1760730195.695704,
    "end_epoch": 1760730278.840739,
    "elapsed_seconds": 83.145035,
    "model": "gpt-4-0125-preview",
    "input_cost_per_token": 1e-05,
    "output_cost_per_token": 3e-05,
    "total_input_tokens": 18584,
    "total_output_tokens": 2973,
    "total_tokens": 21557,
    "total_cost": 0.27503000000000005
}