{
    "commit": "f6706662fbe7cfd4fc1b330fed00cd0c39afbb40",
    "start_epoch": 1760557221.211004,
    "end_epoch": 1760557275.235408,
    "elapsed_seconds": 54.024404,
    "model": "gpt-4-0125-preview",
    "input_cost_per_token": 1e-05,
    "output_cost_per_token": 3e-05,
    "total_input_tokens": 6168,
    "total_output_tokens": 1897,
    "total_tokens": 8065,
    "total_cost": 0.11859000000000001
}