{
    "commit": "756319fe5dea9f9ee63f3ed6dacf7798e7bff950",
    "start_epoch": 1760561325.772849,
    "end_epoch": 1760561375.524459,
    "elapsed_seconds": 49.75161,
    "model": "gpt-4-0125-preview",
    "input_cost_per_token": 1e-05,
    "output_cost_per_token": 3e-05,
    "total_input_tokens": 23357,
    "total_output_tokens": 1588,
    "total_tokens": 24945,
    "total_cost": 0.28121
}