{
    "commit": "3e5e96533b14f7d7f73948b3e1cbb814d878bd4f",
    "start_epoch": 1760700907.804578,
    "end_epoch": 1760701041.290767,
    "elapsed_seconds": 133.486189,
    "model": "gpt-4-0125-preview",
    "input_cost_per_token": 1e-05,
    "output_cost_per_token": 3e-05,
    "total_input_tokens": 21339,
    "total_output_tokens": 5283,
    "total_tokens": 26622,
    "total_cost": 0.37188
}