{
    "commit": "1d6033e0cf90e522b300cff908bb6e45c7a92e21",
    "start_epoch": 1760752534.495715,
    "end_epoch": 1760752807.322729,
    "elapsed_seconds": 272.827014,
    "model": "gpt-4-0125-preview",
    "input_cost_per_token": 1e-05,
    "output_cost_per_token": 3e-05,
    "total_input_tokens": 84828,
    "total_output_tokens": 10025,
    "total_tokens": 94853,
    "total_cost": 1.1490299999999998
}