{
    "commit": "a706f4b92171286f920e30592b7a5eceaab5046f",
    "start_epoch": 1760762365.461833,
    "end_epoch": 1760762409.661803,
    "elapsed_seconds": 44.19997,
    "model": "gpt-4-0125-preview",
    "input_cost_per_token": 1e-05,
    "output_cost_per_token": 3e-05,
    "total_input_tokens": 6734,
    "total_output_tokens": 1580,
    "total_tokens": 8314,
    "total_cost": 0.11474000000000001
}