{
    "commit": "82817c57f1d355b9bdaf851dc86286922c9bd821",
    "start_epoch": 1760772716.18903,
    "end_epoch": 1760772796.076444,
    "elapsed_seconds": 79.887414,
    "model": "gpt-4-0125-preview",
    "input_cost_per_token": 1e-05,
    "output_cost_per_token": 3e-05,
    "total_input_tokens": 12083,
    "total_output_tokens": 2995,
    "total_tokens": 15078,
    "total_cost": 0.21068000000000003
}