{
    "commit": "c2d228a2bd58c15de7578a450afde55068680af3",
    "start_epoch": 1760717255.639627,
    "end_epoch": 1760717323.570905,
    "elapsed_seconds": 67.931278,
    "model": "gpt-4-0125-preview",
    "input_cost_per_token": 1e-05,
    "output_cost_per_token": 3e-05,
    "total_input_tokens": 9421,
    "total_output_tokens": 1737,
    "total_tokens": 11158,
    "total_cost": 0.14632
}