{
    "commit": "acf4a9739e2abfe93c68475428ecb98549ea4956",
    "start_epoch": 1760736032.658358,
    "end_epoch": 1760736122.300213,
    "elapsed_seconds": 89.641855,
    "model": "gpt-4-0125-preview",
    "input_cost_per_token": 1e-05,
    "output_cost_per_token": 3e-05,
    "total_input_tokens": 11906,
    "total_output_tokens": 3047,
    "total_tokens": 14953,
    "total_cost": 0.21047000000000005
}