{
    "commit": "b541ed8807358652e983b340ef8553c11da3d725",
    "start_epoch": 1760745371.048344,
    "end_epoch": 1760745410.985831,
    "elapsed_seconds": 39.937487,
    "model": "gpt-4-0125-preview",
    "input_cost_per_token": 1e-05,
    "output_cost_per_token": 3e-05,
    "total_input_tokens": 4504,
    "total_output_tokens": 1139,
    "total_tokens": 5643,
    "total_cost": 0.07921
}