{
    "commit": "6404ceb816189aad73e8d94c8cfbed02cb7beefe",
    "start_epoch": 1760742635.206065,
    "end_epoch": 1760742775.709839,
    "elapsed_seconds": 140.503774,
    "model": "gpt-4-0125-preview",
    "input_cost_per_token": 1e-05,
    "output_cost_per_token": 3e-05,
    "total_input_tokens": 30519,
    "total_output_tokens": 5303,
    "total_tokens": 35822,
    "total_cost": 0.46428
}