{
    "commit": "43ce25be91902f28a6eb4c29a27190bed18dd5ad",
    "start_epoch": 1760749565.273232,
    "end_epoch": 1760749622.511806,
    "elapsed_seconds": 57.238574,
    "model": "gpt-4-0125-preview",
    "input_cost_per_token": 1e-05,
    "output_cost_per_token": 3e-05,
    "total_input_tokens": 7768,
    "total_output_tokens": 2212,
    "total_tokens": 9980,
    "total_cost": 0.14404
}