{
    "commit": "dc322ee8c02ad2389eb8e5b7c78e19ae39ff735b",
    "start_epoch": 1760575153.884954,
    "end_epoch": 1760575247.057356,
    "elapsed_seconds": 93.172402,
    "model": "gpt-4-0125-preview",
    "input_cost_per_token": 1e-05,
    "output_cost_per_token": 3e-05,
    "total_input_tokens": 12153,
    "total_output_tokens": 3700,
    "total_tokens": 15853,
    "total_cost": 0.23253
}