{
    "commit": "f6fb159c09ee098329a9f93436133b1d691c5e8b",
    "start_epoch": 1760699725.043002,
    "end_epoch": 1760699797.943844,
    "elapsed_seconds": 72.900842,
    "model": "gpt-4-0125-preview",
    "input_cost_per_token": 1e-05,
    "output_cost_per_token": 3e-05,
    "total_input_tokens": 11280,
    "total_output_tokens": 2575,
    "total_tokens": 13855,
    "total_cost": 0.19005000000000002
}