{
    "commit": "e6469fd101c0e30e29269f3d497c9ede58a3cfeb",
    "start_epoch": 1760699120.213411,
    "end_epoch": 1760699206.162879,
    "elapsed_seconds": 85.949468,
    "model": "gpt-4-0125-preview",
    "input_cost_per_token": 1e-05,
    "output_cost_per_token": 3e-05,
    "total_input_tokens": 9591,
    "total_output_tokens": 3061,
    "total_tokens": 12652,
    "total_cost": 0.18774000000000002
}