{
    "commit": "31267ae972a26ec4b883e0c26aef0fee400f05c7",
    "start_epoch": 1760700428.894699,
    "end_epoch": 1760700537.279234,
    "elapsed_seconds": 108.384535,
    "model": "gpt-4-0125-preview",
    "input_cost_per_token": 1e-05,
    "output_cost_per_token": 3e-05,
    "total_input_tokens": 10684,
    "total_output_tokens": 3335,
    "total_tokens": 14019,
    "total_cost": 0.20689
}