{
    "commit": "20a2f3b0059bda17f069e6bd3b6bc91bd1231cfb",
    "start_epoch": 1760522406.825744,
    "end_epoch": 1760522496.558222,
    "elapsed_seconds": 89.732478,
    "model": "gpt-4-0125-preview",
    "input_cost_per_token": 1e-05,
    "output_cost_per_token": 3e-05,
    "total_input_tokens": 15516,
    "total_output_tokens": 2691,
    "total_tokens": 18207,
    "total_cost": 0.23589000000000002
}