{
    "commit": "f391aefdf7aad7f5bd655ea36fc4586d46e6a551",
    "start_epoch": 1760577401.333745,
    "end_epoch": 1760577746.044164,
    "elapsed_seconds": 344.710419,
    "model": "gpt-4-0125-preview",
    "input_cost_per_token": 1e-05,
    "output_cost_per_token": 3e-05,
    "total_input_tokens": 136006,
    "total_output_tokens": 9800,
    "total_tokens": 145806,
    "total_cost": 1.654060000000001
}