{
    "commit": "03a084ada8915699ef9f28f682be4f4a1eaab434",
    "start_epoch": 1760728347.898814,
    "end_epoch": 1760728449.464535,
    "elapsed_seconds": 101.565721,
    "model": "gpt-4-0125-preview",
    "input_cost_per_token": 1e-05,
    "output_cost_per_token": 3e-05,
    "total_input_tokens": 8851,
    "total_output_tokens": 4024,
    "total_tokens": 12875,
    "total_cost": 0.20923
}