{
    "commit": "90b7f6b4bb720d983999fdb7dfcc1ff40757a339",
    "start_epoch": 1760715914.492743,
    "end_epoch": 1760715996.918855,
    "elapsed_seconds": 82.426112,
    "model": "gpt-4-0125-preview",
    "input_cost_per_token": 1e-05,
    "output_cost_per_token": 3e-05,
    "total_input_tokens": 18147,
    "total_output_tokens": 2850,
    "total_tokens": 20997,
    "total_cost": 0.26697000000000004
}