{
    "commit": "5b67727d598f61f8911cbf03787a91fe92e02a19",
    "start_epoch": 1760497333.941958,
    "end_epoch": 1760497389.718609,
    "elapsed_seconds": 55.776651,
    "model": "gpt-4-0125-preview",
    "input_cost_per_token": 1e-05,
    "output_cost_per_token": 3e-05,
    "total_input_tokens": 7080,
    "total_output_tokens": 1853,
    "total_tokens": 8933,
    "total_cost": 0.12639
}