{
    "commit": "be7d835d96a05cf6dff37e491893fd6ea9961a80",
    "start_epoch": 1760766288.051608,
    "end_epoch": 1760766393.092827,
    "elapsed_seconds": 105.041219,
    "model": "gpt-4-0125-preview",
    "input_cost_per_token": 1e-05,
    "output_cost_per_token": 3e-05,
    "total_input_tokens": 19870,
    "total_output_tokens": 4025,
    "total_tokens": 23895,
    "total_cost": 0.31945000000000007
}