{
    "commit": "8cdedbe2bac5b537065f7d88df67322dcd97a154",
    "start_epoch": 1760500609.454112,
    "end_epoch": 1760500691.011387,
    "elapsed_seconds": 81.557275,
    "model": "gpt-4-0125-preview",
    "input_cost_per_token": 1e-05,
    "output_cost_per_token": 3e-05,
    "total_input_tokens": 8126,
    "total_output_tokens": 3295,
    "total_tokens": 11421,
    "total_cost": 0.18011
}