{
    "commit": "21d2118ca2331d968ef253b2e4b7275abedfb93e",
    "start_epoch": 1760527344.546536,
    "end_epoch": 1760527448.386346,
    "elapsed_seconds": 103.83981,
    "model": "gpt-4-0125-preview",
    "input_cost_per_token": 1e-05,
    "output_cost_per_token": 3e-05,
    "total_input_tokens": 11195,
    "total_output_tokens": 4156,
    "total_tokens": 15351,
    "total_cost": 0.23663
}