{
    "commit": "c92d510ea4adbfd1aff2a6cd6f2609f27a7e8a07",
    "start_epoch": 1760503827.031318,
    "end_epoch": 1760503930.549635,
    "elapsed_seconds": 103.518317,
    "model": "gpt-4-0125-preview",
    "input_cost_per_token": 1e-05,
    "output_cost_per_token": 3e-05,
    "total_input_tokens": 12695,
    "total_output_tokens": 4020,
    "total_tokens": 16715,
    "total_cost": 0.24755
}