{
    "commit": "b33327a694082329fc2d020568f8ab0bd247fd03",
    "start_epoch": 1760713482.519231,
    "end_epoch": 1760713581.105721,
    "elapsed_seconds": 98.58649,
    "model": "gpt-4-0125-preview",
    "input_cost_per_token": 1e-05,
    "output_cost_per_token": 3e-05,
    "total_input_tokens": 19170,
    "total_output_tokens": 3640,
    "total_tokens": 22810,
    "total_cost": 0.30090000000000006
}