{
    "commit": "c196f86e2e100dd9c7b45a6e47a4ae226295dd1d",
    "start_epoch": 1760749226.748341,
    "end_epoch": 1760749295.859668,
    "elapsed_seconds": 69.111327,
    "model": "gpt-4-0125-preview",
    "input_cost_per_token": 1e-05,
    "output_cost_per_token": 3e-05,
    "total_input_tokens": 14301,
    "total_output_tokens": 2500,
    "total_tokens": 16801,
    "total_cost": 0.21801
}