{
    "commit": "9b62f5cf2fb8c988d9266f145f2568d8304da4d8",
    "start_epoch": 1760518845.682528,
    "end_epoch": 1760518953.535543,
    "elapsed_seconds": 107.853015,
    "model": "gpt-4-0125-preview",
    "input_cost_per_token": 1e-05,
    "output_cost_per_token": 3e-05,
    "total_input_tokens": 28229,
    "total_output_tokens": 2869,
    "total_tokens": 31098,
    "total_cost": 0.36836
}