{
    "commit": "bb5e10e0a419c5cb2f4608f1a944093e135d842d",
    "start_epoch": 1760504280.49422,
    "end_epoch": 1760504336.391962,
    "elapsed_seconds": 55.897742,
    "model": "gpt-4-0125-preview",
    "input_cost_per_token": 1e-05,
    "output_cost_per_token": 3e-05,
    "total_input_tokens": 7427,
    "total_output_tokens": 1917,
    "total_tokens": 9344,
    "total_cost": 0.13178
}