{
    "commit": "95b26573762b8f3ee4e37ae9001dd856e36ee89e",
    "start_epoch": 1760747607.15943,
    "end_epoch": 1760747649.670099,
    "elapsed_seconds": 42.510669,
    "model": "gpt-4-0125-preview",
    "input_cost_per_token": 1e-05,
    "output_cost_per_token": 3e-05,
    "total_input_tokens": 12389,
    "total_output_tokens": 1389,
    "total_tokens": 13778,
    "total_cost": 0.16556
}