{
    "commit": "67d39440d3a1ba777e4087e75ba7528d65fe04d3",
    "start_epoch": 1760718902.299418,
    "end_epoch": 1760718954.025451,
    "elapsed_seconds": 51.726033,
    "model": "gpt-4-0125-preview",
    "input_cost_per_token": 1e-05,
    "output_cost_per_token": 3e-05,
    "total_input_tokens": 7140,
    "total_output_tokens": 1739,
    "total_tokens": 8879,
    "total_cost": 0.12357
}