{
    "commit": "42c952f76d16d741d47f3c14461a34fcbf624eb6",
    "start_epoch": 1760526474.645091,
    "end_epoch": 1760526520.708534,
    "elapsed_seconds": 46.063443,
    "model": "gpt-4-0125-preview",
    "input_cost_per_token": 1e-05,
    "output_cost_per_token": 3e-05,
    "total_input_tokens": 6144,
    "total_output_tokens": 1764,
    "total_tokens": 7908,
    "total_cost": 0.11436000000000002
}