{
    "commit": "bc163591a520db945c7178081ae9d79902a95782",
    "start_epoch": 1760756279.492465,
    "end_epoch": 1760756320.86514,
    "elapsed_seconds": 41.372675,
    "model": "gpt-4-0125-preview",
    "input_cost_per_token": 1e-05,
    "output_cost_per_token": 3e-05,
    "total_input_tokens": 4946,
    "total_output_tokens": 1395,
    "total_tokens": 6341,
    "total_cost": 0.09131
}