{
    "commit": "22b3f741745fcf8fbb606a4f9701e262be6c11ab",
    "start_epoch": 1760735780.861171,
    "end_epoch": 1760736032.519974,
    "elapsed_seconds": 251.658803,
    "model": "gpt-4-0125-preview",
    "input_cost_per_token": 1e-05,
    "output_cost_per_token": 3e-05,
    "total_input_tokens": 86170,
    "total_output_tokens": 4303,
    "total_tokens": 90473,
    "total_cost": 0.9907900000000002
}