{
    "commit": "e36bd93319c1a8fab593caada53d6e85ba92bb71",
    "start_epoch": 1760718093.63642,
    "end_epoch": 1760718175.444141,
    "elapsed_seconds": 81.807721,
    "model": "gpt-4-0125-preview",
    "input_cost_per_token": 1e-05,
    "output_cost_per_token": 3e-05,
    "total_input_tokens": 15177,
    "total_output_tokens": 2864,
    "total_tokens": 18041,
    "total_cost": 0.23769
}