{
    "commit": "8b19090ee2e5cabc3b85bc07587d576036541bbd",
    "start_epoch": 1760750594.966076,
    "end_epoch": 1760750666.679291,
    "elapsed_seconds": 71.713215,
    "model": "gpt-4-0125-preview",
    "input_cost_per_token": 1e-05,
    "output_cost_per_token": 3e-05,
    "total_input_tokens": 13107,
    "total_output_tokens": 2875,
    "total_tokens": 15982,
    "total_cost": 0.21732
}