{
    "commit": "3be5fc9c7158f91041c34ad986921d1a768b58bd",
    "start_epoch": 1760527180.538037,
    "end_epoch": 1760527285.192921,
    "elapsed_seconds": 104.654884,
    "model": "gpt-4-0125-preview",
    "input_cost_per_token": 1e-05,
    "output_cost_per_token": 3e-05,
    "total_input_tokens": 14791,
    "total_output_tokens": 3482,
    "total_tokens": 18273,
    "total_cost": 0.25237000000000004
}