{
    "commit": "407ad1b0b7630fb7f01dd8a71bab2221ecfad33f",
    "start_epoch": 1760745665.477016,
    "end_epoch": 1760745733.249627,
    "elapsed_seconds": 67.772611,
    "model": "gpt-4-0125-preview",
    "input_cost_per_token": 1e-05,
    "output_cost_per_token": 3e-05,
    "total_input_tokens": 10836,
    "total_output_tokens": 2449,
    "total_tokens": 13285,
    "total_cost": 0.18183
}