{
    "commit": "32494d3f21e9b899401b6cf7828603b4b4cbbdc2",
    "start_epoch": 1760696796.052438,
    "end_epoch": 1760696838.722853,
    "elapsed_seconds": 42.670415,
    "model": "gpt-4-0125-preview",
    "input_cost_per_token": 1e-05,
    "output_cost_per_token": 3e-05,
    "total_input_tokens": 6283,
    "total_output_tokens": 1582,
    "total_tokens": 7865,
    "total_cost": 0.11029000000000001
}