{
    "commit": "2c7bc14c12ff3024407b884637e7650632fcb9a6",
    "start_epoch": 1760501381.486995,
    "end_epoch": 1760501426.740291,
    "elapsed_seconds": 45.253296,
    "model": "gpt-4-0125-preview",
    "input_cost_per_token": 1e-05,
    "output_cost_per_token": 3e-05,
    "total_input_tokens": 6412,
    "total_output_tokens": 1505,
    "total_tokens": 7917,
    "total_cost": 0.10927000000000002
}