{
    "commit": "75b1d94aad662c3fcafc4b1793bc468761a00f81",
    "start_epoch": 1760518953.674284,
    "end_epoch": 1760519044.055365,
    "elapsed_seconds": 90.381081,
    "model": "gpt-4-0125-preview",
    "input_cost_per_token": 1e-05,
    "output_cost_per_token": 3e-05,
    "total_input_tokens": 39443,
    "total_output_tokens": 2732,
    "total_tokens": 42175,
    "total_cost": 0.47639
}