{
    "commit": "7e7ca25f369c9803e0b5c99526b5e47e84e23bf5",
    "start_epoch": 1760731441.824345,
    "end_epoch": 1760731488.733968,
    "elapsed_seconds": 46.909623,
    "model": "gpt-4-0125-preview",
    "input_cost_per_token": 1e-05,
    "output_cost_per_token": 3e-05,
    "total_input_tokens": 4849,
    "total_output_tokens": 1314,
    "total_tokens": 6163,
    "total_cost": 0.08791000000000002
}