{
    "commit": "83a86eec8a735faf68dffaceeb109283ca979382",
    "start_epoch": 1760762625.181858,
    "end_epoch": 1760762727.38548,
    "elapsed_seconds": 102.203622,
    "model": "gpt-4-0125-preview",
    "input_cost_per_token": 1e-05,
    "output_cost_per_token": 3e-05,
    "total_input_tokens": 15589,
    "total_output_tokens": 4322,
    "total_tokens": 19911,
    "total_cost": 0.28555
}