{
    "commit": "fedae85d2fa20f115e8f43a2eb923978d413937a",
    "start_epoch": 1760779917.299951,
    "end_epoch": 1760780023.499733,
    "elapsed_seconds": 106.199782,
    "model": "gpt-4-0125-preview",
    "input_cost_per_token": 1e-05,
    "output_cost_per_token": 3e-05,
    "total_input_tokens": 16681,
    "total_output_tokens": 3286,
    "total_tokens": 19967,
    "total_cost": 0.26538999999999996
}