{
    "commit": "d1ba9fcfa8c68a52a87eff59f5b651c231f5365f",
    "start_epoch": 1760779021.04782,
    "end_epoch": 1760779112.624495,
    "elapsed_seconds": 91.576675,
    "model": "gpt-4-0125-preview",
    "input_cost_per_token": 1e-05,
    "output_cost_per_token": 3e-05,
    "total_input_tokens": 21303,
    "total_output_tokens": 3205,
    "total_tokens": 24508,
    "total_cost": 0.30918
}