{
    "commit": "aa12c32ede7bafc368f4522160bba232f7c4517e",
    "start_epoch": 1760510151.813042,
    "end_epoch": 1760510376.552858,
    "elapsed_seconds": 224.739816,
    "model": "gpt-4-0125-preview",
    "input_cost_per_token": 1e-05,
    "output_cost_per_token": 3e-05,
    "total_input_tokens": 49345,
    "total_output_tokens": 7954,
    "total_tokens": 57299,
    "total_cost": 0.73207
}