{
    "commit": "90fac96c72959631fdf4775c0c5243d349a52997",
    "start_epoch": 1760723375.62418,
    "end_epoch": 1760723419.976322,
    "elapsed_seconds": 44.352142,
    "model": "gpt-4-0125-preview",
    "input_cost_per_token": 1e-05,
    "output_cost_per_token": 3e-05,
    "total_input_tokens": 12544,
    "total_output_tokens": 1547,
    "total_tokens": 14091,
    "total_cost": 0.17185
}