{
    "commit": "4cd5e6a9233388f8b80cc1dc51997ec961750ece",
    "start_epoch": 1760530105.517707,
    "end_epoch": 1760530158.232385,
    "elapsed_seconds": 52.714678,
    "model": "gpt-4-0125-preview",
    "input_cost_per_token": 1e-05,
    "output_cost_per_token": 3e-05,
    "total_input_tokens": 9832,
    "total_output_tokens": 1488,
    "total_tokens": 11320,
    "total_cost": 0.14296000000000003
}