{
    "commit": "86131eb8431a3e2d46cb4626db82dd791d983624",
    "start_epoch": 1760578843.056073,
    "end_epoch": 1760578957.456235,
    "elapsed_seconds": 114.400162,
    "model": "gpt-4-0125-preview",
    "input_cost_per_token": 1e-05,
    "output_cost_per_token": 3e-05,
    "total_input_tokens": 17590,
    "total_output_tokens": 4294,
    "total_tokens": 21884,
    "total_cost": 0.30472000000000005
}