{
    "commit": "74df95e9b996a6ed893503e65759bf77198b7a4c",
    "start_epoch": 1760564365.474456,
    "end_epoch": 1760564404.028337,
    "elapsed_seconds": 38.553881,
    "model": "gpt-4-0125-preview",
    "input_cost_per_token": 1e-05,
    "output_cost_per_token": 3e-05,
    "total_input_tokens": 7576,
    "total_output_tokens": 1433,
    "total_tokens": 9009,
    "total_cost": 0.11875
}