{
    "commit": "c9b63d598e25dddf325632aed97f424fd2bf9dce",
    "start_epoch": 1760756107.792397,
    "end_epoch": 1760756199.860949,
    "elapsed_seconds": 92.068552,
    "model": "gpt-4-0125-preview",
    "input_cost_per_token": 1e-05,
    "output_cost_per_token": 3e-05,
    "total_input_tokens": 56361,
    "total_output_tokens": 3360,
    "total_tokens": 59721,
    "total_cost": 0.6644100000000002
}