{
    "commit": "596a1ee336a8a22a7ae12dc8dbe4bb7eb9c01474",
    "start_epoch": 1760710585.676914,
    "end_epoch": 1760710637.331784,
    "elapsed_seconds": 51.65487,
    "model": "gpt-4-0125-preview",
    "input_cost_per_token": 1e-05,
    "output_cost_per_token": 3e-05,
    "total_input_tokens": 6410,
    "total_output_tokens": 1801,
    "total_tokens": 8211,
    "total_cost": 0.11813000000000001
}