{
    "commit": "51a174c6b39eac408ba45da3ab8334bbf64cf0fc",
    "start_epoch": 1760750513.499891,
    "end_epoch": 1760750594.773621,
    "elapsed_seconds": 81.27373,
    "model": "gpt-4-0125-preview",
    "input_cost_per_token": 1e-05,
    "output_cost_per_token": 3e-05,
    "total_input_tokens": 11671,
    "total_output_tokens": 3301,
    "total_tokens": 14972,
    "total_cost": 0.21574000000000002
}