{
    "commit": "15efc1f4e9ba127773bb739a9f68741e51146a83",
    "start_epoch": 1760560419.856699,
    "end_epoch": 1760560521.582908,
    "elapsed_seconds": 101.726209,
    "model": "gpt-4-0125-preview",
    "input_cost_per_token": 1e-05,
    "output_cost_per_token": 3e-05,
    "total_input_tokens": 16005,
    "total_output_tokens": 3498,
    "total_tokens": 19503,
    "total_cost": 0.26499
}