{
    "commit": "a6d3b94b627218abc6efe4961ee95ae8c7740fa8",
    "start_epoch": 1760804765.499652,
    "end_epoch": 1760804852.031654,
    "elapsed_seconds": 86.532002,
    "model": "gpt-4-0125-preview",
    "input_cost_per_token": 1e-05,
    "output_cost_per_token": 3e-05,
    "total_input_tokens": 12352,
    "total_output_tokens": 3537,
    "total_tokens": 15889,
    "total_cost": 0.22963
}