{
    "commit": "ca9fc5e82fbbb03afe1901ae0821217bc778f6d8",
    "start_epoch": 1760714366.759027,
    "end_epoch": 1760714409.878799,
    "elapsed_seconds": 43.119772,
    "model": "gpt-4-0125-preview",
    "input_cost_per_token": 1e-05,
    "output_cost_per_token": 3e-05,
    "total_input_tokens": 6372,
    "total_output_tokens": 1478,
    "total_tokens": 7850,
    "total_cost": 0.10806
}