{
    "commit": "708fdeb41455c2e3e9c67504bb4c327e65d29e3e",
    "start_epoch": 1760801253.377089,
    "end_epoch": 1760801322.612458,
    "elapsed_seconds": 69.235369,
    "model": "gpt-4-0125-preview",
    "input_cost_per_token": 1e-05,
    "output_cost_per_token": 3e-05,
    "total_input_tokens": 14295,
    "total_output_tokens": 2475,
    "total_tokens": 16770,
    "total_cost": 0.2172
}