{
    "commit": "727b59b5832fa60921c7dcca6d946ffad318569c",
    "start_epoch": 1760545057.690155,
    "end_epoch": 1760545201.795443,
    "elapsed_seconds": 144.105288,
    "model": "gpt-4-0125-preview",
    "input_cost_per_token": 1e-05,
    "output_cost_per_token": 3e-05,
    "total_input_tokens": 16015,
    "total_output_tokens": 3912,
    "total_tokens": 19927,
    "total_cost": 0.27751000000000003
}