{
    "commit": "1f8cd7edde9428e98d527737c669f5f0b71153da",
    "start_epoch": 1760572037.828462,
    "end_epoch": 1760572076.665561,
    "elapsed_seconds": 38.837099,
    "model": "gpt-4-0125-preview",
    "input_cost_per_token": 1e-05,
    "output_cost_per_token": 3e-05,
    "total_input_tokens": 6994,
    "total_output_tokens": 1418,
    "total_tokens": 8412,
    "total_cost": 0.11248000000000002
}