{
    "commit": "d3ff90067ba584bc68aa3ab2f829d02fa9bac9e8",
    "start_epoch": 1760726426.791621,
    "end_epoch": 1760726534.127807,
    "elapsed_seconds": 107.336186,
    "model": "gpt-4-0125-preview",
    "input_cost_per_token": 1e-05,
    "output_cost_per_token": 3e-05,
    "total_input_tokens": 11588,
    "total_output_tokens": 3785,
    "total_tokens": 15373,
    "total_cost": 0.22943000000000002
}