{
    "commit": "639234e7768c503e07b0222aa6f02e07278e5c47",
    "start_epoch": 1760568392.428052,
    "end_epoch": 1760568483.540466,
    "elapsed_seconds": 91.112414,
    "model": "gpt-4-0125-preview",
    "input_cost_per_token": 1e-05,
    "output_cost_per_token": 3e-05,
    "total_input_tokens": 14496,
    "total_output_tokens": 3424,
    "total_tokens": 17920,
    "total_cost": 0.24768
}