{
    "commit": "9632a54a9acd18892d1414a99f8fcdca677ea09a",
    "start_epoch": 1760806131.512617,
    "end_epoch": 1760806221.590435,
    "elapsed_seconds": 90.077818,
    "model": "gpt-4-0125-preview",
    "input_cost_per_token": 1e-05,
    "output_cost_per_token": 3e-05,
    "total_input_tokens": 14560,
    "total_output_tokens": 3529,
    "total_tokens": 18089,
    "total_cost": 0.25147
}