{
    "commit": "862bf635e3771cfed47d9d8f178bf1388ff5b9d0",
    "start_epoch": 1760524271.303684,
    "end_epoch": 1760524412.259104,
    "elapsed_seconds": 140.95542,
    "model": "gpt-4-0125-preview",
    "input_cost_per_token": 1e-05,
    "output_cost_per_token": 3e-05,
    "total_input_tokens": 37657,
    "total_output_tokens": 5154,
    "total_tokens": 42811,
    "total_cost": 0.53119
}