{
    "commit": "ab3ef4dfb7f380e98950c4c93fc66b50d56746d7",
    "start_epoch": 1760713581.220458,
    "end_epoch": 1760713664.785363,
    "elapsed_seconds": 83.564905,
    "model": "gpt-4-0125-preview",
    "input_cost_per_token": 1e-05,
    "output_cost_per_token": 3e-05,
    "total_input_tokens": 9400,
    "total_output_tokens": 3069,
    "total_tokens": 12469,
    "total_cost": 0.18606999999999999
}