{
    "commit": "f504f708a74fc3ff1249804f46936705aba754ef",
    "start_epoch": 1760816374.878212,
    "end_epoch": 1760816477.663786,
    "elapsed_seconds": 102.785574,
    "model": "gpt-4-0125-preview",
    "input_cost_per_token": 1e-05,
    "output_cost_per_token": 3e-05,
    "total_input_tokens": 18335,
    "total_output_tokens": 3454,
    "total_tokens": 21789,
    "total_cost": 0.28697
}