{
    "commit": "c2bb9f5d102ff1cf869ec79c560b8ad2e84782c5",
    "start_epoch": 1760780914.580893,
    "end_epoch": 1760780984.196474,
    "elapsed_seconds": 69.615581,
    "model": "gpt-4-0125-preview",
    "input_cost_per_token": 1e-05,
    "output_cost_per_token": 3e-05,
    "total_input_tokens": 13277,
    "total_output_tokens": 2616,
    "total_tokens": 15893,
    "total_cost": 0.21125000000000002
}