{
    "commit": "560448799249c644e001f00ce3ad40573b0c2ebd",
    "start_epoch": 1760561101.35717,
    "end_epoch": 1760561176.208673,
    "elapsed_seconds": 74.851503,
    "model": "gpt-4-0125-preview",
    "input_cost_per_token": 1e-05,
    "output_cost_per_token": 3e-05,
    "total_input_tokens": 6443,
    "total_output_tokens": 2730,
    "total_tokens": 9173,
    "total_cost": 0.14633000000000002
}