{
    "commit": "2f0ea6061614b4ef89ddf6f4072b6f42768fd4dc",
    "start_epoch": 1760742052.97857,
    "end_epoch": 1760742106.284542,
    "elapsed_seconds": 53.305972,
    "model": "gpt-4-0125-preview",
    "input_cost_per_token": 1e-05,
    "output_cost_per_token": 3e-05,
    "total_input_tokens": 8387,
    "total_output_tokens": 1877,
    "total_tokens": 10264,
    "total_cost": 0.14018
}