{
    "commit": "86bfcc7606424423242875b2dedd7ccb9ae6b053",
    "start_epoch": 1760550900.911222,
    "end_epoch": 1760550945.636863,
    "elapsed_seconds": 44.725641,
    "model": "gpt-4-0125-preview",
    "input_cost_per_token": 1e-05,
    "output_cost_per_token": 3e-05,
    "total_input_tokens": 6503,
    "total_output_tokens": 1568,
    "total_tokens": 8071,
    "total_cost": 0.11207
}