{
    "commit": "db8bdd31c8da75ccf9ff6ed8b223e3bfcef27557",
    "start_epoch": 1760696932.02472,
    "end_epoch": 1760696973.330388,
    "elapsed_seconds": 41.305668,
    "model": "gpt-4-0125-preview",
    "input_cost_per_token": 1e-05,
    "output_cost_per_token": 3e-05,
    "total_input_tokens": 10778,
    "total_output_tokens": 1601,
    "total_tokens": 12379,
    "total_cost": 0.15581000000000003
}