{
    "commit": "77fa69ee6e31494d8e345d567cfdccc84c9ba708",
    "start_epoch": 1760732354.401753,
    "end_epoch": 1760732471.654301,
    "elapsed_seconds": 117.252548,
    "model": "gpt-4-0125-preview",
    "input_cost_per_token": 1e-05,
    "output_cost_per_token": 3e-05,
    "total_input_tokens": 13767,
    "total_output_tokens": 3701,
    "total_tokens": 17468,
    "total_cost": 0.24869999999999998
}