{
    "commit": "9f9148f869d1b905792fba148f649ee229f97a6c",
    "start_epoch": 1760704178.241489,
    "end_epoch": 1760704287.497722,
    "elapsed_seconds": 109.256233,
    "model": "gpt-4-0125-preview",
    "input_cost_per_token": 1e-05,
    "output_cost_per_token": 3e-05,
    "total_input_tokens": 15618,
    "total_output_tokens": 3994,
    "total_tokens": 19612,
    "total_cost": 0.276
}