{
    "commit": "eb4359acda90b00bad3bb4b2ea60776c2b943571",
    "start_epoch": 1760771652.780797,
    "end_epoch": 1760771723.660005,
    "elapsed_seconds": 70.879208,
    "model": "gpt-4-0125-preview",
    "input_cost_per_token": 1e-05,
    "output_cost_per_token": 3e-05,
    "total_input_tokens": 14685,
    "total_output_tokens": 2637,
    "total_tokens": 17322,
    "total_cost": 0.22596
}