{
    "commit": "5d6a9703405d39c4f1a873c17df186eb76339222",
    "start_epoch": 1760716750.147692,
    "end_epoch": 1760716844.1787,
    "elapsed_seconds": 94.031008,
    "model": "gpt-4-0125-preview",
    "input_cost_per_token": 1e-05,
    "output_cost_per_token": 3e-05,
    "total_input_tokens": 16957,
    "total_output_tokens": 3296,
    "total_tokens": 20253,
    "total_cost": 0.26845
}