{
    "commit": "0ed2f6701e7ca24a315cdbbf650388be3359ac88",
    "start_epoch": 1760780023.750522,
    "end_epoch": 1760780101.205659,
    "elapsed_seconds": 77.455137,
    "model": "gpt-4-0125-preview",
    "input_cost_per_token": 1e-05,
    "output_cost_per_token": 3e-05,
    "total_input_tokens": 17898,
    "total_output_tokens": 2572,
    "total_tokens": 20470,
    "total_cost": 0.25614000000000003
}