{
    "commit": "2fa989a1252f5e7e6355b4b957d3306734736318",
    "start_epoch": 1760732132.615236,
    "end_epoch": 1760732195.867455,
    "elapsed_seconds": 63.252219,
    "model": "gpt-4-0125-preview",
    "input_cost_per_token": 1e-05,
    "output_cost_per_token": 3e-05,
    "total_input_tokens": 6637,
    "total_output_tokens": 2125,
    "total_tokens": 8762,
    "total_cost": 0.13012
}