{
    "commit": "c966fc4f2b0123b300ff28c2e7ac1531b58c9785",
    "start_epoch": 1760708825.681153,
    "end_epoch": 1760708870.766702,
    "elapsed_seconds": 45.085549,
    "model": "gpt-4-0125-preview",
    "input_cost_per_token": 1e-05,
    "output_cost_per_token": 3e-05,
    "total_input_tokens": 6348,
    "total_output_tokens": 1440,
    "total_tokens": 7788,
    "total_cost": 0.10668000000000001
}