{
    "commit": "36433c0b6773735ea2124456cd5b1192e5ad4066",
    "start_epoch": 1760719353.725097,
    "end_epoch": 1760719481.116847,
    "elapsed_seconds": 127.39175,
    "model": "gpt-4-0125-preview",
    "input_cost_per_token": 1e-05,
    "output_cost_per_token": 3e-05,
    "total_input_tokens": 18414,
    "total_output_tokens": 4714,
    "total_tokens": 23128,
    "total_cost": 0.32556000000000007
}