{
    "commit": "47b86b797bc235988d49125d4db00fb694f51ad7",
    "start_epoch": 1760792872.390303,
    "end_epoch": 1760792947.305081,
    "elapsed_seconds": 74.914778,
    "model": "gpt-4-0125-preview",
    "input_cost_per_token": 1e-05,
    "output_cost_per_token": 3e-05,
    "total_input_tokens": 9247,
    "total_output_tokens": 2820,
    "total_tokens": 12067,
    "total_cost": 0.17707
}