{
    "commit": "a4282607eaa5d759e47ebf45d8dce2c7c96541be",
    "start_epoch": 1760729434.101028,
    "end_epoch": 1760729525.966784,
    "elapsed_seconds": 91.865756,
    "model": "gpt-4-0125-preview",
    "input_cost_per_token": 1e-05,
    "output_cost_per_token": 3e-05,
    "total_input_tokens": 13780,
    "total_output_tokens": 3166,
    "total_tokens": 16946,
    "total_cost": 0.23278
}