{
    "commit": "73d77c185eef5ac8a908fc891b101faf211d34cd",
    "start_epoch": 1760557659.845108,
    "end_epoch": 1760557753.552752,
    "elapsed_seconds": 93.707644,
    "model": "gpt-4-0125-preview",
    "input_cost_per_token": 1e-05,
    "output_cost_per_token": 3e-05,
    "total_input_tokens": 17262,
    "total_output_tokens": 3535,
    "total_tokens": 20797,
    "total_cost": 0.27867000000000003
}