{
    "commit": "aad0aec5e042727a218e4e83f0854a4e73923b34",
    "start_epoch": 1760734187.160685,
    "end_epoch": 1760734258.604181,
    "elapsed_seconds": 71.443496,
    "model": "gpt-4-0125-preview",
    "input_cost_per_token": 1e-05,
    "output_cost_per_token": 3e-05,
    "total_input_tokens": 8863,
    "total_output_tokens": 2343,
    "total_tokens": 11206,
    "total_cost": 0.15892
}