{
    "commit": "fea50089550a4cfd241a7b5cb612e9bcc463b59b",
    "start_epoch": 1760522292.864059,
    "end_epoch": 1760522406.704069,
    "elapsed_seconds": 113.84001,
    "model": "gpt-4-0125-preview",
    "input_cost_per_token": 1e-05,
    "output_cost_per_token": 3e-05,
    "total_input_tokens": 9946,
    "total_output_tokens": 3505,
    "total_tokens": 13451,
    "total_cost": 0.20461000000000001
}