{
    "commit": "fabcbc85dad9b4410e5ef46654817ac49a1ad233",
    "start_epoch": 1760755401.111254,
    "end_epoch": 1760755502.049857,
    "elapsed_seconds": 100.938603,
    "model": "gpt-4-0125-preview",
    "input_cost_per_token": 1e-05,
    "output_cost_per_token": 3e-05,
    "total_input_tokens": 20526,
    "total_output_tokens": 3959,
    "total_tokens": 24485,
    "total_cost": 0.32403
}