{
    "commit": "b20ad65dac2e77b0435b7807b563537ccc08cfbc",
    "start_epoch": 1760725452.577089,
    "end_epoch": 1760725556.893499,
    "elapsed_seconds": 104.31641,
    "model": "gpt-4-0125-preview",
    "input_cost_per_token": 1e-05,
    "output_cost_per_token": 3e-05,
    "total_input_tokens": 9722,
    "total_output_tokens": 4055,
    "total_tokens": 13777,
    "total_cost": 0.21887
}