{
    "commit": "db204dae45295ae2d18d28ece639a4920871e367",
    "start_epoch": 1760566510.837808,
    "end_epoch": 1760566607.833426,
    "elapsed_seconds": 96.995618,
    "model": "gpt-4-0125-preview",
    "input_cost_per_token": 1e-05,
    "output_cost_per_token": 3e-05,
    "total_input_tokens": 8728,
    "total_output_tokens": 3408,
    "total_tokens": 12136,
    "total_cost": 0.18952
}