{
    "commit": "c87211ebb6696fc2102ab97fc98c1d3bd4492f2e",
    "start_epoch": 1760587829.157391,
    "end_epoch": 1760587952.978345,
    "elapsed_seconds": 123.820954,
    "model": "gpt-4-0125-preview",
    "input_cost_per_token": 1e-05,
    "output_cost_per_token": 3e-05,
    "total_input_tokens": 25878,
    "total_output_tokens": 4446,
    "total_tokens": 30324,
    "total_cost": 0.39216
}