{
    "commit": "a2929515df174c7256604a88496c3402456b5303",
    "start_epoch": 1760742507.768949,
    "end_epoch": 1760742635.003837,
    "elapsed_seconds": 127.234888,
    "model": "gpt-4-0125-preview",
    "input_cost_per_token": 1e-05,
    "output_cost_per_token": 3e-05,
    "total_input_tokens": 17831,
    "total_output_tokens": 5180,
    "total_tokens": 23011,
    "total_cost": 0.33371
}