{
    "commit": "f10ad37d51337a939faed76b3c7b4c5561daee83",
    "start_epoch": 1760768077.152418,
    "end_epoch": 1760768176.555309,
    "elapsed_seconds": 99.402891,
    "model": "gpt-4-0125-preview",
    "input_cost_per_token": 1e-05,
    "output_cost_per_token": 3e-05,
    "total_input_tokens": 15109,
    "total_output_tokens": 4252,
    "total_tokens": 19361,
    "total_cost": 0.27865
}