{
    "commit": "299763cbcce08b17dc05e09392e145b00436024f",
    "start_epoch": 1760549371.049867,
    "end_epoch": 1760549464.975446,
    "elapsed_seconds": 93.925579,
    "model": "gpt-4-0125-preview",
    "input_cost_per_token": 1e-05,
    "output_cost_per_token": 3e-05,
    "total_input_tokens": 14030,
    "total_output_tokens": 3184,
    "total_tokens": 17214,
    "total_cost": 0.23582
}