{
    "commit": "b179f43d6fc503af1ec3f4861fd60e60923920e5",
    "start_epoch": 1760532830.587895,
    "end_epoch": 1760532936.308168,
    "elapsed_seconds": 105.720273,
    "model": "gpt-4-0125-preview",
    "input_cost_per_token": 1e-05,
    "output_cost_per_token": 3e-05,
    "total_input_tokens": 24933,
    "total_output_tokens": 3646,
    "total_tokens": 28579,
    "total_cost": 0.3587100000000001
}