{
    "commit": "2497faad3e94b20534fe4cb385223779c37d267f",
    "start_epoch": 1760531346.547226,
    "end_epoch": 1760531454.129854,
    "elapsed_seconds": 107.582628,
    "model": "gpt-4-0125-preview",
    "input_cost_per_token": 1e-05,
    "output_cost_per_token": 3e-05,
    "total_input_tokens": 15515,
    "total_output_tokens": 4059,
    "total_tokens": 19574,
    "total_cost": 0.27692000000000005
}