{
    "commit": "94548f281a29f569f26e35e4420940b2a0ceb404",
    "start_epoch": 1760552270.876999,
    "end_epoch": 1760552551.279073,
    "elapsed_seconds": 280.402074,
    "model": "gpt-4-0125-preview",
    "input_cost_per_token": 1e-05,
    "output_cost_per_token": 3e-05,
    "total_input_tokens": 9939,
    "total_output_tokens": 2881,
    "total_tokens": 12820,
    "total_cost": 0.18582
}