{
    "commit": "2e4a769dceb9653d46bf1d93c47a1a9bb9d26146",
    "start_epoch": 1760498061.985118,
    "end_epoch": 1760498103.016381,
    "elapsed_seconds": 41.031263,
    "model": "gpt-4-0125-preview",
    "input_cost_per_token": 1e-05,
    "output_cost_per_token": 3e-05,
    "total_input_tokens": 5226,
    "total_output_tokens": 1316,
    "total_tokens": 6542,
    "total_cost": 0.09174
}