{
    "commit": "20301c84d2047097e8bf20f64cebea1abe8080c5",
    "start_epoch": 1760525772.571103,
    "end_epoch": 1760525845.810614,
    "elapsed_seconds": 73.239511,
    "model": "gpt-4-0125-preview",
    "input_cost_per_token": 1e-05,
    "output_cost_per_token": 3e-05,
    "total_input_tokens": 14980,
    "total_output_tokens": 2733,
    "total_tokens": 17713,
    "total_cost": 0.23179
}