{
    "commit": "62171bd791caf2f31f697059530cd14030c540bf",
    "start_epoch": 1760574675.524531,
    "end_epoch": 1760574773.772001,
    "elapsed_seconds": 98.24747,
    "model": "gpt-4-0125-preview",
    "input_cost_per_token": 1e-05,
    "output_cost_per_token": 3e-05,
    "total_input_tokens": 22668,
    "total_output_tokens": 3719,
    "total_tokens": 26387,
    "total_cost": 0.33825000000000005
}