{
    "commit": "1ee97cefd8507ca4796b58f83a8272142df473c8",
    "start_epoch": 1760812665.853226,
    "end_epoch": 1760812778.035859,
    "elapsed_seconds": 112.182633,
    "model": "gpt-4-0125-preview",
    "input_cost_per_token": 1e-05,
    "output_cost_per_token": 3e-05,
    "total_input_tokens": 18763,
    "total_output_tokens": 4612,
    "total_tokens": 23375,
    "total_cost": 0.32599
}