{
    "commit": "414fa80caf360af6ff6ad36161ca5566d98766c4",
    "start_epoch": 1760694423.675342,
    "end_epoch": 1760694524.1101,
    "elapsed_seconds": 100.434758,
    "model": "gpt-4-0125-preview",
    "input_cost_per_token": 1e-05,
    "output_cost_per_token": 3e-05,
    "total_input_tokens": 43559,
    "total_output_tokens": 3824,
    "total_tokens": 47383,
    "total_cost": 0.5503100000000001
}