{
    "commit": "433bf4c683cf7596329e36f338144d52796fedeb",
    "start_epoch": 1760785499.890376,
    "end_epoch": 1760785603.556129,
    "elapsed_seconds": 103.665753,
    "model": "gpt-4-0125-preview",
    "input_cost_per_token": 1e-05,
    "output_cost_per_token": 3e-05,
    "total_input_tokens": 17304,
    "total_output_tokens": 4384,
    "total_tokens": 21688,
    "total_cost": 0.30456000000000005
}