{
    "commit": "e7f28b81a535fc01ea0ff247ee6f71ef80e80ada",
    "start_epoch": 1760720843.334447,
    "end_epoch": 1760720926.079434,
    "elapsed_seconds": 82.744987,
    "model": "gpt-4-0125-preview",
    "input_cost_per_token": 1e-05,
    "output_cost_per_token": 3e-05,
    "total_input_tokens": 14150,
    "total_output_tokens": 2939,
    "total_tokens": 17089,
    "total_cost": 0.22966999999999999
}