{
    "commit": "4ef75927ca2be94c124168ad4df6e5f3934b3fc7",
    "start_epoch": 1760755717.153998,
    "end_epoch": 1760755805.137781,
    "elapsed_seconds": 87.983783,
    "model": "gpt-4-0125-preview",
    "input_cost_per_token": 1e-05,
    "output_cost_per_token": 3e-05,
    "total_input_tokens": 12094,
    "total_output_tokens": 3168,
    "total_tokens": 15262,
    "total_cost": 0.21598
}