{
    "commit": "eb42e8737d46201a96202a3d9a23e8f7dfdc9f82",
    "start_epoch": 1760770334.042427,
    "end_epoch": 1760770384.060367,
    "elapsed_seconds": 50.01794,
    "model": "gpt-4-0125-preview",
    "input_cost_per_token": 1e-05,
    "output_cost_per_token": 3e-05,
    "total_input_tokens": 5669,
    "total_output_tokens": 1929,
    "total_tokens": 7598,
    "total_cost": 0.11456
}