{
    "commit": "3b4ec51790ac835ed3842b139234026cd644f5cf",
    "start_epoch": 1760770101.657005,
    "end_epoch": 1760770292.490436,
    "elapsed_seconds": 190.833431,
    "model": "gpt-4-0125-preview",
    "input_cost_per_token": 1e-05,
    "output_cost_per_token": 3e-05,
    "total_input_tokens": 58969,
    "total_output_tokens": 7144,
    "total_tokens": 66113,
    "total_cost": 0.8040100000000003
}