{
    "commit": "15b24b3e3519d776c5388b09e462d8b75cfac705",
    "start_epoch": 1760562070.166616,
    "end_epoch": 1760562194.912137,
    "elapsed_seconds": 124.745521,
    "model": "gpt-4-0125-preview",
    "input_cost_per_token": 1e-05,
    "output_cost_per_token": 3e-05,
    "total_input_tokens": 17987,
    "total_output_tokens": 4117,
    "total_tokens": 22104,
    "total_cost": 0.30338
}