{
    "commit": "421c10fad62d481004161cfcd9942373e9b5bc93",
    "start_epoch": 1760569705.981314,
    "end_epoch": 1760569757.419858,
    "elapsed_seconds": 51.438544,
    "model": "gpt-4-0125-preview",
    "input_cost_per_token": 1e-05,
    "output_cost_per_token": 3e-05,
    "total_input_tokens": 5559,
    "total_output_tokens": 1728,
    "total_tokens": 7287,
    "total_cost": 0.10743000000000001
}