{
    "commit": "5aae3b346fd59eb60dc1ed335f35d9ae4d65a441",
    "start_epoch": 1760755805.351422,
    "end_epoch": 1760755898.00148,
    "elapsed_seconds": 92.650058,
    "model": "gpt-4-0125-preview",
    "input_cost_per_token": 1e-05,
    "output_cost_per_token": 3e-05,
    "total_input_tokens": 30366,
    "total_output_tokens": 3456,
    "total_tokens": 33822,
    "total_cost": 0.4073400000000001
}