{
    "commit": "33addbc87d35316e950f633b8f76ea44f640c331",
    "start_epoch": 1760709684.563494,
    "end_epoch": 1760709725.283289,
    "elapsed_seconds": 40.719795,
    "model": "gpt-4-0125-preview",
    "input_cost_per_token": 1e-05,
    "output_cost_per_token": 3e-05,
    "total_input_tokens": 7320,
    "total_output_tokens": 1446,
    "total_tokens": 8766,
    "total_cost": 0.11657999999999999
}