{
    "commit": "268a7bf372febd78d9a294bd6cf589ff7efc3416",
    "start_epoch": 1760803912.364126,
    "end_epoch": 1760804141.445335,
    "elapsed_seconds": 229.081209,
    "model": "gpt-4-0125-preview",
    "input_cost_per_token": 1e-05,
    "output_cost_per_token": 3e-05,
    "total_input_tokens": 86119,
    "total_output_tokens": 7206,
    "total_tokens": 93325,
    "total_cost": 1.0773700000000002
}