{
    "commit": "c7fe30f7460b187c0c61d2fcf2f6176738b4ab30",
    "start_epoch": 1760445633.325756,
    "end_epoch": 1760445698.284677,
    "elapsed_seconds": 64.958921,
    "model": "gpt-4-0125-preview",
    "input_cost_per_token": 1e-05,
    "output_cost_per_token": 3e-05,
    "total_input_tokens": 6544,
    "total_output_tokens": 2106,
    "total_tokens": 8650,
    "total_cost": 0.12862
}