{
    "commit": "d9bdac3317018dd0070dd07a05ba830f9b34bdae",
    "start_epoch": 1760737718.913228,
    "end_epoch": 1760737781.570593,
    "elapsed_seconds": 62.657365,
    "model": "gpt-4-0125-preview",
    "input_cost_per_token": 1e-05,
    "output_cost_per_token": 3e-05,
    "total_input_tokens": 10382,
    "total_output_tokens": 2237,
    "total_tokens": 12619,
    "total_cost": 0.17093000000000003
}