{
    "commit": "df86054d4a8011c1ed4bee04423ac978da425aa7",
    "start_epoch": 1760795109.911672,
    "end_epoch": 1760795191.481663,
    "elapsed_seconds": 81.569991,
    "model": "gpt-4-0125-preview",
    "input_cost_per_token": 1e-05,
    "output_cost_per_token": 3e-05,
    "total_input_tokens": 12937,
    "total_output_tokens": 3052,
    "total_tokens": 15989,
    "total_cost": 0.22093
}