{
    "commit": "52eef0871bbe5de18cd6e65e6e6433b586fe7ddd",
    "start_epoch": 1760738556.439804,
    "end_epoch": 1760738631.986527,
    "elapsed_seconds": 75.546723,
    "model": "gpt-4-0125-preview",
    "input_cost_per_token": 1e-05,
    "output_cost_per_token": 3e-05,
    "total_input_tokens": 11337,
    "total_output_tokens": 3033,
    "total_tokens": 14370,
    "total_cost": 0.20435999999999999
}