{
    "commit": "e68c4a885d9ceebffc62f4e2825b2bb67e505752",
    "start_epoch": 1760766763.202776,
    "end_epoch": 1760766868.574908,
    "elapsed_seconds": 105.372132,
    "model": "gpt-4-0125-preview",
    "input_cost_per_token": 1e-05,
    "output_cost_per_token": 3e-05,
    "total_input_tokens": 17345,
    "total_output_tokens": 4007,
    "total_tokens": 21352,
    "total_cost": 0.29366000000000003
}