{
    "commit": "24f13d6a193a97fd5cb67a826481c4706196c24f",
    "start_epoch": 1760519198.437553,
    "end_epoch": 1760519261.058985,
    "elapsed_seconds": 62.621432,
    "model": "gpt-4-0125-preview",
    "input_cost_per_token": 1e-05,
    "output_cost_per_token": 3e-05,
    "total_input_tokens": 10545,
    "total_output_tokens": 1875,
    "total_tokens": 12420,
    "total_cost": 0.1617
}