{
    "commit": "23a7c077d3f0b2bcfccd4c5ac71d82c104bf7b22",
    "start_epoch": 1760785717.314181,
    "end_epoch": 1760785788.372863,
    "elapsed_seconds": 71.058682,
    "model": "gpt-4-0125-preview",
    "input_cost_per_token": 1e-05,
    "output_cost_per_token": 3e-05,
    "total_input_tokens": 15655,
    "total_output_tokens": 2879,
    "total_tokens": 18534,
    "total_cost": 0.24292
}