{
    "commit": "048d8c7fa28549df2b062849b1686049a96979d0",
    "start_epoch": 1760559728.888798,
    "end_epoch": 1760559827.506811,
    "elapsed_seconds": 98.618013,
    "model": "gpt-4-0125-preview",
    "input_cost_per_token": 1e-05,
    "output_cost_per_token": 3e-05,
    "total_input_tokens": 13215,
    "total_output_tokens": 3785,
    "total_tokens": 17000,
    "total_cost": 0.24570000000000003
}