{
    "commit": "94f632f31c72a42b2752c3546130e2f7fd9c190c",
    "start_epoch": 1760786126.910765,
    "end_epoch": 1760786232.798042,
    "elapsed_seconds": 105.887277,
    "model": "gpt-4-0125-preview",
    "input_cost_per_token": 1e-05,
    "output_cost_per_token": 3e-05,
    "total_input_tokens": 11491,
    "total_output_tokens": 4390,
    "total_tokens": 15881,
    "total_cost": 0.24661
}