{
    "commit": "31e058d19d786e209722f56cd87989fd1aa0aabc",
    "start_epoch": 1760709835.589421,
    "end_epoch": 1760709891.121056,
    "elapsed_seconds": 55.531635,
    "model": "gpt-4-0125-preview",
    "input_cost_per_token": 1e-05,
    "output_cost_per_token": 3e-05,
    "total_input_tokens": 14587,
    "total_output_tokens": 1764,
    "total_tokens": 16351,
    "total_cost": 0.19879000000000002
}