{
    "commit": "6b915aec2e28073b3263571562d7c76665a58ff9",
    "start_epoch": 1760550660.961629,
    "end_epoch": 1760550747.151686,
    "elapsed_seconds": 86.190057,
    "model": "gpt-4-0125-preview",
    "input_cost_per_token": 1e-05,
    "output_cost_per_token": 3e-05,
    "total_input_tokens": 14522,
    "total_output_tokens": 3076,
    "total_tokens": 17598,
    "total_cost": 0.23750000000000002
}