{
    "commit": "ba549fb3770c348ce16485bf6fa33e8f372cc34a",
    "start_epoch": 1760805877.33362,
    "end_epoch": 1760805923.555779,
    "elapsed_seconds": 46.222159,
    "model": "gpt-4-0125-preview",
    "input_cost_per_token": 1e-05,
    "output_cost_per_token": 3e-05,
    "total_input_tokens": 5621,
    "total_output_tokens": 1703,
    "total_tokens": 7324,
    "total_cost": 0.1073
}