{
    "commit": "90f883061b0ac3cb6e896a605a62dc09c283ef94",
    "start_epoch": 1760750383.926057,
    "end_epoch": 1760750431.519529,
    "elapsed_seconds": 47.593472,
    "model": "gpt-4-0125-preview",
    "input_cost_per_token": 1e-05,
    "output_cost_per_token": 3e-05,
    "total_input_tokens": 8973,
    "total_output_tokens": 1963,
    "total_tokens": 10936,
    "total_cost": 0.14861999999999997
}