{
    "commit": "095b01eac3e57b11d566cae33d893e412f7a11a3",
    "start_epoch": 1760766431.559022,
    "end_epoch": 1760766508.944313,
    "elapsed_seconds": 77.385291,
    "model": "gpt-4-0125-preview",
    "input_cost_per_token": 1e-05,
    "output_cost_per_token": 3e-05,
    "total_input_tokens": 10481,
    "total_output_tokens": 2910,
    "total_tokens": 13391,
    "total_cost": 0.19211
}