{
    "commit": "9344eb1e5eaf28afb8338aa67e67ea4d5056004d",
    "start_epoch": 1760733795.294176,
    "end_epoch": 1760733838.993342,
    "elapsed_seconds": 43.699166,
    "model": "gpt-4-0125-preview",
    "input_cost_per_token": 1e-05,
    "output_cost_per_token": 3e-05,
    "total_input_tokens": 6337,
    "total_output_tokens": 1348,
    "total_tokens": 7685,
    "total_cost": 0.10381000000000001
}