{
    "commit": "d9d6ebc9b04c5f7bb5633a9309386e17b8ea6ce3",
    "start_epoch": 1760730466.093663,
    "end_epoch": 1760730590.109076,
    "elapsed_seconds": 124.015413,
    "model": "gpt-4-0125-preview",
    "input_cost_per_token": 1e-05,
    "output_cost_per_token": 3e-05,
    "total_input_tokens": 26525,
    "total_output_tokens": 3966,
    "total_tokens": 30491,
    "total_cost": 0.38423
}