{
    "commit": "6e697d2ab87f39387a6c38c689a910905b1dd09c",
    "start_epoch": 1760584341.591658,
    "end_epoch": 1760584490.160726,
    "elapsed_seconds": 148.569068,
    "model": "gpt-4-0125-preview",
    "input_cost_per_token": 1e-05,
    "output_cost_per_token": 3e-05,
    "total_input_tokens": 30366,
    "total_output_tokens": 4045,
    "total_tokens": 34411,
    "total_cost": 0.42501000000000005
}