{
    "commit": "9e945c8ed974babb2bc16d40717c9c731c991c09",
    "start_epoch": 1760809925.781409,
    "end_epoch": 1760810018.456899,
    "elapsed_seconds": 92.67549,
    "model": "gpt-4-0125-preview",
    "input_cost_per_token": 1e-05,
    "output_cost_per_token": 3e-05,
    "total_input_tokens": 11240,
    "total_output_tokens": 3691,
    "total_tokens": 14931,
    "total_cost": 0.22313
}