{
    "commit": "48b6ef1ae1a68cb89fba160ae0c995b6c613ea9e",
    "start_epoch": 1760698046.272963,
    "end_epoch": 1760698114.851178,
    "elapsed_seconds": 68.578215,
    "model": "gpt-4-0125-preview",
    "input_cost_per_token": 1e-05,
    "output_cost_per_token": 3e-05,
    "total_input_tokens": 6859,
    "total_output_tokens": 2520,
    "total_tokens": 9379,
    "total_cost": 0.14418999999999998
}