{
    "commit": "75225e4f460d868d5dc552db5be3677e8ac82670",
    "start_epoch": 1760782957.583089,
    "end_epoch": 1760783017.566448,
    "elapsed_seconds": 59.983359,
    "model": "gpt-4-0125-preview",
    "input_cost_per_token": 1e-05,
    "output_cost_per_token": 3e-05,
    "total_input_tokens": 6407,
    "total_output_tokens": 2153,
    "total_tokens": 8560,
    "total_cost": 0.12866000000000002
}