{
    "commit": "49123bc4d3da99ed5a121f945e901ccb786fee7e",
    "start_epoch": 1760812822.120463,
    "end_epoch": 1760812922.414065,
    "elapsed_seconds": 100.293602,
    "model": "gpt-4-0125-preview",
    "input_cost_per_token": 1e-05,
    "output_cost_per_token": 3e-05,
    "total_input_tokens": 11383,
    "total_output_tokens": 4190,
    "total_tokens": 15573,
    "total_cost": 0.23953000000000002
}