{
    "commit": "c731bdaf5c244f5a158494b1efb4558bafe9b3a4",
    "start_epoch": 1760536211.268593,
    "end_epoch": 1760536337.875892,
    "elapsed_seconds": 126.607299,
    "model": "gpt-4-0125-preview",
    "input_cost_per_token": 1e-05,
    "output_cost_per_token": 3e-05,
    "total_input_tokens": 16818,
    "total_output_tokens": 3567,
    "total_tokens": 20385,
    "total_cost": 0.27519
}