{
    "commit": "174f7518d1f2d502af9818bb8e67fb97cba81492",
    "start_epoch": 1760786914.150352,
    "end_epoch": 1760786958.420186,
    "elapsed_seconds": 44.269834,
    "model": "gpt-4-0125-preview",
    "input_cost_per_token": 1e-05,
    "output_cost_per_token": 3e-05,
    "total_input_tokens": 5441,
    "total_output_tokens": 1578,
    "total_tokens": 7019,
    "total_cost": 0.10175000000000001
}