{
    "commit": "03fb44c7d76604ad4dce76bd59ee788023792755",
    "start_epoch": 1760534688.317707,
    "end_epoch": 1760534727.17185,
    "elapsed_seconds": 38.854143,
    "model": "gpt-4-0125-preview",
    "input_cost_per_token": 1e-05,
    "output_cost_per_token": 3e-05,
    "total_input_tokens": 4132,
    "total_output_tokens": 922,
    "total_tokens": 5054,
    "total_cost": 0.06898
}