{
    "commit": "4a8c7ad3377d96c3991e01c000534feabb864e49",
    "start_epoch": 1760748569.746056,
    "end_epoch": 1760748609.115447,
    "elapsed_seconds": 39.369391,
    "model": "gpt-4-0125-preview",
    "input_cost_per_token": 1e-05,
    "output_cost_per_token": 3e-05,
    "total_input_tokens": 8140,
    "total_output_tokens": 1238,
    "total_tokens": 9378,
    "total_cost": 0.11854
}