{
    "commit": "5ae1b1f7a89cdce91744e43ff3005740a2507615",
    "start_epoch": 1760538650.090532,
    "end_epoch": 1760538749.664151,
    "elapsed_seconds": 99.573619,
    "model": "gpt-4-0125-preview",
    "input_cost_per_token": 1e-05,
    "output_cost_per_token": 3e-05,
    "total_input_tokens": 21115,
    "total_output_tokens": 3106,
    "total_tokens": 24221,
    "total_cost": 0.30433
}