{
    "commit": "d6f80c600ca0080e27de823a32496907a7b4a610",
    "start_epoch": 1760553617.846139,
    "end_epoch": 1760553668.849983,
    "elapsed_seconds": 51.003844,
    "model": "gpt-4-0125-preview",
    "input_cost_per_token": 1e-05,
    "output_cost_per_token": 3e-05,
    "total_input_tokens": 8067,
    "total_output_tokens": 1672,
    "total_tokens": 9739,
    "total_cost": 0.13083
}