{
    "commit": "b0122a979c558c7dbf73eac64680ecefda2cc380",
    "start_epoch": 1760778366.855686,
    "end_epoch": 1760778417.603756,
    "elapsed_seconds": 50.74807,
    "model": "gpt-4-0125-preview",
    "input_cost_per_token": 1e-05,
    "output_cost_per_token": 3e-05,
    "total_input_tokens": 7152,
    "total_output_tokens": 1610,
    "total_tokens": 8762,
    "total_cost": 0.11982000000000001
}