{
    "commit": "ca4b7b68508febbec99c7e434eec6eb4036dc308",
    "start_epoch": 1760525481.789233,
    "end_epoch": 1760525603.473085,
    "elapsed_seconds": 121.683852,
    "model": "gpt-4-0125-preview",
    "input_cost_per_token": 1e-05,
    "output_cost_per_token": 3e-05,
    "total_input_tokens": 19523,
    "total_output_tokens": 4864,
    "total_tokens": 24387,
    "total_cost": 0.34115
}