{
    "commit": "3e1d563d0e21fe74fac200dac737ca3a590cbf2e",
    "start_epoch": 1760564404.144337,
    "end_epoch": 1760564457.551504,
    "elapsed_seconds": 53.407167,
    "model": "gpt-4-0125-preview",
    "input_cost_per_token": 1e-05,
    "output_cost_per_token": 3e-05,
    "total_input_tokens": 17079,
    "total_output_tokens": 2044,
    "total_tokens": 19123,
    "total_cost": 0.23211
}