{
    "commit": "6936fff0da010f799ab739545398eb55f82cd876",
    "start_epoch": 1760753347.972351,
    "end_epoch": 1760753394.085858,
    "elapsed_seconds": 46.113507,
    "model": "gpt-4-0125-preview",
    "input_cost_per_token": 1e-05,
    "output_cost_per_token": 3e-05,
    "total_input_tokens": 6827,
    "total_output_tokens": 1736,
    "total_tokens": 8563,
    "total_cost": 0.12035000000000003
}