{
    "commit": "edc6305ea81eda2d632b140e00d289b02a6bc348",
    "start_epoch": 1760549994.10873,
    "end_epoch": 1760550044.105596,
    "elapsed_seconds": 49.996866,
    "model": "gpt-4-0125-preview",
    "input_cost_per_token": 1e-05,
    "output_cost_per_token": 3e-05,
    "total_input_tokens": 6489,
    "total_output_tokens": 1867,
    "total_tokens": 8356,
    "total_cost": 0.12090000000000001
}