{
    "commit": "b8c2f243d6da20622651a53e8bac6776a4596eac",
    "start_epoch": 1760531213.11918,
    "end_epoch": 1760531346.407972,
    "elapsed_seconds": 133.288792,
    "model": "gpt-4-0125-preview",
    "input_cost_per_token": 1e-05,
    "output_cost_per_token": 3e-05,
    "total_input_tokens": 17399,
    "total_output_tokens": 4460,
    "total_tokens": 21859,
    "total_cost": 0.30779
}