{
    "commit": "c64f55ccb9087eb1b4fb76872aec1b7f2eff7e54",
    "start_epoch": 1760793722.989296,
    "end_epoch": 1760793769.982317,
    "elapsed_seconds": 46.993021,
    "model": "gpt-4-0125-preview",
    "input_cost_per_token": 1e-05,
    "output_cost_per_token": 3e-05,
    "total_input_tokens": 6183,
    "total_output_tokens": 1660,
    "total_tokens": 7843,
    "total_cost": 0.11163
}