{
    "commit": "104eb532ee9a6d8f2667a59adcd82c8c65398c97",
    "start_epoch": 1760551608.114893,
    "end_epoch": 1760551662.233772,
    "elapsed_seconds": 54.118879,
    "model": "gpt-4-0125-preview",
    "input_cost_per_token": 1e-05,
    "output_cost_per_token": 3e-05,
    "total_input_tokens": 6401,
    "total_output_tokens": 1817,
    "total_tokens": 8218,
    "total_cost": 0.11852
}