{
    "commit": "4fcc13dc3fed57073bcae619ddece8e86aedebd6",
    "start_epoch": 1760538388.455045,
    "end_epoch": 1760538453.273344,
    "elapsed_seconds": 64.818299,
    "model": "gpt-4-0125-preview",
    "input_cost_per_token": 1e-05,
    "output_cost_per_token": 3e-05,
    "total_input_tokens": 10495,
    "total_output_tokens": 1888,
    "total_tokens": 12383,
    "total_cost": 0.16159
}