{
    "commit": "7af7816cdb8b40c562f9bffb805b5ecca915d74c",
    "start_epoch": 1760581810.106921,
    "end_epoch": 1760581906.541337,
    "elapsed_seconds": 96.434416,
    "model": "gpt-4-0125-preview",
    "input_cost_per_token": 1e-05,
    "output_cost_per_token": 3e-05,
    "total_input_tokens": 20859,
    "total_output_tokens": 3220,
    "total_tokens": 24079,
    "total_cost": 0.3051900000000001
}