{
    "commit": "76702290c14692da65b3682985c54874b9775fc5",
    "start_epoch": 1760811348.619932,
    "end_epoch": 1760811406.978722,
    "elapsed_seconds": 58.35879,
    "model": "gpt-4-0125-preview",
    "input_cost_per_token": 1e-05,
    "output_cost_per_token": 3e-05,
    "total_input_tokens": 10517,
    "total_output_tokens": 2031,
    "total_tokens": 12548,
    "total_cost": 0.16610000000000003
}