{
    "commit": "653a7b01be911c7382ac880acfbdd8105badc740",
    "start_epoch": 1760575877.720009,
    "end_epoch": 1760576013.455714,
    "elapsed_seconds": 135.735705,
    "model": "gpt-4-0125-preview",
    "input_cost_per_token": 1e-05,
    "output_cost_per_token": 3e-05,
    "total_input_tokens": 47619,
    "total_output_tokens": 4129,
    "total_tokens": 51748,
    "total_cost": 0.6000599999999998
}