{
    "commit": "e26bcca5e15e8a335ffc7bf635c9825d2d44ba22",
    "start_epoch": 1760568850.049019,
    "end_epoch": 1760568933.964091,
    "elapsed_seconds": 83.915072,
    "model": "gpt-4-0125-preview",
    "input_cost_per_token": 1e-05,
    "output_cost_per_token": 3e-05,
    "total_input_tokens": 9385,
    "total_output_tokens": 3505,
    "total_tokens": 12890,
    "total_cost": 0.199
}