{
    "commit": "8e38a4266a57a83e8d43b5c53e5fd54ab3c6dbd4",
    "start_epoch": 1760817906.530569,
    "end_epoch": 1760817960.365284,
    "elapsed_seconds": 53.834715,
    "model": "gpt-4-0125-preview",
    "input_cost_per_token": 1e-05,
    "output_cost_per_token": 3e-05,
    "total_input_tokens": 6805,
    "total_output_tokens": 1894,
    "total_tokens": 8699,
    "total_cost": 0.12487000000000002
}