{
    "commit": "68a4a5c95074d673727a27570dab93ec5abf3028",
    "start_epoch": 1760568934.092188,
    "end_epoch": 1760569013.708965,
    "elapsed_seconds": 79.616777,
    "model": "gpt-4-0125-preview",
    "input_cost_per_token": 1e-05,
    "output_cost_per_token": 3e-05,
    "total_input_tokens": 14349,
    "total_output_tokens": 3052,
    "total_tokens": 17401,
    "total_cost": 0.23505000000000004
}