{
    "commit": "9fd7b414e085e37e932681d939a8ee782a35b89c",
    "start_epoch": 1760805128.915674,
    "end_epoch": 1760805241.916507,
    "elapsed_seconds": 113.000833,
    "model": "gpt-4-0125-preview",
    "input_cost_per_token": 1e-05,
    "output_cost_per_token": 3e-05,
    "total_input_tokens": 27810,
    "total_output_tokens": 4560,
    "total_tokens": 32370,
    "total_cost": 0.4149
}