{
    "commit": "78d02874248e3d4b39ecd05c68db61ef697cca17",
    "start_epoch": 1760766198.403362,
    "end_epoch": 1760766245.803719,
    "elapsed_seconds": 47.400357,
    "model": "gpt-4-0125-preview",
    "input_cost_per_token": 1e-05,
    "output_cost_per_token": 3e-05,
    "total_input_tokens": 5168,
    "total_output_tokens": 1757,
    "total_tokens": 6925,
    "total_cost": 0.10439000000000001
}