{
    "commit": "74c57ff1062deb062ee168eb1181311d05989f0a",
    "start_epoch": 1760534263.180604,
    "end_epoch": 1760534329.533874,
    "elapsed_seconds": 66.35327,
    "model": "gpt-4-0125-preview",
    "input_cost_per_token": 1e-05,
    "output_cost_per_token": 3e-05,
    "total_input_tokens": 6022,
    "total_output_tokens": 2028,
    "total_tokens": 8050,
    "total_cost": 0.12106000000000001
}