{
    "commit": "37edb9a6c226fae0ea0858fdf0a9beca07bfa3c3",
    "start_epoch": 1760720037.460668,
    "end_epoch": 1760720089.099106,
    "elapsed_seconds": 51.638438,
    "model": "gpt-4-0125-preview",
    "input_cost_per_token": 1e-05,
    "output_cost_per_token": 3e-05,
    "total_input_tokens": 12425,
    "total_output_tokens": 1806,
    "total_tokens": 14231,
    "total_cost": 0.17843
}