{
    "commit": "c3286e1c2bafaecb0f4d8ba43f2ddf0dcf73001f",
    "start_epoch": 1760523392.472124,
    "end_epoch": 1760523527.586162,
    "elapsed_seconds": 135.114038,
    "model": "gpt-4-0125-preview",
    "input_cost_per_token": 1e-05,
    "output_cost_per_token": 3e-05,
    "total_input_tokens": 19589,
    "total_output_tokens": 4202,
    "total_tokens": 23791,
    "total_cost": 0.32195
}