{
    "commit": "5eb6ceed97d0c7d837f272e76e56951a7cb25b82",
    "start_epoch": 1760738390.284662,
    "end_epoch": 1760738469.159664,
    "elapsed_seconds": 78.875002,
    "model": "gpt-4-0125-preview",
    "input_cost_per_token": 1e-05,
    "output_cost_per_token": 3e-05,
    "total_input_tokens": 31971,
    "total_output_tokens": 2846,
    "total_tokens": 34817,
    "total_cost": 0.40509000000000006
}