{
    "commit": "117423e6c9916a42afff51ba4dd88aa50768e924",
    "start_epoch": 1760755033.614007,
    "end_epoch": 1760755083.76201,
    "elapsed_seconds": 50.148003,
    "model": "gpt-4-0125-preview",
    "input_cost_per_token": 1e-05,
    "output_cost_per_token": 3e-05,
    "total_input_tokens": 7009,
    "total_output_tokens": 1642,
    "total_tokens": 8651,
    "total_cost": 0.11935
}