{
    "commit": "d3cf9dfbc300e289f65849f288d3b2cb42bc4605",
    "start_epoch": 1760501473.508966,
    "end_epoch": 1760501519.567869,
    "elapsed_seconds": 46.058903,
    "model": "gpt-4-0125-preview",
    "input_cost_per_token": 1e-05,
    "output_cost_per_token": 3e-05,
    "total_input_tokens": 34487,
    "total_output_tokens": 1419,
    "total_tokens": 35906,
    "total_cost": 0.38744000000000006
}