{
    "commit": "2c8d3f329937da173d3743d10678f92efd73308c",
    "start_epoch": 1760758729.007099,
    "end_epoch": 1760758778.860509,
    "elapsed_seconds": 49.85341,
    "model": "gpt-4-0125-preview",
    "input_cost_per_token": 1e-05,
    "output_cost_per_token": 3e-05,
    "total_input_tokens": 6954,
    "total_output_tokens": 1867,
    "total_tokens": 8821,
    "total_cost": 0.12555
}