{
    "commit": "bfea91f5c76ff8090a69db7f6f232b58631f04e0",
    "start_epoch": 1760722160.742289,
    "end_epoch": 1760722240.426626,
    "elapsed_seconds": 79.684337,
    "model": "gpt-4-0125-preview",
    "input_cost_per_token": 1e-05,
    "output_cost_per_token": 3e-05,
    "total_input_tokens": 20826,
    "total_output_tokens": 2767,
    "total_tokens": 23593,
    "total_cost": 0.29127000000000003
}