{
    "commit": "3f1df5c0a20a478f5d52a5affa7a2fe33b77d5e5",
    "start_epoch": 1760745623.106075,
    "end_epoch": 1760745665.175675,
    "elapsed_seconds": 42.0696,
    "model": "gpt-4-0125-preview",
    "input_cost_per_token": 1e-05,
    "output_cost_per_token": 3e-05,
    "total_input_tokens": 4845,
    "total_output_tokens": 1239,
    "total_tokens": 6084,
    "total_cost": 0.08562
}