{
    "commit": "859345b82f0ab27baef81dbdb21bee396dcff5f6",
    "start_epoch": 1760576748.554736,
    "end_epoch": 1760576891.404539,
    "elapsed_seconds": 142.849803,
    "model": "gpt-4-0125-preview",
    "input_cost_per_token": 1e-05,
    "output_cost_per_token": 3e-05,
    "total_input_tokens": 20743,
    "total_output_tokens": 5835,
    "total_tokens": 26578,
    "total_cost": 0.38248000000000004
}