{
    "commit": "4c181f6291f809e285da0d878df51864dbec0fb5",
    "start_epoch": 1760516643.995217,
    "end_epoch": 1760516771.884841,
    "elapsed_seconds": 127.889624,
    "model": "gpt-4-0125-preview",
    "input_cost_per_token": 1e-05,
    "output_cost_per_token": 3e-05,
    "total_input_tokens": 52599,
    "total_output_tokens": 4380,
    "total_tokens": 56979,
    "total_cost": 0.65739
}