{
    "commit": "a60c673a41535f612570b02c0388a2d89e5c3a79",
    "start_epoch": 1760570305.252191,
    "end_epoch": 1760570347.900805,
    "elapsed_seconds": 42.648614,
    "model": "gpt-4-0125-preview",
    "input_cost_per_token": 1e-05,
    "output_cost_per_token": 3e-05,
    "total_input_tokens": 7786,
    "total_output_tokens": 1805,
    "total_tokens": 9591,
    "total_cost": 0.13201000000000002
}