{
    "commit": "68a12ef6810db9b345e6ff61dae9c711df1b9c5e",
    "start_epoch": 1760720722.736232,
    "end_epoch": 1760720843.209356,
    "elapsed_seconds": 120.473124,
    "model": "gpt-4-0125-preview",
    "input_cost_per_token": 1e-05,
    "output_cost_per_token": 3e-05,
    "total_input_tokens": 24422,
    "total_output_tokens": 4388,
    "total_tokens": 28810,
    "total_cost": 0.37585999999999997
}