{
    "commit": "a57b3055060da7a652453479d5541ebf1fa5fc1f",
    "start_epoch": 1760710335.784503,
    "end_epoch": 1760710424.693424,
    "elapsed_seconds": 88.908921,
    "model": "gpt-4-0125-preview",
    "input_cost_per_token": 1e-05,
    "output_cost_per_token": 3e-05,
    "total_input_tokens": 12544,
    "total_output_tokens": 3280,
    "total_tokens": 15824,
    "total_cost": 0.22384000000000004
}