{
    "commit": "13329b3374923fc48446fa24c30649d089d7f359",
    "start_epoch": 1760724014.925994,
    "end_epoch": 1760724162.462052,
    "elapsed_seconds": 147.536058,
    "model": "gpt-4-0125-preview",
    "input_cost_per_token": 1e-05,
    "output_cost_per_token": 3e-05,
    "total_input_tokens": 24828,
    "total_output_tokens": 5151,
    "total_tokens": 29979,
    "total_cost": 0.40280999999999995
}