{
    "commit": "705c49c31961d9263c8e7e6854647d432906b035",
    "start_epoch": 1760520861.749631,
    "end_epoch": 1760521127.091182,
    "elapsed_seconds": 265.341551,
    "model": "gpt-4-0125-preview",
    "input_cost_per_token": 1e-05,
    "output_cost_per_token": 3e-05,
    "total_input_tokens": 48441,
    "total_output_tokens": 8260,
    "total_tokens": 56701,
    "total_cost": 0.7322100000000001
}