{
    "commit": "88285daaf6f0423e06ade1bb96b25f5da0df260c",
    "start_epoch": 1760740917.0866,
    "end_epoch": 1760740956.78344,
    "elapsed_seconds": 39.69684,
    "model": "gpt-4-0125-preview",
    "input_cost_per_token": 1e-05,
    "output_cost_per_token": 3e-05,
    "total_input_tokens": 5298,
    "total_output_tokens": 1428,
    "total_tokens": 6726,
    "total_cost": 0.09582
}