{
    "commit": "c011b3f417afe32ebca54cdcc1aac0368c67a2ab",
    "start_epoch": 1760766245.964389,
    "end_epoch": 1760766287.913241,
    "elapsed_seconds": 41.948852,
    "model": "gpt-4-0125-preview",
    "input_cost_per_token": 1e-05,
    "output_cost_per_token": 3e-05,
    "total_input_tokens": 5908,
    "total_output_tokens": 1556,
    "total_tokens": 7464,
    "total_cost": 0.10576000000000002
}