{
    "commit": "265ad3775f400d6570dc9824f5d6dca53b3bc581",
    "start_epoch": 1760778173.101382,
    "end_epoch": 1760778366.647821,
    "elapsed_seconds": 193.546439,
    "model": "gpt-4-0125-preview",
    "input_cost_per_token": 1e-05,
    "output_cost_per_token": 3e-05,
    "total_input_tokens": 71871,
    "total_output_tokens": 2651,
    "total_tokens": 74522,
    "total_cost": 0.7982399999999991
}