{
    "commit": "5462187a8a52e500efcad39c86fec56033a35194",
    "start_epoch": 1760579306.96089,
    "end_epoch": 1760579387.896658,
    "elapsed_seconds": 80.935768,
    "model": "gpt-4-0125-preview",
    "input_cost_per_token": 1e-05,
    "output_cost_per_token": 3e-05,
    "total_input_tokens": 26549,
    "total_output_tokens": 2536,
    "total_tokens": 29085,
    "total_cost": 0.34157000000000004
}