{
    "commit": "e32e8e100b08fe49300204d753987e892022691a",
    "start_epoch": 1760499756.172495,
    "end_epoch": 1760499824.950344,
    "elapsed_seconds": 68.777849,
    "model": "gpt-4-0125-preview",
    "input_cost_per_token": 1e-05,
    "output_cost_per_token": 3e-05,
    "total_input_tokens": 9381,
    "total_output_tokens": 2543,
    "total_tokens": 11924,
    "total_cost": 0.1701
}