{
    "commit": "2a359fb00359bdcd38746f3025e01fe1e864ba0c",
    "start_epoch": 1760739813.238794,
    "end_epoch": 1760739852.162232,
    "elapsed_seconds": 38.923438,
    "model": "gpt-4-0125-preview",
    "input_cost_per_token": 1e-05,
    "output_cost_per_token": 3e-05,
    "total_input_tokens": 5359,
    "total_output_tokens": 1359,
    "total_tokens": 6718,
    "total_cost": 0.09436000000000001
}