{
    "commit": "beeb2344a34b8daaba5a2fd9d62087f5a87f01d1",
    "start_epoch": 1760794244.556056,
    "end_epoch": 1760794286.893198,
    "elapsed_seconds": 42.337142,
    "model": "gpt-4-0125-preview",
    "input_cost_per_token": 1e-05,
    "output_cost_per_token": 3e-05,
    "total_input_tokens": 6444,
    "total_output_tokens": 1559,
    "total_tokens": 8003,
    "total_cost": 0.11121000000000003
}