{
    "commit": "3614c49813575a3bc4701ea2771b9bde58c70fa2",
    "start_epoch": 1760534431.575425,
    "end_epoch": 1760534542.797706,
    "elapsed_seconds": 111.222281,
    "model": "gpt-4-0125-preview",
    "input_cost_per_token": 1e-05,
    "output_cost_per_token": 3e-05,
    "total_input_tokens": 12267,
    "total_output_tokens": 2942,
    "total_tokens": 15209,
    "total_cost": 0.21093000000000003
}