{
    "commit": "832dada503e18523c750ae1c64a5cd0e8743cd21",
    "start_epoch": 1760499181.294869,
    "end_epoch": 1760499222.700286,
    "elapsed_seconds": 41.405417,
    "model": "gpt-4-0125-preview",
    "input_cost_per_token": 1e-05,
    "output_cost_per_token": 3e-05,
    "total_input_tokens": 7594,
    "total_output_tokens": 1487,
    "total_tokens": 9081,
    "total_cost": 0.12054999999999999
}