{
    "commit": "86a31afecf57439a110b52179578c70c587ae180",
    "start_epoch": 1760754383.906594,
    "end_epoch": 1760754430.362779,
    "elapsed_seconds": 46.456185,
    "model": "gpt-4-0125-preview",
    "input_cost_per_token": 1e-05,
    "output_cost_per_token": 3e-05,
    "total_input_tokens": 7937,
    "total_output_tokens": 1744,
    "total_tokens": 9681,
    "total_cost": 0.13169
}