{
    "commit": "aadcff8606b9d6909255ec9e9f1f30b747ae76b3",
    "start_epoch": 1760802513.201668,
    "end_epoch": 1760802596.563595,
    "elapsed_seconds": 83.361927,
    "model": "gpt-4-0125-preview",
    "input_cost_per_token": 1e-05,
    "output_cost_per_token": 3e-05,
    "total_input_tokens": 17040,
    "total_output_tokens": 3210,
    "total_tokens": 20250,
    "total_cost": 0.26670000000000005
}