{
    "commit": "52d7215c0e9e437bd3ef1b369229a42a51786ee9",
    "start_epoch": 1760547133.645031,
    "end_epoch": 1760547229.510825,
    "elapsed_seconds": 95.865794,
    "model": "gpt-4-0125-preview",
    "input_cost_per_token": 1e-05,
    "output_cost_per_token": 3e-05,
    "total_input_tokens": 16165,
    "total_output_tokens": 3649,
    "total_tokens": 19814,
    "total_cost": 0.27112
}