{
    "commit": "fdb27a09c8b7ed4532d393358394dba18dacc5f8",
    "start_epoch": 1760754688.345567,
    "end_epoch": 1760754833.949691,
    "elapsed_seconds": 145.604124,
    "model": "gpt-4-0125-preview",
    "input_cost_per_token": 1e-05,
    "output_cost_per_token": 3e-05,
    "total_input_tokens": 24678,
    "total_output_tokens": 5603,
    "total_tokens": 30281,
    "total_cost": 0.41487
}