{
    "commit": "b9b58c4a28f5addf58d843c844178661c48eefbd",
    "start_epoch": 1760785180.718314,
    "end_epoch": 1760785221.109184,
    "elapsed_seconds": 40.39087,
    "model": "gpt-4-0125-preview",
    "input_cost_per_token": 1e-05,
    "output_cost_per_token": 3e-05,
    "total_input_tokens": 11260,
    "total_output_tokens": 1413,
    "total_tokens": 12673,
    "total_cost": 0.15499000000000002
}