{
    "commit": "e4a156c40cbe6f11265857da6a223c3a98072928",
    "start_epoch": 1760536592.30953,
    "end_epoch": 1760536651.487185,
    "elapsed_seconds": 59.177655,
    "model": "gpt-4-0125-preview",
    "input_cost_per_token": 1e-05,
    "output_cost_per_token": 3e-05,
    "total_input_tokens": 6949,
    "total_output_tokens": 1754,
    "total_tokens": 8703,
    "total_cost": 0.12211
}