{
    "commit": "883f5c9db74a55fc404df1bbda9cf8e8a7c4b97a",
    "start_epoch": 1760761391.194339,
    "end_epoch": 1760761530.327524,
    "elapsed_seconds": 139.133185,
    "model": "gpt-4-0125-preview",
    "input_cost_per_token": 1e-05,
    "output_cost_per_token": 3e-05,
    "total_input_tokens": 26056,
    "total_output_tokens": 5231,
    "total_tokens": 31287,
    "total_cost": 0.41749
}