{
    "commit": "22f628434ea45b99ecf1ba8e8684f5b8ee4fdb2d",
    "start_epoch": 1760560033.993622,
    "end_epoch": 1760560095.046787,
    "elapsed_seconds": 61.053165,
    "model": "gpt-4-0125-preview",
    "input_cost_per_token": 1e-05,
    "output_cost_per_token": 3e-05,
    "total_input_tokens": 7068,
    "total_output_tokens": 2169,
    "total_tokens": 9237,
    "total_cost": 0.13575
}