{
    "commit": "3dc3b21d9db600e767720cc1be5006a20c31e584",
    "start_epoch": 1760813534.807713,
    "end_epoch": 1760813807.0745,
    "elapsed_seconds": 272.266787,
    "model": "gpt-4-0125-preview",
    "input_cost_per_token": 1e-05,
    "output_cost_per_token": 3e-05,
    "total_input_tokens": 107034,
    "total_output_tokens": 6517,
    "total_tokens": 113551,
    "total_cost": 1.2658500000000004
}