{
    "commit": "cf1d291ff9c07d1059c94da8315e84d4a946d9bc",
    "start_epoch": 1760704994.521831,
    "end_epoch": 1760705035.176385,
    "elapsed_seconds": 40.654554,
    "model": "gpt-4-0125-preview",
    "input_cost_per_token": 1e-05,
    "output_cost_per_token": 3e-05,
    "total_input_tokens": 5024,
    "total_output_tokens": 1530,
    "total_tokens": 6554,
    "total_cost": 0.09614
}