{
    "commit": "9fac062212ededa4950aa4042a100fc7931cb6c9",
    "start_epoch": 1760554968.073911,
    "end_epoch": 1760555022.679857,
    "elapsed_seconds": 54.605946,
    "model": "gpt-4-0125-preview",
    "input_cost_per_token": 1e-05,
    "output_cost_per_token": 3e-05,
    "total_input_tokens": 9489,
    "total_output_tokens": 2052,
    "total_tokens": 11541,
    "total_cost": 0.15645000000000003
}