{
    "commit": "3503bd580641a6f74da2091e888f4645ea55be7a",
    "start_epoch": 1760771571.536032,
    "end_epoch": 1760771652.609589,
    "elapsed_seconds": 81.073557,
    "model": "gpt-4-0125-preview",
    "input_cost_per_token": 1e-05,
    "output_cost_per_token": 3e-05,
    "total_input_tokens": 16807,
    "total_output_tokens": 2498,
    "total_tokens": 19305,
    "total_cost": 0.24301
}