{
    "commit": "65035dc2728f59b0439fc5a9b0fe2c640726f6fc",
    "start_epoch": 1760573702.47498,
    "end_epoch": 1760573810.839093,
    "elapsed_seconds": 108.364113,
    "model": "gpt-4-0125-preview",
    "input_cost_per_token": 1e-05,
    "output_cost_per_token": 3e-05,
    "total_input_tokens": 21845,
    "total_output_tokens": 4037,
    "total_tokens": 25882,
    "total_cost": 0.33956000000000003
}