{
    "commit": "035f12023b4ad9bebf2abbdfb0f42096a652df8a",
    "start_epoch": 1760715286.881911,
    "end_epoch": 1760715365.262917,
    "elapsed_seconds": 78.381006,
    "model": "gpt-4-0125-preview",
    "input_cost_per_token": 1e-05,
    "output_cost_per_token": 3e-05,
    "total_input_tokens": 21679,
    "total_output_tokens": 2972,
    "total_tokens": 24651,
    "total_cost": 0.30595
}