{
    "commit": "b88da245565776e55630b20a609366298bf501ce",
    "start_epoch": 1760778051.579083,
    "end_epoch": 1760778123.96132,
    "elapsed_seconds": 72.382237,
    "model": "gpt-4-0125-preview",
    "input_cost_per_token": 1e-05,
    "output_cost_per_token": 3e-05,
    "total_input_tokens": 6552,
    "total_output_tokens": 2408,
    "total_tokens": 8960,
    "total_cost": 0.13776
}