{
    "commit": "1fd59ab15f9553da57d45771d08245641e241639",
    "start_epoch": 1760753146.297158,
    "end_epoch": 1760753293.68783,
    "elapsed_seconds": 147.390672,
    "model": "gpt-4-0125-preview",
    "input_cost_per_token": 1e-05,
    "output_cost_per_token": 3e-05,
    "total_input_tokens": 31942,
    "total_output_tokens": 5312,
    "total_tokens": 37254,
    "total_cost": 0.47878
}