{
    "commit": "502e0591db17a22e0861aac0e08aa5d8d0751ce5",
    "start_epoch": 1760535480.889631,
    "end_epoch": 1760535552.141496,
    "elapsed_seconds": 71.251865,
    "model": "gpt-4-0125-preview",
    "input_cost_per_token": 1e-05,
    "output_cost_per_token": 3e-05,
    "total_input_tokens": 10003,
    "total_output_tokens": 2135,
    "total_tokens": 12138,
    "total_cost": 0.16408
}