{
    "commit": "348bcbb710d0cdb479f414b300445b7a89b1d4ad",
    "start_epoch": 1760498456.931479,
    "end_epoch": 1760498514.227989,
    "elapsed_seconds": 57.29651,
    "model": "gpt-4-0125-preview",
    "input_cost_per_token": 1e-05,
    "output_cost_per_token": 3e-05,
    "total_input_tokens": 6536,
    "total_output_tokens": 2003,
    "total_tokens": 8539,
    "total_cost": 0.12545
}