{
    "commit": "ee45e6f8630bebbfa299709f777d596761e64eeb",
    "start_epoch": 1760573143.073835,
    "end_epoch": 1760573255.731511,
    "elapsed_seconds": 112.657676,
    "model": "gpt-4-0125-preview",
    "input_cost_per_token": 1e-05,
    "output_cost_per_token": 3e-05,
    "total_input_tokens": 14452,
    "total_output_tokens": 3274,
    "total_tokens": 17726,
    "total_cost": 0.24274
}