{
    "commit": "957daea532a9e0871a24d6ab6dbe570d6dffd3b3",
    "start_epoch": 1760570230.115047,
    "end_epoch": 1760570305.137072,
    "elapsed_seconds": 75.022025,
    "model": "gpt-4-0125-preview",
    "input_cost_per_token": 1e-05,
    "output_cost_per_token": 3e-05,
    "total_input_tokens": 10903,
    "total_output_tokens": 2929,
    "total_tokens": 13832,
    "total_cost": 0.1969
}