{
    "commit": "bea65ce7f5edcbcddb04fb16b755c37887cb8aa3",
    "start_epoch": 1760718175.570156,
    "end_epoch": 1760718320.133671,
    "elapsed_seconds": 144.563515,
    "model": "gpt-4-0125-preview",
    "input_cost_per_token": 1e-05,
    "output_cost_per_token": 3e-05,
    "total_input_tokens": 21826,
    "total_output_tokens": 5479,
    "total_tokens": 27305,
    "total_cost": 0.38263000000000014
}