{
    "commit": "f35f04ea45bb65ae81c2db4b267cbce831e5170d",
    "start_epoch": 1760583174.965681,
    "end_epoch": 1760583265.710643,
    "elapsed_seconds": 90.744962,
    "model": "gpt-4-0125-preview",
    "input_cost_per_token": 1e-05,
    "output_cost_per_token": 3e-05,
    "total_input_tokens": 16563,
    "total_output_tokens": 3317,
    "total_tokens": 19880,
    "total_cost": 0.26514
}