{
    "commit": "c4e327bcdd2774cb5391c2a9e30f69ce69c482bc",
    "start_epoch": 1760543356.848179,
    "end_epoch": 1760543409.869538,
    "elapsed_seconds": 53.021359,
    "model": "gpt-4-0125-preview",
    "input_cost_per_token": 1e-05,
    "output_cost_per_token": 3e-05,
    "total_input_tokens": 7586,
    "total_output_tokens": 1678,
    "total_tokens": 9264,
    "total_cost": 0.1262
}