{
    "commit": "223945c3fe379957efffed7874835009fe4598fa",
    "start_epoch": 1760516176.459276,
    "end_epoch": 1760516269.068615,
    "elapsed_seconds": 92.609339,
    "model": "gpt-4-0125-preview",
    "input_cost_per_token": 1e-05,
    "output_cost_per_token": 3e-05,
    "total_input_tokens": 12974,
    "total_output_tokens": 3239,
    "total_tokens": 16213,
    "total_cost": 0.22691
}