{
    "commit": "a203e38b29cce6cdccaf43e310409b8fefe68356",
    "start_epoch": 1760565883.406879,
    "end_epoch": 1760566007.30135,
    "elapsed_seconds": 123.894471,
    "model": "gpt-4-0125-preview",
    "input_cost_per_token": 1e-05,
    "output_cost_per_token": 3e-05,
    "total_input_tokens": 29062,
    "total_output_tokens": 4631,
    "total_tokens": 33693,
    "total_cost": 0.42955000000000004
}