{
    "commit": "0b5fbc3aa7f6059b797b5b593d11ac8ec8ae7c18",
    "start_epoch": 1760503930.739003,
    "end_epoch": 1760503970.405987,
    "elapsed_seconds": 39.666984,
    "model": "gpt-4-0125-preview",
    "input_cost_per_token": 1e-05,
    "output_cost_per_token": 3e-05,
    "total_input_tokens": 5666,
    "total_output_tokens": 1412,
    "total_tokens": 7078,
    "total_cost": 0.09902000000000001
}