{
    "commit": "6d180eb53ec119984e5d1683f246f76032cb5426",
    "start_epoch": 1760498103.18989,
    "end_epoch": 1760498176.701778,
    "elapsed_seconds": 73.511888,
    "model": "gpt-4-0125-preview",
    "input_cost_per_token": 1e-05,
    "output_cost_per_token": 3e-05,
    "total_input_tokens": 14096,
    "total_output_tokens": 2690,
    "total_tokens": 16786,
    "total_cost": 0.22166000000000002
}