{
    "commit": "b6f2a60e1831d849252697af1e00034848862306",
    "start_epoch": 1760497114.382325,
    "end_epoch": 1760497186.655698,
    "elapsed_seconds": 72.273373,
    "model": "gpt-4-0125-preview",
    "input_cost_per_token": 1e-05,
    "output_cost_per_token": 3e-05,
    "total_input_tokens": 8787,
    "total_output_tokens": 2673,
    "total_tokens": 11460,
    "total_cost": 0.16806
}