{
    "commit": "3972b65e47e841c892dca6ed1a66681523205e1a",
    "start_epoch": 1760718609.191914,
    "end_epoch": 1760718698.873272,
    "elapsed_seconds": 89.681358,
    "model": "gpt-4-0125-preview",
    "input_cost_per_token": 1e-05,
    "output_cost_per_token": 3e-05,
    "total_input_tokens": 21064,
    "total_output_tokens": 3123,
    "total_tokens": 24187,
    "total_cost": 0.30433
}