{
    "commit": "a2d318f99a9185c86cf0a1aa3a4f088b739b6a5f",
    "start_epoch": 1760543034.855407,
    "end_epoch": 1760543116.995661,
    "elapsed_seconds": 82.140254,
    "model": "gpt-4-0125-preview",
    "input_cost_per_token": 1e-05,
    "output_cost_per_token": 3e-05,
    "total_input_tokens": 10189,
    "total_output_tokens": 2841,
    "total_tokens": 13030,
    "total_cost": 0.18712
}