{
    "commit": "c8a0788a48ed0c6f5142120a3693f4fdc2d42290",
    "start_epoch": 1760779387.550337,
    "end_epoch": 1760779485.845841,
    "elapsed_seconds": 98.295504,
    "model": "gpt-4-0125-preview",
    "input_cost_per_token": 1e-05,
    "output_cost_per_token": 3e-05,
    "total_input_tokens": 19961,
    "total_output_tokens": 3691,
    "total_tokens": 23652,
    "total_cost": 0.31034000000000006
}