{
    "commit": "8c094f01c7bb315a93bf3fa03c6fc18e01efdd45",
    "start_epoch": 1760548685.421355,
    "end_epoch": 1760548793.706649,
    "elapsed_seconds": 108.285294,
    "model": "gpt-4-0125-preview",
    "input_cost_per_token": 1e-05,
    "output_cost_per_token": 3e-05,
    "total_input_tokens": 14517,
    "total_output_tokens": 3671,
    "total_tokens": 18188,
    "total_cost": 0.2553
}