{
    "commit": "a7df7bf175fb17de8b465971c2c59295b7f91f1b",
    "start_epoch": 1760721284.360712,
    "end_epoch": 1760721343.312787,
    "elapsed_seconds": 58.952075,
    "model": "gpt-4-0125-preview",
    "input_cost_per_token": 1e-05,
    "output_cost_per_token": 3e-05,
    "total_input_tokens": 18307,
    "total_output_tokens": 1990,
    "total_tokens": 20297,
    "total_cost": 0.24277000000000004
}