{
    "commit": "3539cb62d8992b8389d8acde5147222dd0153b82",
    "start_epoch": 1760772471.539876,
    "end_epoch": 1760772565.348956,
    "elapsed_seconds": 93.80908,
    "model": "gpt-4-0125-preview",
    "input_cost_per_token": 1e-05,
    "output_cost_per_token": 3e-05,
    "total_input_tokens": 10779,
    "total_output_tokens": 3843,
    "total_tokens": 14622,
    "total_cost": 0.22308
}