{
    "commit": "4ef7b7a28472b6cf44f74214be86670ff6139ef7",
    "start_epoch": 1760800298.017019,
    "end_epoch": 1760800421.283102,
    "elapsed_seconds": 123.266083,
    "model": "gpt-4-0125-preview",
    "input_cost_per_token": 1e-05,
    "output_cost_per_token": 3e-05,
    "total_input_tokens": 37808,
    "total_output_tokens": 4569,
    "total_tokens": 42377,
    "total_cost": 0.51515
}