{
    "commit": "4a9745be53197be0134fea90763c1db31fb187cf",
    "start_epoch": 1760729026.425906,
    "end_epoch": 1760729151.542907,
    "elapsed_seconds": 125.117001,
    "model": "gpt-4-0125-preview",
    "input_cost_per_token": 1e-05,
    "output_cost_per_token": 3e-05,
    "total_input_tokens": 18568,
    "total_output_tokens": 4480,
    "total_tokens": 23048,
    "total_cost": 0.32008000000000003
}