{
    "commit": "b003ae2628a6b6147b8dadead1ce38ea6d3442ab",
    "start_epoch": 1760698926.905458,
    "end_epoch": 1760698982.223553,
    "elapsed_seconds": 55.318095,
    "model": "gpt-4-0125-preview",
    "input_cost_per_token": 1e-05,
    "output_cost_per_token": 3e-05,
    "total_input_tokens": 10255,
    "total_output_tokens": 1854,
    "total_tokens": 12109,
    "total_cost": 0.15817
}