{
    "commit": "3e6c19e38e6b426346d59c2906cd80bd87f765bf",
    "start_epoch": 1760743185.894878,
    "end_epoch": 1760743234.959918,
    "elapsed_seconds": 49.06504,
    "model": "gpt-4-0125-preview",
    "input_cost_per_token": 1e-05,
    "output_cost_per_token": 3e-05,
    "total_input_tokens": 5404,
    "total_output_tokens": 1750,
    "total_tokens": 7154,
    "total_cost": 0.10654
}